ISO-10303-21;
HEADER;
/* Generated by software containing ST-Developer
 * from STEP Tools, Inc. (www.steptools.com) 
 */
/* OPTION: using custom renumber hook */

FILE_DESCRIPTION(
/* description */ (
'CAx-IF Rec.Pracs.---Representation and Presentation of Product Manufa
cturing Information (PMI)---4.0---2014-10-13',
'CAx-IF Rec.Pracs.---3D Tessellated Geometry---0.4---2014-09-14','2;1'),

/* implementation_level */ '2;1');

FILE_NAME(
/* name */ 'Hull Main Hatch',
/* time_stamp */ '2026-04-15T00:04:09-07:00',
/* author */ (''),
/* organization */ (''),
/* preprocessor_version */ 'ST-DEVELOPER v20',
/* originating_system */ 'SIEMENS PLM Software NX2406.1700',
/* authorisation */ $);

FILE_SCHEMA (('AP242_MANAGED_MODEL_BASED_3D_ENGINEERING_MIM_LF { 1 0 10303 442 3 1 4 }'));
ENDSEC;

DATA;
#10=DEFAULT_MODEL_GEOMETRIC_VIEW('Trimetric','',#60,#34,'','',#1327,*);
#11=MECHANICAL_DESIGN_AND_DRAUGHTING_RELATIONSHIP('','',#26,#27);
#12=MECHANICAL_DESIGN_AND_DRAUGHTING_RELATIONSHIP('','',#28,#27);
#13=MECHANICAL_DESIGN_AND_DRAUGHTING_RELATIONSHIP('','',#29,#27);
#14=MECHANICAL_DESIGN_AND_DRAUGHTING_RELATIONSHIP('','',#30,#27);
#15=MECHANICAL_DESIGN_AND_DRAUGHTING_RELATIONSHIP('','',#31,#27);
#16=MECHANICAL_DESIGN_AND_DRAUGHTING_RELATIONSHIP('','',#32,#27);
#17=MECHANICAL_DESIGN_AND_DRAUGHTING_RELATIONSHIP('','',#33,#27);
#18=MECHANICAL_DESIGN_AND_DRAUGHTING_RELATIONSHIP('','',#34,#27);
#19=MODEL_GEOMETRIC_VIEW('Top','',#53,#26);
#20=MODEL_GEOMETRIC_VIEW('Front','',#54,#28);
#21=MODEL_GEOMETRIC_VIEW('Right','',#55,#29);
#22=MODEL_GEOMETRIC_VIEW('Back','',#56,#30);
#23=MODEL_GEOMETRIC_VIEW('Bottom','',#57,#31);
#24=MODEL_GEOMETRIC_VIEW('Left','',#58,#32);
#25=MODEL_GEOMETRIC_VIEW('Isometric','',#59,#33);
#26=DRAUGHTING_MODEL('Top',(#53,#44),#1319);
#27=DRAUGHTING_MODEL('',(#45),#1319);
#28=DRAUGHTING_MODEL('Front',(#54,#46),#1319);
#29=DRAUGHTING_MODEL('Right',(#55,#47),#1319);
#30=DRAUGHTING_MODEL('Back',(#56,#48),#1319);
#31=DRAUGHTING_MODEL('Bottom',(#57,#49),#1319);
#32=DRAUGHTING_MODEL('Left',(#58,#50),#1319);
#33=DRAUGHTING_MODEL('Isometric',(#59,#51),#1319);
#34=DRAUGHTING_MODEL('Trimetric',(#60,#52),#1319);
#35=REPRESENTATION_MAP(#251,#78);
#36=REPRESENTATION_MAP(#251,#78);
#37=REPRESENTATION_MAP(#251,#78);
#38=REPRESENTATION_MAP(#251,#78);
#39=REPRESENTATION_MAP(#251,#78);
#40=REPRESENTATION_MAP(#251,#78);
#41=REPRESENTATION_MAP(#251,#78);
#42=REPRESENTATION_MAP(#251,#78);
#43=REPRESENTATION_MAP(#251,#78);
#44=MAPPED_ITEM('',#35,#251);
#45=MAPPED_ITEM('',#36,#251);
#46=MAPPED_ITEM('',#37,#251);
#47=MAPPED_ITEM('',#38,#251);
#48=MAPPED_ITEM('',#39,#251);
#49=MAPPED_ITEM('',#40,#251);
#50=MAPPED_ITEM('',#41,#251);
#51=MAPPED_ITEM('',#42,#251);
#52=MAPPED_ITEM('',#43,#251);
#53=CAMERA_MODEL_D3('Top',#260,#61);
#54=CAMERA_MODEL_D3('Front',#262,#62);
#55=CAMERA_MODEL_D3('Right',#264,#63);
#56=CAMERA_MODEL_D3('Back',#266,#64);
#57=CAMERA_MODEL_D3('Bottom',#268,#65);
#58=CAMERA_MODEL_D3('Left',#270,#66);
#59=CAMERA_MODEL_D3('Isometric',#272,#67);
#60=CAMERA_MODEL_D3('Trimetric',#274,#68);
#61=VIEW_VOLUME(.PARALLEL.,#1295,51.1621398925781,0.,.F.,0.,.F.,.F.,#69);
#62=VIEW_VOLUME(.PARALLEL.,#1298,19.5202617645264,0.,.F.,0.,.F.,.F.,#70);
#63=VIEW_VOLUME(.PARALLEL.,#1301,31.5637378692627,0.,.F.,0.,.F.,.F.,#71);
#64=VIEW_VOLUME(.PARALLEL.,#1304,19.5202617645264,0.,.F.,0.,.F.,.F.,#72);
#65=VIEW_VOLUME(.PARALLEL.,#1307,51.1621398925781,0.,.F.,0.,.F.,.F.,#73);
#66=VIEW_VOLUME(.PARALLEL.,#1310,31.5637378692627,0.,.F.,0.,.F.,.F.,#74);
#67=VIEW_VOLUME(.PARALLEL.,#1313,41.8604856581767,0.,.F.,0.,.F.,.F.,#75);
#68=VIEW_VOLUME(.PARALLEL.,#1316,36.8025424268763,0.,.F.,0.,.F.,.F.,#76);
#69=PLANAR_BOX('',25.5123082690616,25.5123082690616,#261);
#70=PLANAR_BOX('',9.73389574155823,9.73389574155823,#263);
#71=PLANAR_BOX('',15.7394474182519,15.7394474182519,#265);
#72=PLANAR_BOX('',9.73389574155823,9.73389574155823,#267);
#73=PLANAR_BOX('',25.5123082690616,25.5123082690616,#269);
#74=PLANAR_BOX('',15.7394474182519,15.7394474182519,#271);
#75=PLANAR_BOX('',20.8739825317385,20.8739825317385,#273);
#76=PLANAR_BOX('',18.3518087681843,18.3518087681843,#275);
#77=SHAPE_REPRESENTATION_RELATIONSHIP('','',#250,#78);
#78=ADVANCED_BREP_SHAPE_REPRESENTATION('',(#248),#1319);
#79=PLANE('',#253);
#80=PLANE('',#255);
#81=PLANE('',#257);
#82=PLANE('',#259);
#83=LINE('',#1095,#91);
#84=LINE('',#1097,#92);
#85=LINE('',#1112,#93);
#86=LINE('',#1123,#94);
#87=LINE('',#1139,#95);
#88=LINE('',#1149,#96);
#89=LINE('',#1168,#97);
#90=LINE('',#1181,#98);
#91=VECTOR('',#280,39.3700787401575);
#92=VECTOR('',#281,39.3700787401575);
#93=VECTOR('',#284,39.3700787401575);
#94=VECTOR('',#287,39.3700787401575);
#95=VECTOR('',#290,39.3700787401575);
#96=VECTOR('',#293,39.3700787401575);
#97=VECTOR('',#296,39.3700787401575);
#98=VECTOR('',#299,39.3700787401575);
#99=CYLINDRICAL_SURFACE('',#252,3.);
#100=CYLINDRICAL_SURFACE('',#254,3.);
#101=CYLINDRICAL_SURFACE('',#256,3.);
#102=CYLINDRICAL_SURFACE('',#258,3.);
#103=ORIENTED_EDGE('',*,*,#151,.F.);
#104=ORIENTED_EDGE('',*,*,#152,.F.);
#105=ORIENTED_EDGE('',*,*,#153,.F.);
#106=ORIENTED_EDGE('',*,*,#154,.F.);
#107=ORIENTED_EDGE('',*,*,#155,.F.);
#108=ORIENTED_EDGE('',*,*,#156,.F.);
#109=ORIENTED_EDGE('',*,*,#157,.F.);
#110=ORIENTED_EDGE('',*,*,#158,.F.);
#111=ORIENTED_EDGE('',*,*,#159,.T.);
#112=ORIENTED_EDGE('',*,*,#152,.T.);
#113=ORIENTED_EDGE('',*,*,#160,.F.);
#114=ORIENTED_EDGE('',*,*,#161,.F.);
#115=ORIENTED_EDGE('',*,*,#162,.T.);
#116=ORIENTED_EDGE('',*,*,#153,.T.);
#117=ORIENTED_EDGE('',*,*,#159,.F.);
#118=ORIENTED_EDGE('',*,*,#163,.F.);
#119=ORIENTED_EDGE('',*,*,#164,.T.);
#120=ORIENTED_EDGE('',*,*,#154,.T.);
#121=ORIENTED_EDGE('',*,*,#162,.F.);
#122=ORIENTED_EDGE('',*,*,#165,.F.);
#123=ORIENTED_EDGE('',*,*,#166,.T.);
#124=ORIENTED_EDGE('',*,*,#155,.T.);
#125=ORIENTED_EDGE('',*,*,#164,.F.);
#126=ORIENTED_EDGE('',*,*,#167,.F.);
#127=ORIENTED_EDGE('',*,*,#168,.T.);
#128=ORIENTED_EDGE('',*,*,#156,.T.);
#129=ORIENTED_EDGE('',*,*,#166,.F.);
#130=ORIENTED_EDGE('',*,*,#169,.F.);
#131=ORIENTED_EDGE('',*,*,#170,.T.);
#132=ORIENTED_EDGE('',*,*,#157,.T.);
#133=ORIENTED_EDGE('',*,*,#168,.F.);
#134=ORIENTED_EDGE('',*,*,#171,.F.);
#135=ORIENTED_EDGE('',*,*,#172,.T.);
#136=ORIENTED_EDGE('',*,*,#158,.T.);
#137=ORIENTED_EDGE('',*,*,#170,.F.);
#138=ORIENTED_EDGE('',*,*,#173,.F.);
#139=ORIENTED_EDGE('',*,*,#160,.T.);
#140=ORIENTED_EDGE('',*,*,#151,.T.);
#141=ORIENTED_EDGE('',*,*,#172,.F.);
#142=ORIENTED_EDGE('',*,*,#174,.F.);
#143=ORIENTED_EDGE('',*,*,#161,.T.);
#144=ORIENTED_EDGE('',*,*,#174,.T.);
#145=ORIENTED_EDGE('',*,*,#173,.T.);
#146=ORIENTED_EDGE('',*,*,#171,.T.);
#147=ORIENTED_EDGE('',*,*,#169,.T.);
#148=ORIENTED_EDGE('',*,*,#167,.T.);
#149=ORIENTED_EDGE('',*,*,#165,.T.);
#150=ORIENTED_EDGE('',*,*,#163,.T.);
#151=EDGE_CURVE('',#175,#176,#191,.T.);
#152=EDGE_CURVE('',#177,#175,#192,.T.);
#153=EDGE_CURVE('',#178,#177,#193,.T.);
#154=EDGE_CURVE('',#179,#178,#194,.T.);
#155=EDGE_CURVE('',#180,#179,#195,.T.);
#156=EDGE_CURVE('',#181,#180,#196,.T.);
#157=EDGE_CURVE('',#182,#181,#197,.T.);
#158=EDGE_CURVE('',#176,#182,#198,.T.);
#159=EDGE_CURVE('',#183,#177,#83,.F.);
#160=EDGE_CURVE('',#184,#175,#84,.F.);
#161=EDGE_CURVE('',#183,#184,#199,.T.);
#162=EDGE_CURVE('',#185,#178,#85,.F.);
#163=EDGE_CURVE('',#185,#183,#200,.T.);
#164=EDGE_CURVE('',#186,#179,#86,.F.);
#165=EDGE_CURVE('',#186,#185,#201,.T.);
#166=EDGE_CURVE('',#187,#180,#87,.F.);
#167=EDGE_CURVE('',#187,#186,#202,.T.);
#168=EDGE_CURVE('',#188,#181,#88,.F.);
#169=EDGE_CURVE('',#188,#187,#203,.T.);
#170=EDGE_CURVE('',#189,#182,#89,.F.);
#171=EDGE_CURVE('',#189,#188,#204,.T.);
#172=EDGE_CURVE('',#190,#176,#90,.F.);
#173=EDGE_CURVE('',#190,#189,#205,.T.);
#174=EDGE_CURVE('',#184,#190,#206,.T.);
#175=VERTEX_POINT('',#1007);
#176=VERTEX_POINT('',#1008);
#177=VERTEX_POINT('',#1021);
#178=VERTEX_POINT('',#1030);
#179=VERTEX_POINT('',#1044);
#180=VERTEX_POINT('',#1052);
#181=VERTEX_POINT('',#1068);
#182=VERTEX_POINT('',#1079);
#183=VERTEX_POINT('',#1096);
#184=VERTEX_POINT('',#1098);
#185=VERTEX_POINT('',#1113);
#186=VERTEX_POINT('',#1124);
#187=VERTEX_POINT('',#1140);
#188=VERTEX_POINT('',#1150);
#189=VERTEX_POINT('',#1169);
#190=VERTEX_POINT('',#1182);
#191=B_SPLINE_CURVE_WITH_KNOTS('',3,(#1000,#1001,#1002,#1003,#1004,#1005,
#1006),.UNSPECIFIED.,.F.,.F.,(4,1,1,1,4),(5.55128452713037E-17,0.154330753688135,
0.308661507376271,0.462992261064406,0.617323014752542),.UNSPECIFIED.);
#192=B_SPLINE_CURVE_WITH_KNOTS('',3,(#1009,#1010,#1011,#1012,#1013,#1014,
#1015,#1016,#1017,#1018,#1019,#1020),.UNSPECIFIED.,.F.,.F.,(4,1,1,1,1,1,
1,1,1,4),(0.,0.0155251269131809,0.0232876903697714,0.0310502538263618,0.0465753807395427,
0.0621005076527236,0.0776256345659045,0.0931507614790855,0.108675888392266,
0.124201015305447),.UNSPECIFIED.);
#193=B_SPLINE_CURVE_WITH_KNOTS('',3,(#1022,#1023,#1024,#1025,#1026,#1027,
#1028,#1029),.UNSPECIFIED.,.F.,.F.,(4,1,1,1,1,4),(1.11886302282795E-16,
0.0511150884437117,0.102230176887423,0.127787721109279,0.153345265331135,
0.204460353774846),.UNSPECIFIED.);
#194=B_SPLINE_CURVE_WITH_KNOTS('',3,(#1031,#1032,#1033,#1034,#1035,#1036,
#1037,#1038,#1039,#1040,#1041,#1042,#1043),.UNSPECIFIED.,.F.,.F.,(4,1,1,
1,1,1,1,1,1,1,4),(2.02416681891925E-13,0.0155205328486085,0.0310410656970146,
0.0465615985454207,0.0543218649696237,0.0620821313938268,0.0698423978180298,
0.0776026642422328,0.0931231970906389,0.108643729939045,0.124164262787451),
 .UNSPECIFIED.);
#195=B_SPLINE_CURVE_WITH_KNOTS('',3,(#1045,#1046,#1047,#1048,#1049,#1050,
#1051),.UNSPECIFIED.,.F.,.F.,(4,1,1,1,4),(5.5517927081296E-17,0.154330753688107,
0.308661507376214,0.46299226106432,0.617323014752427),.UNSPECIFIED.);
#196=B_SPLINE_CURVE_WITH_KNOTS('',3,(#1053,#1054,#1055,#1056,#1057,#1058,
#1059,#1060,#1061,#1062,#1063,#1064,#1065,#1066,#1067),.UNSPECIFIED.,.F.,
 .F.,(4,1,1,1,1,1,1,1,1,1,1,1,4),(2.8609792490764E-17,0.0155545341203059,
0.0233318011804588,0.0311090682406117,0.0466636023609175,0.0544408694210705,
0.0622181364812234,0.0777726706015292,0.0855499376616821,0.093327204721835,
0.101104471781988,0.108881738842141,0.124436272962447),.UNSPECIFIED.);
#197=B_SPLINE_CURVE_WITH_KNOTS('',3,(#1069,#1070,#1071,#1072,#1073,#1074,
#1075,#1076,#1077,#1078),.UNSPECIFIED.,.F.,.F.,(4,1,1,1,1,1,1,4),(5.7219584981528E-17,
0.0258951990589064,0.0517903981178127,0.077685597176719,0.103580796235625,
0.129475995294532,0.155371194353438,0.207161592471251),.UNSPECIFIED.);
#198=B_SPLINE_CURVE_WITH_KNOTS('',3,(#1080,#1081,#1082,#1083,#1084,#1085,
#1086,#1087,#1088,#1089,#1090,#1091,#1092,#1093),.UNSPECIFIED.,.F.,.F.,
(4,1,1,1,1,1,1,1,1,1,1,4),(1.70644181807984E-13,0.0155668011953657,0.0233502017929632,
0.0311336023905608,0.0389170029881583,0.0467004035857558,0.0544838041833534,
0.0622672047809509,0.077834005976146,0.093400807171341,0.108967608366536,
0.124534409561731),.UNSPECIFIED.);
#199=B_SPLINE_CURVE_WITH_KNOTS('',3,(#1099,#1100,#1101,#1102,#1103,#1104,
#1105,#1106,#1107,#1108,#1109,#1110),.UNSPECIFIED.,.F.,.F.,(4,1,1,1,1,1,
1,1,1,4),(2.16263978272632E-13,0.0155643364053285,0.0233465046078847,0.0311286728104408,
0.0466930092155531,0.0622573456206653,0.0778216820257776,0.0933860184308899,
0.108950354836002,0.124514691241114),.UNSPECIFIED.);
#200=B_SPLINE_CURVE_WITH_KNOTS('',3,(#1114,#1115,#1116,#1117,#1118,#1119,
#1120,#1121),.UNSPECIFIED.,.F.,.F.,(4,1,1,1,1,4),(1.11684402023942E-16,
0.0511601599571505,0.102320319914301,0.127900399892876,0.153480479871451,
0.204640639828602),.UNSPECIFIED.);
#201=B_SPLINE_CURVE_WITH_KNOTS('',3,(#1125,#1126,#1127,#1128,#1129,#1130,
#1131,#1132,#1133,#1134,#1135,#1136,#1137),.UNSPECIFIED.,.F.,.F.,(4,1,1,
1,1,1,1,1,1,1,4),(2.01359599845438E-13,0.0155591638093494,0.0311183276184975,
0.0466774914276456,0.0544570733322196,0.0622366552367937,0.0700162371413677,
0.0777958190459418,0.0933549828550898,0.108914146664238,0.124473310473386),
 .UNSPECIFIED.);
#202=B_SPLINE_CURVE_WITH_KNOTS('',3,(#1141,#1142,#1143,#1144,#1145,#1146,
#1147),.UNSPECIFIED.,.F.,.F.,(4,1,1,1,4),(5.55111512312578E-17,0.154395697759072,
0.308791395518143,0.463187093277215,0.617582791036286),.UNSPECIFIED.);
#203=B_SPLINE_CURVE_WITH_KNOTS('',3,(#1151,#1152,#1153,#1154,#1155,#1156,
#1157,#1158,#1159,#1160,#1161,#1162,#1163,#1164,#1165,#1166),
 .UNSPECIFIED.,.F.,.F.,(4,1,1,1,1,1,1,1,1,1,1,1,1,4),(9.30950307467727E-17,
0.0156340373020626,0.0234510559530938,0.031268074604125,0.0390850932551563,
0.0469021119061875,0.0547191305572187,0.0625361492082499,0.0781701865103124,
0.0859872051613436,0.0938042238123749,0.101621242463406,0.109438261114437,
0.1250722984165),.UNSPECIFIED.);
#204=B_SPLINE_CURVE_WITH_KNOTS('',3,(#1170,#1171,#1172,#1173,#1174,#1175,
#1176,#1177,#1178,#1179),.UNSPECIFIED.,.F.,.F.,(4,1,1,1,1,1,1,4),(1.14439169963056E-16,
0.0259433158952671,0.0518866317905341,0.0778299476858011,0.103773263581068,
0.155659895371602,0.181603211266869,0.207546527162136),.UNSPECIFIED.);
#205=B_SPLINE_CURVE_WITH_KNOTS('',3,(#1183,#1184,#1185,#1186,#1187,#1188,
#1189,#1190,#1191,#1192,#1193,#1194,#1195),.UNSPECIFIED.,.F.,.F.,(4,1,1,
1,1,1,1,1,1,1,4),(1.67095520112468E-13,0.0156465152136977,0.0234697728204631,
0.0312930304272284,0.046939545640759,0.0547628032475244,0.0625860608542897,
0.0782325760678203,0.093879091281351,0.109525606494882,0.125172121708412),
 .UNSPECIFIED.);
#206=B_SPLINE_CURVE_WITH_KNOTS('',3,(#1197,#1198,#1199,#1200,#1201,#1202,
#1203),.UNSPECIFIED.,.F.,.F.,(4,1,1,1,4),(1.11022302462516E-16,0.154395697759102,
0.308791395518203,0.463187093277305,0.617582791036407),.UNSPECIFIED.);
#207=EDGE_LOOP('',(#103,#104,#105,#106,#107,#108,#109,#110));
#208=EDGE_LOOP('',(#111,#112,#113,#114));
#209=EDGE_LOOP('',(#115,#116,#117,#118));
#210=EDGE_LOOP('',(#119,#120,#121,#122));
#211=EDGE_LOOP('',(#123,#124,#125,#126));
#212=EDGE_LOOP('',(#127,#128,#129,#130));
#213=EDGE_LOOP('',(#131,#132,#133,#134));
#214=EDGE_LOOP('',(#135,#136,#137,#138));
#215=EDGE_LOOP('',(#139,#140,#141,#142));
#216=EDGE_LOOP('',(#143,#144,#145,#146,#147,#148,#149,#150));
#217=FACE_BOUND('',#207,.T.);
#218=FACE_BOUND('',#208,.T.);
#219=FACE_BOUND('',#209,.T.);
#220=FACE_BOUND('',#210,.T.);
#221=FACE_BOUND('',#211,.T.);
#222=FACE_BOUND('',#212,.T.);
#223=FACE_BOUND('',#213,.T.);
#224=FACE_BOUND('',#214,.T.);
#225=FACE_BOUND('',#215,.T.);
#226=FACE_BOUND('',#216,.T.);
#227=B_SPLINE_SURFACE_WITH_KNOTS('',3,3,((#335,#336,#337,#338,#339,#340,
#341,#342,#343,#344,#345,#346,#347,#348,#349,#350,#351,#352,#353,#354,#355,
#356,#357,#358,#359,#360,#361,#362,#363,#364,#365,#366,#367,#368,#369),
(#370,#371,#372,#373,#374,#375,#376,#377,#378,#379,#380,#381,#382,#383,
#384,#385,#386,#387,#388,#389,#390,#391,#392,#393,#394,#395,#396,#397,#398,
#399,#400,#401,#402,#403,#404),(#405,#406,#407,#408,#409,#410,#411,#412,
#413,#414,#415,#416,#417,#418,#419,#420,#421,#422,#423,#424,#425,#426,#427,
#428,#429,#430,#431,#432,#433,#434,#435,#436,#437,#438,#439),(#440,#441,
#442,#443,#444,#445,#446,#447,#448,#449,#450,#451,#452,#453,#454,#455,#456,
#457,#458,#459,#460,#461,#462,#463,#464,#465,#466,#467,#468,#469,#470,#471,
#472,#473,#474),(#475,#476,#477,#478,#479,#480,#481,#482,#483,#484,#485,
#486,#487,#488,#489,#490,#491,#492,#493,#494,#495,#496,#497,#498,#499,#500,
#501,#502,#503,#504,#505,#506,#507,#508,#509),(#510,#511,#512,#513,#514,
#515,#516,#517,#518,#519,#520,#521,#522,#523,#524,#525,#526,#527,#528,#529,
#530,#531,#532,#533,#534,#535,#536,#537,#538,#539,#540,#541,#542,#543,#544),
(#545,#546,#547,#548,#549,#550,#551,#552,#553,#554,#555,#556,#557,#558,
#559,#560,#561,#562,#563,#564,#565,#566,#567,#568,#569,#570,#571,#572,#573,
#574,#575,#576,#577,#578,#579),(#580,#581,#582,#583,#584,#585,#586,#587,
#588,#589,#590,#591,#592,#593,#594,#595,#596,#597,#598,#599,#600,#601,#602,
#603,#604,#605,#606,#607,#608,#609,#610,#611,#612,#613,#614),(#615,#616,
#617,#618,#619,#620,#621,#622,#623,#624,#625,#626,#627,#628,#629,#630,#631,
#632,#633,#634,#635,#636,#637,#638,#639,#640,#641,#642,#643,#644,#645,#646,
#647,#648,#649),(#650,#651,#652,#653,#654,#655,#656,#657,#658,#659,#660,
#661,#662,#663,#664,#665,#666,#667,#668,#669,#670,#671,#672,#673,#674,#675,
#676,#677,#678,#679,#680,#681,#682,#683,#684),(#685,#686,#687,#688,#689,
#690,#691,#692,#693,#694,#695,#696,#697,#698,#699,#700,#701,#702,#703,#704,
#705,#706,#707,#708,#709,#710,#711,#712,#713,#714,#715,#716,#717,#718,#719),
(#720,#721,#722,#723,#724,#725,#726,#727,#728,#729,#730,#731,#732,#733,
#734,#735,#736,#737,#738,#739,#740,#741,#742,#743,#744,#745,#746,#747,#748,
#749,#750,#751,#752,#753,#754),(#755,#756,#757,#758,#759,#760,#761,#762,
#763,#764,#765,#766,#767,#768,#769,#770,#771,#772,#773,#774,#775,#776,#777,
#778,#779,#780,#781,#782,#783,#784,#785,#786,#787,#788,#789),(#790,#791,
#792,#793,#794,#795,#796,#797,#798,#799,#800,#801,#802,#803,#804,#805,#806,
#807,#808,#809,#810,#811,#812,#813,#814,#815,#816,#817,#818,#819,#820,#821,
#822,#823,#824),(#825,#826,#827,#828,#829,#830,#831,#832,#833,#834,#835,
#836,#837,#838,#839,#840,#841,#842,#843,#844,#845,#846,#847,#848,#849,#850,
#851,#852,#853,#854,#855,#856,#857,#858,#859),(#860,#861,#862,#863,#864,
#865,#866,#867,#868,#869,#870,#871,#872,#873,#874,#875,#876,#877,#878,#879,
#880,#881,#882,#883,#884,#885,#886,#887,#888,#889,#890,#891,#892,#893,#894),
(#895,#896,#897,#898,#899,#900,#901,#902,#903,#904,#905,#906,#907,#908,
#909,#910,#911,#912,#913,#914,#915,#916,#917,#918,#919,#920,#921,#922,#923,
#924,#925,#926,#927,#928,#929),(#930,#931,#932,#933,#934,#935,#936,#937,
#938,#939,#940,#941,#942,#943,#944,#945,#946,#947,#948,#949,#950,#951,#952,
#953,#954,#955,#956,#957,#958,#959,#960,#961,#962,#963,#964),(#965,#966,
#967,#968,#969,#970,#971,#972,#973,#974,#975,#976,#977,#978,#979,#980,#981,
#982,#983,#984,#985,#986,#987,#988,#989,#990,#991,#992,#993,#994,#995,#996,
#997,#998,#999)),.UNSPECIFIED.,.F.,.T.,.F.,(4,1,1,1,1,1,1,1,1,1,1,1,1,1,
1,1,4),(1,1,1,1,1,1,1,1,1,1,1,1,1,1,1,1,1,1,1,1,1,1,1,1,1,1,1,1,1,1,1,1,
1,1,1,1,1,1,1),(0.,0.1875,0.25,0.302083333333333,0.34375,0.375,0.40625,
0.4375,0.46875,0.5,0.53125,0.5625,0.59375,0.635416666666667,0.6875,0.75,
1.),(-0.589048622548086,-0.392699081698725,-0.196349540849362,0.,0.196349540849362,
0.392699081698724,0.589048622548086,0.785398163397448,0.98174770424681,
1.17809724509617,1.37444678594553,1.5707963267949,1.76714586764426,1.96349540849362,
2.15984494934298,2.35619449019234,2.55254403104171,2.74889357189107,2.94524311274043,
3.14159265358979,3.33794219443916,3.53429173528852,3.73064127613788,3.92699081698724,
4.1233403578366,4.31968989868597,4.51603943953533,4.71238898038469,4.90873852123405,
5.10508806208341,5.30143760293278,5.49778714378214,5.6941366846315,5.89048622548086,
6.08683576633022,6.28318530717959,6.47953484802895,6.67588438887831,6.87223392972767),
 .UNSPECIFIED.);
#228=B_SPLINE_SURFACE_WITH_KNOTS('',3,3,((#1204,#1205,#1206,#1207,#1208,
#1209,#1210,#1211,#1212),(#1213,#1214,#1215,#1216,#1217,#1218,#1219,#1220,
#1221),(#1222,#1223,#1224,#1225,#1226,#1227,#1228,#1229,#1230),(#1231,#1232,
#1233,#1234,#1235,#1236,#1237,#1238,#1239),(#1240,#1241,#1242,#1243,#1244,
#1245,#1246,#1247,#1248),(#1249,#1250,#1251,#1252,#1253,#1254,#1255,#1256,
#1257),(#1258,#1259,#1260,#1261,#1262,#1263,#1264,#1265,#1266),(#1267,#1268,
#1269,#1270,#1271,#1272,#1273,#1274,#1275),(#1276,#1277,#1278,#1279,#1280,
#1281,#1282,#1283,#1284),(#1285,#1286,#1287,#1288,#1289,#1290,#1291,#1292,
#1293)),.UNSPECIFIED.,.F.,.F.,.F.,(4,1,1,1,1,1,1,4),(4,1,1,1,1,1,4),(0.442037621605859,
0.480140579575316,0.507356978124928,0.540016656384463,0.583562894063843,
0.637995691163068,0.725088166521827,0.964592473758416),(3.99622762746621,
4.35485774078188,4.53417279743971,4.71348785409754,4.89280291075538,5.07211796741321,
5.43074808072888),.UNSPECIFIED.);
#229=ADVANCED_FACE('',(#217),#227,.F.);
#230=ADVANCED_FACE('',(#218),#99,.T.);
#231=ADVANCED_FACE('',(#219),#79,.T.);
#232=ADVANCED_FACE('',(#220),#100,.T.);
#233=ADVANCED_FACE('',(#221),#80,.T.);
#234=ADVANCED_FACE('',(#222),#101,.T.);
#235=ADVANCED_FACE('',(#223),#81,.T.);
#236=ADVANCED_FACE('',(#224),#102,.T.);
#237=ADVANCED_FACE('',(#225),#82,.T.);
#238=ADVANCED_FACE('',(#226),#228,.T.);
#239=CLOSED_SHELL('',(#229,#230,#231,#232,#233,#234,#235,#236,#237,#238));
#240=STYLED_ITEM('',(#241),#248);
#241=PRESENTATION_STYLE_ASSIGNMENT((#242));
#242=SURFACE_STYLE_USAGE(.BOTH.,#243);
#243=SURFACE_SIDE_STYLE('',(#244));
#244=SURFACE_STYLE_FILL_AREA(#245);
#245=FILL_AREA_STYLE('',(#246));
#246=FILL_AREA_STYLE_COLOUR('',#247);
#247=COLOUR_RGB('',0.596078431372549,0.788235294117647,0.92156862745098);
#248=MANIFOLD_SOLID_BREP('Part 1',#239);
#249=SHAPE_DEFINITION_REPRESENTATION(#1327,#250);
#250=SHAPE_REPRESENTATION('Hull Main Hatch',(#251),#1319);
#251=AXIS2_PLACEMENT_3D('',#334,#276,#277);
#252=AXIS2_PLACEMENT_3D('',#1094,#278,#279);
#253=AXIS2_PLACEMENT_3D('',#1111,#282,#283);
#254=AXIS2_PLACEMENT_3D('',#1122,#285,#286);
#255=AXIS2_PLACEMENT_3D('',#1138,#288,#289);
#256=AXIS2_PLACEMENT_3D('',#1148,#291,#292);
#257=AXIS2_PLACEMENT_3D('',#1167,#294,#295);
#258=AXIS2_PLACEMENT_3D('',#1180,#297,#298);
#259=AXIS2_PLACEMENT_3D('',#1196,#300,#301);
#260=AXIS2_PLACEMENT_3D('',#1294,#302,#303);
#261=AXIS2_PLACEMENT_3D('',#1296,#304,#305);
#262=AXIS2_PLACEMENT_3D('',#1297,#306,#307);
#263=AXIS2_PLACEMENT_3D('',#1299,#308,#309);
#264=AXIS2_PLACEMENT_3D('',#1300,#310,#311);
#265=AXIS2_PLACEMENT_3D('',#1302,#312,#313);
#266=AXIS2_PLACEMENT_3D('',#1303,#314,#315);
#267=AXIS2_PLACEMENT_3D('',#1305,#316,#317);
#268=AXIS2_PLACEMENT_3D('',#1306,#318,#319);
#269=AXIS2_PLACEMENT_3D('',#1308,#320,#321);
#270=AXIS2_PLACEMENT_3D('',#1309,#322,#323);
#271=AXIS2_PLACEMENT_3D('',#1311,#324,#325);
#272=AXIS2_PLACEMENT_3D('',#1312,#326,#327);
#273=AXIS2_PLACEMENT_3D('',#1314,#328,#329);
#274=AXIS2_PLACEMENT_3D('',#1315,#330,#331);
#275=AXIS2_PLACEMENT_3D('',#1317,#332,#333);
#276=DIRECTION('',(0.,0.,1.));
#277=DIRECTION('',(1.,0.,0.));
#278=DIRECTION('',(0.00162000059817767,0.163898136676153,-0.986475938070537));
#279=DIRECTION('',(-0.999951154956451,0.00988370888178569,-3.73312492030209E-15));
#280=DIRECTION('',(0.00162000059817767,0.163898136676153,-0.986475938070537));
#281=DIRECTION('',(0.00162000059817767,0.163898136676153,-0.986475938070537));
#282=DIRECTION('',(-0.00975004099077617,-0.986427753610382,-0.16390614267883));
#283=DIRECTION('',(0.999951154956451,-0.00988370888178683,3.54702189932043E-15));
#284=DIRECTION('',(0.00162000059817767,0.163898136676153,-0.986475938070537));
#285=DIRECTION('',(0.00162000059817767,0.163898136676153,-0.986475938070537));
#286=DIRECTION('',(-0.999951154956451,0.00988370888178569,-3.73312492030209E-15));
#287=DIRECTION('',(0.00162000059817767,0.163898136676153,-0.986475938070537));
#288=DIRECTION('',(0.999951154956451,-0.00988370888178569,3.73312492030209E-15));
#289=DIRECTION('',(0.00162000059817767,0.163898136676153,-0.986475938070537));
#290=DIRECTION('',(0.00162000059817767,0.163898136676153,-0.986475938070537));
#291=DIRECTION('',(0.00162000059817767,0.163898136676153,-0.986475938070537));
#292=DIRECTION('',(-0.999951154956451,0.00988370888178569,-3.73312492030209E-15));
#293=DIRECTION('',(0.00162000059817767,0.163898136676153,-0.986475938070537));
#294=DIRECTION('',(0.00975004099077723,0.986427753610382,0.16390614267883));
#295=DIRECTION('',(-0.999951154956451,0.00988370888178788,-3.37491158668554E-15));
#296=DIRECTION('',(0.00162000059817767,0.163898136676153,-0.986475938070537));
#297=DIRECTION('',(0.00162000059817767,0.163898136676153,-0.986475938070537));
#298=DIRECTION('',(-0.999951154956451,0.00988370888178569,-3.73312492030209E-15));
#299=DIRECTION('',(0.00162000059817767,0.163898136676153,-0.986475938070537));
#300=DIRECTION('',(-0.999951154956451,0.00988370888178569,-3.73312492030209E-15));
#301=DIRECTION('',(-0.00162000059817767,-0.163898136676153,0.986475938070537));
#302=DIRECTION('',(0.,0.,-1.));
#303=DIRECTION('',(-1.,0.,0.));
#304=DIRECTION('',(0.,0.,1.));
#305=DIRECTION('',(1.,0.,0.));
#306=DIRECTION('',(0.,1.,0.));
#307=DIRECTION('',(-1.,0.,0.));
#308=DIRECTION('',(0.,0.,1.));
#309=DIRECTION('',(1.,0.,0.));
#310=DIRECTION('',(-1.,0.,0.));
#311=DIRECTION('',(0.,-1.,0.));
#312=DIRECTION('',(0.,0.,1.));
#313=DIRECTION('',(1.,0.,0.));
#314=DIRECTION('',(0.,-1.,0.));
#315=DIRECTION('',(1.,0.,0.));
#316=DIRECTION('',(0.,0.,1.));
#317=DIRECTION('',(1.,0.,0.));
#318=DIRECTION('',(0.,0.,1.));
#319=DIRECTION('',(-1.,0.,0.));
#320=DIRECTION('',(0.,0.,1.));
#321=DIRECTION('',(1.,0.,0.));
#322=DIRECTION('',(1.,0.,0.));
#323=DIRECTION('',(0.,1.,0.));
#324=DIRECTION('',(0.,0.,1.));
#325=DIRECTION('',(1.,0.,0.));
#326=DIRECTION('',(-0.577350269189626,0.577350269189626,-0.577350269189626));
#327=DIRECTION('',(-0.707106784138461,-0.707106778234634,5.90382673304468E-9));
#328=DIRECTION('',(0.,0.,1.));
#329=DIRECTION('',(1.,0.,0.));
#330=DIRECTION('',(-0.718873086818576,0.585048618558824,-0.375419230954334));
#331=DIRECTION('',(-0.631219062198957,-0.775604599984212,-1.08330668047163E-8));
#332=DIRECTION('',(0.,0.,1.));
#333=DIRECTION('',(1.,0.,0.));
#334=CARTESIAN_POINT('',(0.,0.,0.));
#335=CARTESIAN_POINT('',(0.422258225811614,36.5206110454472,-4.61505467087678));
#336=CARTESIAN_POINT('',(0.422258225811614,36.5206110454472,-4.61505467087678));
#337=CARTESIAN_POINT('',(0.422258225811614,36.5206110454472,-4.61505467087678));
#338=CARTESIAN_POINT('',(0.422258225811614,36.5206110454472,-4.61505467087678));
#339=CARTESIAN_POINT('',(0.422258225811614,36.5206110454472,-4.61505467087678));
#340=CARTESIAN_POINT('',(0.422258225811614,36.5206110454472,-4.61505467087678));
#341=CARTESIAN_POINT('',(0.422258225811614,36.5206110454472,-4.61505467087678));
#342=CARTESIAN_POINT('',(0.422258225811614,36.5206110454472,-4.61505467087678));
#343=CARTESIAN_POINT('',(0.422258225811614,36.5206110454472,-4.61505467087678));
#344=CARTESIAN_POINT('',(0.422258225811614,36.5206110454472,-4.61505467087678));
#345=CARTESIAN_POINT('',(0.422258225811614,36.5206110454472,-4.61505467087678));
#346=CARTESIAN_POINT('',(0.422258225811614,36.5206110454472,-4.61505467087678));
#347=CARTESIAN_POINT('',(0.422258225811614,36.5206110454472,-4.61505467087678));
#348=CARTESIAN_POINT('',(0.422258225811614,36.5206110454472,-4.61505467087678));
#349=CARTESIAN_POINT('',(0.422258225811614,36.5206110454472,-4.61505467087678));
#350=CARTESIAN_POINT('',(0.422258225811614,36.5206110454472,-4.61505467087678));
#351=CARTESIAN_POINT('',(0.422258225811614,36.5206110454472,-4.61505467087678));
#352=CARTESIAN_POINT('',(0.422258225811614,36.5206110454472,-4.61505467087678));
#353=CARTESIAN_POINT('',(0.422258225811614,36.5206110454472,-4.61505467087678));
#354=CARTESIAN_POINT('',(0.422258225811614,36.5206110454472,-4.61505467087678));
#355=CARTESIAN_POINT('',(0.422258225811614,36.5206110454472,-4.61505467087678));
#356=CARTESIAN_POINT('',(0.422258225811614,36.5206110454472,-4.61505467087678));
#357=CARTESIAN_POINT('',(0.422258225811614,36.5206110454472,-4.61505467087678));
#358=CARTESIAN_POINT('',(0.422258225811614,36.5206110454472,-4.61505467087678));
#359=CARTESIAN_POINT('',(0.422258225811614,36.5206110454472,-4.61505467087678));
#360=CARTESIAN_POINT('',(0.422258225811614,36.5206110454472,-4.61505467087678));
#361=CARTESIAN_POINT('',(0.422258225811614,36.5206110454472,-4.61505467087678));
#362=CARTESIAN_POINT('',(0.422258225811614,36.5206110454472,-4.61505467087678));
#363=CARTESIAN_POINT('',(0.422258225811614,36.5206110454472,-4.61505467087678));
#364=CARTESIAN_POINT('',(0.422258225811614,36.5206110454472,-4.61505467087678));
#365=CARTESIAN_POINT('',(0.422258225811614,36.5206110454472,-4.61505467087678));
#366=CARTESIAN_POINT('',(0.422258225811614,36.5206110454472,-4.61505467087678));
#367=CARTESIAN_POINT('',(0.422258225811614,36.5206110454472,-4.61505467087678));
#368=CARTESIAN_POINT('',(0.422258225811614,36.5206110454472,-4.61505467087678));
#369=CARTESIAN_POINT('',(0.422258225811614,36.5206110454472,-4.61505467087678));
#370=CARTESIAN_POINT('',(-1.91944879046976,36.4674274934897,-4.15568520548103));
#371=CARTESIAN_POINT('',(-1.96455638280097,36.544202784505,-4.61505466988453));
#372=CARTESIAN_POINT('',(-1.91794002826199,36.6200714584483,-5.07442413428805));
#373=CARTESIAN_POINT('',(-1.78139116721499,36.6921179247274,-5.5161402877919));
#374=CARTESIAN_POINT('',(-1.56015729581252,36.7575734780474,-5.9232282263342));
#375=CARTESIAN_POINT('',(-1.26274030766321,36.8139226982022,-6.28004378873432));
#376=CARTESIAN_POINT('',(-0.900569770828256,36.8590001162622,-6.57287475303371));
#377=CARTESIAN_POINT('',(-0.487563695930646,36.891073432331,-6.79046778949582));
#378=CARTESIAN_POINT('',(-0.039593674812235,36.908910086859,-6.924460919757));
#379=CARTESIAN_POINT('',(0.426125055839899,36.9118246272157,-6.96970486296553));
#380=CARTESIAN_POINT('',(0.891695186384857,36.8997050492496,-6.924460919757));
#381=CARTESIAN_POINT('',(1.33922511780053,36.8730171015453,-6.79046778949582));
#382=CARTESIAN_POINT('',(1.75151652580029,36.8327863869662,-6.5728747530337));
#383=CARTESIAN_POINT('',(2.1127252827904,36.7805589493119,-6.28004378873431));
#384=CARTESIAN_POINT('',(2.40897033880793,36.7183418597221,-5.92322822633419));
#385=CARTESIAN_POINT('',(2.62886716248628,36.6485260860579,-5.51614028779188));
#386=CARTESIAN_POINT('',(2.76396524221103,36.5737946093481,-5.07442413428803));
#387=CARTESIAN_POINT('',(2.80907283454224,36.4970193183327,-4.61505466988452));
#388=CARTESIAN_POINT('',(2.76245648000326,36.4211506443895,-4.15568520548101));
#389=CARTESIAN_POINT('',(2.62590761895626,36.3491041781104,-3.71396905197716));
#390=CARTESIAN_POINT('',(2.40467374755379,36.2836486247903,-3.30688111343485));
#391=CARTESIAN_POINT('',(2.10725675940449,36.2272994046355,-2.95006555103473));
#392=CARTESIAN_POINT('',(1.74508622256951,36.1822219865756,-2.65723458673535));
#393=CARTESIAN_POINT('',(1.33208014767192,36.1501486705068,-2.43964155027323));
#394=CARTESIAN_POINT('',(0.884110126553487,36.1323120159787,-2.30564842001205));
#395=CARTESIAN_POINT('',(0.418391395901371,36.129397475622,-2.26040447680352));
#396=CARTESIAN_POINT('',(-0.0471787346435869,36.1415170535881,-2.30564842001206));
#397=CARTESIAN_POINT('',(-0.49470866605926,36.1682050012925,-2.43964155027324));
#398=CARTESIAN_POINT('',(-0.907000074059026,36.2084357158716,-2.65723458673535));
#399=CARTESIAN_POINT('',(-1.26820883104913,36.2606631535258,-2.95006555103474));
#400=CARTESIAN_POINT('',(-1.56445388706667,36.3228802431157,-3.30688111343487));
#401=CARTESIAN_POINT('',(-1.78435071074501,36.3926960167799,-3.71396905197718));
#402=CARTESIAN_POINT('',(-1.91944879046976,36.4674274934897,-4.15568520548103));
#403=CARTESIAN_POINT('',(-1.96455638280097,36.544202784505,-4.61505466988453));
#404=CARTESIAN_POINT('',(-1.91794002826199,36.6200714584483,-5.07442413428805));
#405=CARTESIAN_POINT('',(-4.43588734283135,33.9577946553053,-4.07439421651176));
#406=CARTESIAN_POINT('',(-4.52900128024586,34.1162790538982,-5.02265364132278));
#407=CARTESIAN_POINT('',(-4.43277286071145,34.2728919563426,-5.9709130661338));
#408=CARTESIAN_POINT('',(-4.15090008842528,34.4216148166273,-6.88273141303935));
#409=CARTESIAN_POINT('',(-3.69421517595026,34.5567322986361,-7.72306801432146));
#410=CARTESIAN_POINT('',(-3.08026826836095,34.6730519133103,-8.45962920565906));
#411=CARTESIAN_POINT('',(-2.33265300101061,34.7661035630908,-9.06410935353732));
#412=CARTESIAN_POINT('',(-1.48009980935604,34.8323113252604,-9.51327862486964));
#413=CARTESIAN_POINT('',(-0.555371834435199,34.8691308726486,-9.78987569645576));
#414=CARTESIAN_POINT('',(0.405994146269132,34.8751472506981,-9.88327109795206));
#415=CARTESIAN_POINT('',(1.36705337725875,34.8501292533743,-9.78987569645575));
#416=CARTESIAN_POINT('',(2.29087289125493,34.7950383082842,-9.51327862486962));
#417=CARTESIAN_POINT('',(3.14195082241878,34.7119915295523,-9.0641093535373));
#418=CARTESIAN_POINT('',(3.88758072314566,34.604180358312,-8.45962920565903));
#419=CARTESIAN_POINT('',(4.49910845450468,34.4757479174128,-7.72306801432143));
#420=CARTESIAN_POINT('',(4.95303334872846,34.3316297935329,-6.88273141303931));
#421=CARTESIAN_POINT('',(5.23191132669597,34.1773643653505,-5.97091306613376));
#422=CARTESIAN_POINT('',(5.32502526411048,34.0188799667577,-5.02265364132275));
#423=CARTESIAN_POINT('',(5.22879684457606,33.8622670643133,-4.07439421651172));
#424=CARTESIAN_POINT('',(4.94692407228989,33.7135442040286,-3.16257586960618));
#425=CARTESIAN_POINT('',(4.49023915981487,33.5784267220197,-2.32223926832406));
#426=CARTESIAN_POINT('',(3.87629225222555,33.4621071073455,-1.58567807698647));
#427=CARTESIAN_POINT('',(3.1286769848752,33.3690554575651,-0.981197929108207));
#428=CARTESIAN_POINT('',(2.27612379322065,33.3028476953955,-0.532028657775887));
#429=CARTESIAN_POINT('',(1.35139581829979,33.2660281480073,-0.255431586189746));
#430=CARTESIAN_POINT('',(0.390029837595477,33.2600117699578,-0.162036184693467));
#431=CARTESIAN_POINT('',(-0.571029393394156,33.2850297672816,-0.255431586189772));
#432=CARTESIAN_POINT('',(-1.49484890739034,33.3401207123717,-0.5320286577759));
#433=CARTESIAN_POINT('',(-2.34592683855419,33.4231674911036,-0.98119792910824));
#434=CARTESIAN_POINT('',(-3.09155673928106,33.5309786623439,-1.5856780769865));
#435=CARTESIAN_POINT('',(-3.70308447064009,33.6594111032431,-2.3222392683241));
#436=CARTESIAN_POINT('',(-4.15700936486387,33.803529227123,-3.16257586960622));
#437=CARTESIAN_POINT('',(-4.43588734283135,33.9577946553053,-4.07439421651176));
#438=CARTESIAN_POINT('',(-4.52900128024586,34.1162790538982,-5.02265364132278));
#439=CARTESIAN_POINT('',(-4.43277286071145,34.2728919563426,-5.9709130661338));
#440=CARTESIAN_POINT('',(-6.76947835790415,28.7972168271434,-4.47539510031574));
#441=CARTESIAN_POINT('',(-6.90657086973299,29.0305548739715,-5.87152622764646));
#442=CARTESIAN_POINT('',(-6.76489287705434,29.2611374996996,-7.26765735497719));
#443=CARTESIAN_POINT('',(-6.34988898567287,29.4801035433331,-8.61013594604395));
#444=CARTESIAN_POINT('',(-5.67750756239754,29.6790382626128,-9.84737130146272));
#445=CARTESIAN_POINT('',(-4.77358784824895,29.8502967078407,-10.9318171603743));
#446=CARTESIAN_POINT('',(-3.67286697091783,29.9872975130094,-11.8217988765851));
#447=CARTESIAN_POINT('',(-2.41764501642863,30.0847758140073,-12.4831149518484));
#448=CARTESIAN_POINT('',(-1.05615946055579,30.1389855743935,-12.8903513802624));
#449=CARTESIAN_POINT('',(0.359268570318398,30.1478435434776,-13.0278582942638));
#450=CARTESIAN_POINT('',(1.77424497074863,30.1110093144751,-12.8903513802624));
#451=CARTESIAN_POINT('',(3.13439299119426,30.02989840615,-12.4831149518484));
#452=CARTESIAN_POINT('',(4.38744290600937,29.9076278652214,-11.821798876585));
#453=CARTESIAN_POINT('',(5.48524070968611,29.7488964800073,-10.9318171603743));
#454=CARTESIAN_POINT('',(6.38559864828127,29.5598042086238,-9.84737130146268));
#455=CARTESIAN_POINT('',(7.05391647114121,29.347617761016,-8.61013594604391));
#456=CARTESIAN_POINT('',(7.46451109913036,29.12049134337,-7.26765735497713));
#457=CARTESIAN_POINT('',(7.60160361095921,28.8871532965419,-5.87152622764641));
#458=CARTESIAN_POINT('',(7.45992561828054,28.6565706708138,-4.47539510031568));
#459=CARTESIAN_POINT('',(7.04492172689909,28.4376046271803,-3.13291650924892));
#460=CARTESIAN_POINT('',(6.37254030362374,28.2386699079006,-1.89568115383013));
#461=CARTESIAN_POINT('',(5.46862058947517,28.0674114626728,-0.811235294918527));
#462=CARTESIAN_POINT('',(4.36789971214403,27.930410657504,0.0787464212922142));
#463=CARTESIAN_POINT('',(3.11267775765485,27.8329323565061,0.740062496555561));
#464=CARTESIAN_POINT('',(1.75119220178197,27.7787225961199,1.14729892496953));
#465=CARTESIAN_POINT('',(0.335764170907812,27.7698646270359,1.28480583897095));
#466=CARTESIAN_POINT('',(-1.07921222952242,27.8066988560383,1.14729892496952));
#467=CARTESIAN_POINT('',(-2.43936024996805,27.8878097643634,0.74006249655555));
#468=CARTESIAN_POINT('',(-3.69241016478317,28.010080305292,0.0787464212921727));
#469=CARTESIAN_POINT('',(-4.79020796845992,28.1688116905061,-0.811235294918566));
#470=CARTESIAN_POINT('',(-5.69056590705507,28.3579039618896,-1.89568115383019));
#471=CARTESIAN_POINT('',(-6.35888372991501,28.5700904094974,-3.13291650924897));
#472=CARTESIAN_POINT('',(-6.76947835790415,28.7972168271434,-4.47539510031574));
#473=CARTESIAN_POINT('',(-6.90657086973299,29.0305548739715,-5.87152622764646));
#474=CARTESIAN_POINT('',(-6.76489287705434,29.2611374996996,-7.26765735497719));
#475=CARTESIAN_POINT('',(-7.83013002029856,25.7657619296559,-4.77298112550009));
#476=CARTESIAN_POINT('',(-7.98708082396646,26.0328997440223,-6.37134634280604));
#477=CARTESIAN_POINT('',(-7.8248803177803,26.2968830056687,-7.96971156011201));
#478=CARTESIAN_POINT('',(-7.34976177622971,26.5475669858935,-9.50665249849045));
#479=CARTESIAN_POINT('',(-6.57998373841695,26.7753180399217,-10.9231053796059));
#480=CARTESIAN_POINT('',(-5.54512834263864,26.9713838224714,-12.164636713593));
#481=CARTESIAN_POINT('',(-4.28496450140098,27.1282296354741,-13.1835351475454));
#482=CARTESIAN_POINT('',(-2.84791960441468,27.2398279822964,-13.9406449860512));
#483=CARTESIAN_POINT('',(-1.28921848116687,27.3018902010548,-14.4068709226086));
#484=CARTESIAN_POINT('',(0.331238858305687,27.3120312754873,-14.5642961559384));
#485=CARTESIAN_POINT('',(1.95117914721003,27.2698614897909,-14.4068709226086));
#486=CARTESIAN_POINT('',(3.50834898871651,27.1770014051805,-13.9406449860511));
#487=CARTESIAN_POINT('',(4.94290721908696,27.0370195826314,-13.1835351475454));
#488=CARTESIAN_POINT('',(6.19972457003777,26.8552954450813,-12.1646367135929));
#489=CARTESIAN_POINT('',(7.2305022556032,26.6388125492242,-10.9231053796058));
#490=CARTESIAN_POINT('',(7.99562806739374,26.3958902113429,-9.50665249849039));
#491=CARTESIAN_POINT('',(8.46569864954979,26.1358638006498,-7.96971156011193));
#492=CARTESIAN_POINT('',(8.62264945321769,25.8687259862833,-6.37134634280599));
#493=CARTESIAN_POINT('',(8.46044894703154,25.6047427246369,-4.77298112550001));
#494=CARTESIAN_POINT('',(7.98533040548094,25.3540587444122,-3.23604018712159));
#495=CARTESIAN_POINT('',(7.21555236766817,25.126307690384,-1.81958730600613));
#496=CARTESIAN_POINT('',(6.18069697188988,24.9302419078343,-0.578055972019063));
#497=CARTESIAN_POINT('',(4.92053313065219,24.7733960948315,0.440842461933369));
#498=CARTESIAN_POINT('',(3.48348823366592,24.6617977480093,1.19795230043913));
#499=CARTESIAN_POINT('',(1.92478711041808,24.5997355292509,1.66417823699661));
#500=CARTESIAN_POINT('',(0.304329770945546,24.5895944548183,1.82160347032632));
#501=CARTESIAN_POINT('',(-1.3156105179588,24.6317642405148,1.66417823699657));
#502=CARTESIAN_POINT('',(-2.87278035946527,24.7246243251251,1.19795230043912));
#503=CARTESIAN_POINT('',(-4.30733858983575,24.8646061476743,0.440842461933317));
#504=CARTESIAN_POINT('',(-5.56415594078655,25.0463302852244,-0.578055972019106));
#505=CARTESIAN_POINT('',(-6.59493362635197,25.2628131810815,-1.8195873060062));
#506=CARTESIAN_POINT('',(-7.36005943814252,25.5057355189627,-3.23604018712165));
#507=CARTESIAN_POINT('',(-7.83013002029856,25.7657619296559,-4.77298112550009));
#508=CARTESIAN_POINT('',(-7.98708082396646,26.0328997440223,-6.37134634280604));
#509=CARTESIAN_POINT('',(-7.8248803177803,26.2968830056687,-7.96971156011201));
#510=CARTESIAN_POINT('',(-8.59443315586696,23.1811519250743,-5.05470146636423));
#511=CARTESIAN_POINT('',(-8.76561759446117,23.4725160704684,-6.79802004772042));
#512=CARTESIAN_POINT('',(-8.58870736563605,23.7604395814484,-8.54133862907663));
#513=CARTESIAN_POINT('',(-8.07050103027293,24.0338577189569,-10.2176624550156));
#514=CARTESIAN_POINT('',(-7.23091296722637,24.282263177304,-11.7625713409999));
#515=CARTESIAN_POINT('',(-6.10220807491282,24.4961098740327,-13.1166953049358));
#516=CARTESIAN_POINT('',(-4.72776184935891,24.6671798005145,-14.2279961222908));
#517=CARTESIAN_POINT('',(-3.16039348821435,24.7888988354118,-15.0537671258787));
#518=CARTESIAN_POINT('',(-1.4603360786076,24.8565893844742,-15.5622743991293));
#519=CARTESIAN_POINT('',(0.307078126613292,24.8676501378626,-15.7339762927056));
#520=CARTESIAN_POINT('',(2.07392839071902,24.8216560370273,-15.5622743991292));
#521=CARTESIAN_POINT('',(3.77231564892105,24.7203746094694,-15.0537671258787));
#522=CARTESIAN_POINT('',(5.33697183135319,24.5676980436509,-14.2279961222908));
#523=CARTESIAN_POINT('',(6.70776807839392,24.3694936143741,-13.1166953049357));
#524=CARTESIAN_POINT('',(7.83202545902083,24.1333782067018,-11.7625713409998));
#525=CARTESIAN_POINT('',(8.66653939258721,23.8684256033358,-10.2176624550156));
#526=CARTESIAN_POINT('',(9.17923997662694,23.5848177842363,-8.54133862907655));
#527=CARTESIAN_POINT('',(9.35042441522116,23.2934536388422,-6.79802004772036));
#528=CARTESIAN_POINT('',(9.17351418639604,23.0055301278621,-5.05470146636415));
#529=CARTESIAN_POINT('',(8.65530785103293,22.7321119903536,-3.37837764042515));
#530=CARTESIAN_POINT('',(7.81571978798635,22.4837065320066,-1.83346875444092));
#531=CARTESIAN_POINT('',(6.68701489567281,22.2698598352778,-0.479344790505024));
#532=CARTESIAN_POINT('',(5.31256867011888,22.098789908796,0.631956026850037));
#533=CARTESIAN_POINT('',(3.74520030897434,21.9770708738988,1.45772703043792));
#534=CARTESIAN_POINT('',(2.04514289936757,21.9093803248364,1.96623430368848));
#535=CARTESIAN_POINT('',(0.277728694146696,21.8983195714479,2.13793619726487));
#536=CARTESIAN_POINT('',(-1.48912156995905,21.9443136722833,1.96623430368846));
#537=CARTESIAN_POINT('',(-3.18750882816106,22.0455950998411,1.45772703043789));
#538=CARTESIAN_POINT('',(-4.75216501059323,22.1982716656596,0.631956026849987));
#539=CARTESIAN_POINT('',(-6.12296125763395,22.3964760949364,-0.479344790505072));
#540=CARTESIAN_POINT('',(-7.24721863826083,22.6325915026088,-1.83346875444099));
#541=CARTESIAN_POINT('',(-8.08173257182722,22.8975441059748,-3.37837764042521));
#542=CARTESIAN_POINT('',(-8.59443315586696,23.1811519250743,-5.05470146636423));
#543=CARTESIAN_POINT('',(-8.76561759446117,23.4725160704684,-6.79802004772042));
#544=CARTESIAN_POINT('',(-8.58870736563605,23.7604395814484,-8.54133862907663));
#545=CARTESIAN_POINT('',(-9.18277928358282,20.9642268686806,-5.30978914690045));
#546=CARTESIAN_POINT('',(-9.36487721109689,21.2741662969597,-7.16424918584269));
#547=CARTESIAN_POINT('',(-9.17668845813752,21.5804457407141,-9.01870922478496));
#548=CARTESIAN_POINT('',(-8.62544501294347,21.8712950526838,-10.8019034044238));
#549=CARTESIAN_POINT('',(-7.73233085197265,22.13553705692,-12.4453045724626));
#550=CARTESIAN_POINT('',(-6.53166785156698,22.3630170813885,-13.8857577436436));
#551=CARTESIAN_POINT('',(-5.06959681749248,22.5449931963213,-15.0679071104137));
#552=CARTESIAN_POINT('',(-3.40230431964976,22.6744721616748,-15.946323335565));
#553=CARTESIAN_POINT('',(-1.59386347370249,22.7464781734232,-16.4872493761863));
#554=CARTESIAN_POINT('',(0.286228352824854,22.7582440809164,-16.6698977478915));
#555=CARTESIAN_POINT('',(2.1657202854065,22.7093177269278,-16.4872493761863));
#556=CARTESIAN_POINT('',(3.97238450310453,22.6015793238031,-15.9463233355649));
#557=CARTESIAN_POINT('',(5.6367919132218,22.4391691979538,-15.0679071104137));
#558=CARTESIAN_POINT('',(7.09498027239791,22.2283286794359,-13.8857577436436));
#559=CARTESIAN_POINT('',(8.2909122197512,21.977160251135,-12.4453045724626));
#560=CARTESIAN_POINT('',(9.17862876123121,21.6953161748941,-10.8019034044238));
#561=CARTESIAN_POINT('',(9.72401544798607,21.393627560503,-9.01870922478487));
#562=CARTESIAN_POINT('',(9.90611337550014,21.0836881322239,-7.16424918584263));
#563=CARTESIAN_POINT('',(9.71792462254078,20.7774086884695,-5.30978914690036));
#564=CARTESIAN_POINT('',(9.16668117734673,20.4865593764997,-3.52659496726149));
#565=CARTESIAN_POINT('',(8.27356701637588,20.2223173722635,-1.88319379922268));
#566=CARTESIAN_POINT('',(7.07290401597024,19.994837347795,-0.442740628041714));
#567=CARTESIAN_POINT('',(5.61083298189571,19.8128612328623,0.739408738728396));
#568=CARTESIAN_POINT('',(3.94354048405302,19.6833822675088,1.61782496387965));
#569=CARTESIAN_POINT('',(2.13509963810572,19.6113762557604,2.15875100450103));
#570=CARTESIAN_POINT('',(0.255007811578403,19.5996103482672,2.34139937620622));
#571=CARTESIAN_POINT('',(-1.62448412100325,19.6485367022557,2.15875100450101));
#572=CARTESIAN_POINT('',(-3.43114833870128,19.7562751053805,1.61782496387964));
#573=CARTESIAN_POINT('',(-5.09555574881856,19.9186852312297,0.739408738728348));
#574=CARTESIAN_POINT('',(-6.55374410799466,20.1295257497477,-0.442740628041767));
#575=CARTESIAN_POINT('',(-7.74967605534795,20.3806941780485,-1.88319379922275));
#576=CARTESIAN_POINT('',(-8.63739259682797,20.6625382542895,-3.52659496726156));
#577=CARTESIAN_POINT('',(-9.18277928358282,20.9642268686806,-5.30978914690045));
#578=CARTESIAN_POINT('',(-9.36487721109689,21.2741662969597,-7.16424918584269));
#579=CARTESIAN_POINT('',(-9.17668845813752,21.5804457407141,-9.01870922478496));
#580=CARTESIAN_POINT('',(-9.67829292109319,18.9435786263535,-5.55044054731633));
#581=CARTESIAN_POINT('',(-9.86955311064603,19.2691126651634,-7.49820779216276));
#582=CARTESIAN_POINT('',(-9.67189563560454,19.5908025672305,-9.44597503700921));
#583=CARTESIAN_POINT('',(-9.09291636188682,19.896285970024,-11.3188906789567));
#584=CARTESIAN_POINT('',(-8.15486513828662,20.1738233176918,-13.0449796202283));
#585=CARTESIAN_POINT('',(-6.89379074726167,20.4127490056076,-14.5579092308128));
#586=CARTESIAN_POINT('',(-5.35815557044039,20.6038812535759,-15.7995384742362));
#587=CARTESIAN_POINT('',(-3.60697320647392,20.7398749564955,-16.7221522349874));
#588=CARTESIAN_POINT('',(-1.70754061153508,20.8155039526293,-17.2902949836484));
#589=CARTESIAN_POINT('',(0.267148084966676,20.8278618620692,-17.4821333130064));
#590=CARTESIAN_POINT('',(2.241206703843,20.7764737772858,-17.2902949836484));
#591=CARTESIAN_POINT('',(4.13877327943525,20.6633145135585,-16.7221522349873));
#592=CARTESIAN_POINT('',(5.88692539241107,20.4927327179319,-15.7995384742361));
#593=CARTESIAN_POINT('',(7.41848253744376,20.2712837531486,-14.5579092308127));
#594=CARTESIAN_POINT('',(8.67458783235687,20.0074777787351,-13.0449796202282));
#595=CARTESIAN_POINT('',(9.60696985509885,19.7114527103442,-11.3188906789566));
#596=CARTESIAN_POINT('',(10.1797976874216,19.3945846253413,-9.44597503700912));
#597=CARTESIAN_POINT('',(10.3710578769744,19.0690505865314,-7.49820779216269));
#598=CARTESIAN_POINT('',(10.1734004019329,18.7473606844643,-5.55044054731623));
#599=CARTESIAN_POINT('',(9.59442112821524,18.4418772816707,-3.6775249053688));
#600=CARTESIAN_POINT('',(8.65636990461501,18.164339934003,-1.95143596409717));
#601=CARTESIAN_POINT('',(7.39529551359007,17.9254142460872,-0.438506353512654));
#602=CARTESIAN_POINT('',(5.85966033676879,17.7342819981189,0.803122889910753));
#603=CARTESIAN_POINT('',(4.10847797280233,17.5982882951993,1.72573665066192));
#604=CARTESIAN_POINT('',(2.20904537786346,17.5226592990655,2.293879399323));
#605=CARTESIAN_POINT('',(0.234356681361727,17.5103013896256,2.485717728681));
#606=CARTESIAN_POINT('',(-1.7397019375146,17.561689474409,2.29387939932299));
#607=CARTESIAN_POINT('',(-3.63726851310686,17.6748487381363,1.72573665066189));
#608=CARTESIAN_POINT('',(-5.38542062608268,17.8454305337629,0.803122889910698));
#609=CARTESIAN_POINT('',(-6.91697777111536,18.0668794985462,-0.438506353512706));
#610=CARTESIAN_POINT('',(-8.17308306602847,18.3306854729596,-1.95143596409724));
#611=CARTESIAN_POINT('',(-9.10546508877045,18.6267105413506,-3.67752490536887));
#612=CARTESIAN_POINT('',(-9.67829292109319,18.9435786263535,-5.55044054731633));
#613=CARTESIAN_POINT('',(-9.86955311064603,19.2691126651634,-7.49820779216276));
#614=CARTESIAN_POINT('',(-9.67189563560454,19.5908025672305,-9.44597503700921));
#615=CARTESIAN_POINT('',(-10.1433075216519,16.9209618922365,-5.79752234586992));
#616=CARTESIAN_POINT('',(-10.3431419727508,17.2610897364663,-7.83260868115105));
#617=CARTESIAN_POINT('',(-10.1366234436055,17.5972011099514,-9.86769501643222));
#618=CARTESIAN_POINT('',(-9.53168832547395,17.9163794411022,-11.8245741251381));
#619=CARTESIAN_POINT('',(-8.55158393569452,18.2063588856499,-13.6280442405515));
#620=CARTESIAN_POINT('',(-7.23397513631758,18.4559956961629,-15.2087990175349));
#621=CARTESIAN_POINT('',(-5.62949689457961,18.655696470011,-16.5060909365063));
#622=CARTESIAN_POINT('',(-3.79980840950886,18.7977868184488,-17.4700657965492));
#623=CARTESIAN_POINT('',(-1.81522358348548,18.876806289071,-18.0636785843956));
#624=CARTESIAN_POINT('',(0.247991101594464,18.8897182079362,-18.2641170935104));
#625=CARTESIAN_POINT('',(2.31054746244747,18.8360263772435,-18.0636785843956));
#626=CARTESIAN_POINT('',(4.29318261482088,18.7177941439357,-17.4700657965492));
#627=CARTESIAN_POINT('',(6.11970500168359,18.5395651064335,-16.5060909365062));
#628=CARTESIAN_POINT('',(7.71992239203403,18.308188506696,-15.2087990175349));
#629=CARTESIAN_POINT('',(9.03233932897328,18.0325560176936,-13.6280442405515));
#630=CARTESIAN_POINT('',(10.0065203656267,17.7232600414023,-11.824574125138));
#631=CARTESIAN_POINT('',(10.6050282710826,17.3921866487357,-9.86769501643213));
#632=CARTESIAN_POINT('',(10.8048627221815,17.052058804506,-7.83260868115099));
#633=CARTESIAN_POINT('',(10.5983441930362,16.7159474310209,-5.79752234586983));
#634=CARTESIAN_POINT('',(9.99340907490462,16.39676909987,-3.84064323716397));
#635=CARTESIAN_POINT('',(9.0133046851252,16.1067896553223,-2.03717312175049));
#636=CARTESIAN_POINT('',(7.69569588574827,15.8571528448094,-0.456418344767117));
#637=CARTESIAN_POINT('',(6.09121764401027,15.6574520709612,0.840873574204259));
#638=CARTESIAN_POINT('',(4.26152915893957,15.5153617225234,1.80484843424719));
#639=CARTESIAN_POINT('',(2.27694433291613,15.4363422519012,2.39846122209361));
#640=CARTESIAN_POINT('',(0.213729647836225,15.423430333036,2.59889973120841));
#641=CARTESIAN_POINT('',(-1.84882671301679,15.4771221637287,2.39846122209359));
#642=CARTESIAN_POINT('',(-3.8314618653902,15.5953543970365,1.80484843424716));
#643=CARTESIAN_POINT('',(-5.65798425225292,15.7735834345387,0.840873574204196));
#644=CARTESIAN_POINT('',(-7.25820164260335,16.0049600342763,-0.456418344767174));
#645=CARTESIAN_POINT('',(-8.5706185795426,16.2805925232786,-2.03717312175058));
#646=CARTESIAN_POINT('',(-9.54479961619598,16.5898884995699,-3.84064323716406));
#647=CARTESIAN_POINT('',(-10.1433075216519,16.9209618922365,-5.79752234586992));
#648=CARTESIAN_POINT('',(-10.3431419727508,17.2610897364663,-7.83260868115105));
#649=CARTESIAN_POINT('',(-10.1366234436055,17.5972011099514,-9.86769501643222));
#650=CARTESIAN_POINT('',(-10.5812227089786,14.9190661568358,-6.04653969460833));
#651=CARTESIAN_POINT('',(-10.7891132427181,15.2729058410733,-8.16366805821738));
#652=CARTESIAN_POINT('',(-10.5742691704621,15.6225671354373,-10.2807964218265));
#653=CARTESIAN_POINT('',(-9.94494682942118,15.9546127524777,-12.3165647297213));
#654=CARTESIAN_POINT('',(-8.92533072423369,16.2562823653449,-14.1927395475016));
#655=CARTESIAN_POINT('',(-7.55460413001454,16.5159829799946,-15.8372205290908));
#656=CARTESIAN_POINT('',(-5.88544330106731,16.7237344474478,-17.1868111926023));
#657=CARTESIAN_POINT('',(-3.98199315197226,16.8715529953185,-18.1896475256962));
#658=CARTESIAN_POINT('',(-1.91740220449196,16.9537580397097,-18.8071910904891));
#659=CARTESIAN_POINT('',(0.228988469097842,16.9671904868664,-19.0157100341081));
#660=CARTESIAN_POINT('',(2.37469427892087,16.9113341353776,-18.8071910904891));
#661=CARTESIAN_POINT('',(4.43725695403128,16.7883355135063,-18.1896475256962));
#662=CARTESIAN_POINT('',(6.33741336752308,16.6029213893126,-17.1868111926022));
#663=CARTESIAN_POINT('',(8.00214157404579,16.3622171236078,-15.8372205290908));
#664=CARTESIAN_POINT('',(9.36746700221301,16.0754728463345,-14.1927395475015));
#665=CARTESIAN_POINT('',(10.3809209615036,15.7537079792601,-12.3165647297212));
#666=CARTESIAN_POINT('',(11.0035569846137,15.4092877657787,-10.2807964218264));
#667=CARTESIAN_POINT('',(11.2114475183534,15.0554480815411,-8.16366805821731));
#668=CARTESIAN_POINT('',(10.9966034460973,14.7057867871771,-6.04653969460822));
#669=CARTESIAN_POINT('',(10.3672811050564,14.3737411701368,-4.01077138671339));
#670=CARTESIAN_POINT('',(9.34766499986878,14.0720715572696,-2.13459656893313));
#671=CARTESIAN_POINT('',(7.97693840564965,13.8123709426198,-0.490115587343857));
#672=CARTESIAN_POINT('',(6.30777757670239,13.6046194751666,0.859475076167575));
#673=CARTESIAN_POINT('',(4.40432742760737,13.4568009272959,1.8623114092615));
#674=CARTESIAN_POINT('',(2.33973648012703,13.3745958829048,2.47985497405439));
#675=CARTESIAN_POINT('',(0.193345806537271,13.361163435748,2.68837391767343));
#676=CARTESIAN_POINT('',(-1.95236000328577,13.4170197872368,2.47985497405438));
#677=CARTESIAN_POINT('',(-4.01492267839618,13.5400184091081,1.86231140926157));
#678=CARTESIAN_POINT('',(-5.915079091888,13.7254325333019,0.85947507616752));
#679=CARTESIAN_POINT('',(-7.57980729841068,13.9661367990067,-0.490115587343914));
#680=CARTESIAN_POINT('',(-8.94513272657791,14.25288107628,-2.13459656893322));
#681=CARTESIAN_POINT('',(-9.95858668586859,14.5746459433543,-4.01077138671347));
#682=CARTESIAN_POINT('',(-10.5812227089786,14.9190661568358,-6.04653969460833));
#683=CARTESIAN_POINT('',(-10.7891132427181,15.2729058410733,-8.16366805821738));
#684=CARTESIAN_POINT('',(-10.5742691704621,15.6225671354373,-10.2807964218265));
#685=CARTESIAN_POINT('',(-10.995809199887,12.9634149144335,-6.2924470278417));
#686=CARTESIAN_POINT('',(-11.2113151485129,13.3302164009725,-8.48712972048257));
#687=CARTESIAN_POINT('',(-10.9886009403894,13.6926864354861,-10.6818124131235));
#688=CARTESIAN_POINT('',(-10.3362253576353,14.0368954978235,-12.7921546806784));
#689=CARTESIAN_POINT('',(-9.27925882803937,14.3496158267537,-14.7370572532988));
#690=CARTESIAN_POINT('',(-7.8583199825803,14.6188297554115,-16.4417786158329));
#691=CARTESIAN_POINT('',(-6.12801470421739,14.8341915434955,-17.8408072823371));
#692=CARTESIAN_POINT('',(-4.15483765443176,14.9874249582659,-18.880379365742));
#693=CARTESIAN_POINT('',(-2.01461692067623,15.0726413255274,-19.5205446938812));
#694=CARTESIAN_POINT('',(0.210400014500577,15.086565828076,-19.7367020722031));
#695=CARTESIAN_POINT('',(2.43470699808371,15.0286633550877,-19.5205446938812));
#696=CARTESIAN_POINT('',(4.57282516009979,14.9011590661274,-18.880379365742));
#697=CARTESIAN_POINT('',(6.54258781865301,14.7089528795146,-17.840807282337));
#698=CARTESIAN_POINT('',(8.2682980994308,14.4594311712104,-16.4417786158328));
#699=CARTESIAN_POINT('',(9.68363792413236,14.1621829205314,-14.7370572532988));
#700=CARTESIAN_POINT('',(10.7342165770261,13.8286312110526,-12.7921546806783));
#701=CARTESIAN_POINT('',(11.3796609096526,13.4715942479112,-10.6818124131234));
#702=CARTESIAN_POINT('',(11.5951668582785,13.1047927613722,-8.48712972048249));
#703=CARTESIAN_POINT('',(11.3724526501549,12.7423227268586,-6.29244702784159));
#704=CARTESIAN_POINT('',(10.7200770674009,12.3981136645212,-4.18210476028666));
#705=CARTESIAN_POINT('',(9.66311053780494,12.085393335591,-2.23720218766621));
#706=CARTESIAN_POINT('',(8.24217169234588,11.8161794069333,-0.532480825132203));
#707=CARTESIAN_POINT('',(6.51186641398295,11.6008176188492,0.866547841372032));
#708=CARTESIAN_POINT('',(4.53868936419734,11.4475842040788,1.90611992477696));
#709=CARTESIAN_POINT('',(2.39846863044177,11.3623678368173,2.54628525291613));
#710=CARTESIAN_POINT('',(0.173451695265002,11.3484433342687,2.76244263123806));
#711=CARTESIAN_POINT('',(-2.05085528831815,11.406345807257,2.54628525291611));
#712=CARTESIAN_POINT('',(-4.18897345033421,11.5338500962173,1.90611992477693));
#713=CARTESIAN_POINT('',(-6.15873610888746,11.7260562828301,0.866547841371964));
#714=CARTESIAN_POINT('',(-7.88444638966523,11.9755779911344,-0.532480825132264));
#715=CARTESIAN_POINT('',(-9.29978621436678,12.2728262418133,-2.2372021876663));
#716=CARTESIAN_POINT('',(-10.3503648672605,12.6063779512922,-4.18210476028675));
#717=CARTESIAN_POINT('',(-10.995809199887,12.9634149144335,-6.2924470278417));
#718=CARTESIAN_POINT('',(-11.2113151485129,13.3302164009725,-8.48712972048257));
#719=CARTESIAN_POINT('',(-10.9886009403894,13.6926864354861,-10.6818124131235));
#720=CARTESIAN_POINT('',(-11.3874567585294,11.0537116352818,-6.53521625562295));
#721=CARTESIAN_POINT('',(-11.6101449074106,11.4327375719907,-8.80304147957736));
#722=CARTESIAN_POINT('',(-11.3800082682468,11.8072877016992,-11.0708667035318));
#723=CARTESIAN_POINT('',(-10.7058908630189,12.1629682729726,-13.2515406759407));
#724=CARTESIAN_POINT('',(-9.61369864556037,12.4861106809249,-15.2612613189805));
#725=CARTESIAN_POINT('',(-8.14540395027975,12.7642967440388,-17.0227961954034));
#726=CARTESIAN_POINT('',(-6.35743251888753,12.9868359279174,-18.4684505077886));
#727=CARTESIAN_POINT('',(-4.31849509078614,13.1451761765257,-19.5426685716436));
#728=CARTESIAN_POINT('',(-2.10694688788826,13.2332325629079,-20.2041687892026));
#729=CARTESIAN_POINT('',(0.192223532619274,13.2476211295178,-20.4275300780787));
#730=CARTESIAN_POINT('',(2.49066034086599,13.1877889318099,-20.2041687892026));
#731=CARTESIAN_POINT('',(4.70003589928916,13.0560352875878,-19.5426685716435));
#732=CARTESIAN_POINT('',(6.73544514421069,12.8574234155107,-18.4684505077886));
#733=CARTESIAN_POINT('',(8.51866843981889,12.5995858584397,-17.0227961954033));
#734=CARTESIAN_POINT('',(9.98117751490667,12.292431169096,-15.2612613189804));
#735=CARTESIAN_POINT('',(11.066768965903,11.9477631299368,-13.2515406759406));
#736=CARTESIAN_POINT('',(11.7337241221527,11.5788271404149,-11.0708667035317));
#737=CARTESIAN_POINT('',(11.9564122710339,11.1998012037059,-8.80304147957729));
#738=CARTESIAN_POINT('',(11.7262756318701,10.8252510739975,-6.53521625562284));
#739=CARTESIAN_POINT('',(11.0521582266422,10.4695705027241,-4.35454228321394));
#740=CARTESIAN_POINT('',(9.95996600918367,10.1464280947718,-2.34482164017417));
#741=CARTESIAN_POINT('',(8.49167131390308,9.86824203165783,-0.583286763751292));
#742=CARTESIAN_POINT('',(6.70369988251081,9.64570284777921,0.862367548633982));
#743=CARTESIAN_POINT('',(4.66476245440945,9.48736259917093,1.93658561248892));
#744=CARTESIAN_POINT('',(2.45321425151153,9.39930621278879,2.59808583004798));
#745=CARTESIAN_POINT('',(0.154043831004037,9.38491764617885,2.82144711892404));
#746=CARTESIAN_POINT('',(-2.14439297724269,9.44474984388673,2.59808583004796));
#747=CARTESIAN_POINT('',(-4.35376853566586,9.5765034881088,1.93658561248889));
#748=CARTESIAN_POINT('',(-6.38917778058739,9.77511536018591,0.862367548633917));
#749=CARTESIAN_POINT('',(-8.17240107619559,10.032952917257,-0.583286763751354));
#750=CARTESIAN_POINT('',(-9.63491015128338,10.3401076066006,-2.34482164017426));
#751=CARTESIAN_POINT('',(-10.7205016022797,10.6847756457599,-4.35454228321403));
#752=CARTESIAN_POINT('',(-11.3874567585294,11.0537116352818,-6.53521625562295));
#753=CARTESIAN_POINT('',(-11.6101449074106,11.4327375719907,-8.80304147957736));
#754=CARTESIAN_POINT('',(-11.3800082682468,11.8072877016992,-11.0708667035318));
#755=CARTESIAN_POINT('',(-11.7558978324472,9.18463992322831,-6.77579477346101));
#756=CARTESIAN_POINT('',(-11.9853287995651,9.57514246078491,-9.11228792318729));
#757=CARTESIAN_POINT('',(-11.7482238078631,9.96103366750098,-11.4487810729136));
#758=CARTESIAN_POINT('',(-11.0536946692022,10.3274839607127,-13.6954841012164));
#759=CARTESIAN_POINT('',(-9.92843174888493,10.6604108611597,-15.7660574706835));
#760=CARTESIAN_POINT('',(-8.41567826988427,10.9470201747653,-17.5809302079173));
#761=CARTESIAN_POINT('',(-6.57356850003623,11.17629766634,-19.0703577714183));
#762=CARTESIAN_POINT('',(-4.47289368472904,11.3394323304628,-20.1771022952016));
#763=CARTESIAN_POINT('',(-2.19438157904296,11.4301549934786,-20.8586322078879));
#764=CARTESIAN_POINT('',(0.174405874604808,11.4449792343255,-21.0887566971388));
#765=CARTESIAN_POINT('',(2.54243750280189,11.3833353657412,-20.8586322078879));
#766=CARTESIAN_POINT('',(4.81871117808411,11.2475923270252,-20.1771022952016));
#767=CARTESIAN_POINT('',(6.91575097965934,11.0429666470298,-19.0703577714183));
#768=CARTESIAN_POINT('',(8.75296884398656,10.7773219758818,-17.5809302079173));
#769=CARTESIAN_POINT('',(10.2597615188633,10.460866889318,-15.7660574706835));
#770=CARTESIAN_POINT('',(11.3782238068131,10.1057625788453,-13.6954841012163));
#771=CARTESIAN_POINT('',(12.0653738293509,9.72565550397013,-11.4487810729135));
#772=CARTESIAN_POINT('',(12.2948047964687,9.33515296641353,-9.11228792318721));
#773=CARTESIAN_POINT('',(12.0576998047668,8.94926175969746,-6.7757947734609));
#774=CARTESIAN_POINT('',(11.363170666106,8.58281146648572,-4.52909174515812));
#775=CARTESIAN_POINT('',(10.2379077457886,8.24988456603874,-2.45851837569096));
#776=CARTESIAN_POINT('',(8.72515426678796,7.96327525243316,-0.643645638457156));
#777=CARTESIAN_POINT('',(6.88304449693989,7.73399776085845,0.845781925043852));
#778=CARTESIAN_POINT('',(4.78236968163274,7.5708630967356,1.95252644882709));
#779=CARTESIAN_POINT('',(2.5038575759466,7.48014043371979,2.63405636151338));
#780=CARTESIAN_POINT('',(0.135070122298878,7.46531619287293,2.86418085076429));
#781=CARTESIAN_POINT('',(-2.23296150589822,7.52696006145719,2.63405636151336));
#782=CARTESIAN_POINT('',(-4.50923518118044,7.66270310017317,1.95252644882715));
#783=CARTESIAN_POINT('',(-6.60627498275569,7.86732878016864,0.845781925043701));
#784=CARTESIAN_POINT('',(-8.44349284708289,8.13297345131668,-0.643645638457221));
#785=CARTESIAN_POINT('',(-9.95028552195954,8.44942853788038,-2.45851837569104));
#786=CARTESIAN_POINT('',(-11.0687478099094,8.80453284835316,-4.52909174515822));
#787=CARTESIAN_POINT('',(-11.7558978324472,9.18463992322831,-6.77579477346101));
#788=CARTESIAN_POINT('',(-11.9853287995651,9.57514246078491,-9.11228792318729));
#789=CARTESIAN_POINT('',(-11.7482238078631,9.96103366750098,-11.4487810729136));
#790=CARTESIAN_POINT('',(-12.1393836206473,7.14857664734964,-7.04144217351788));
#791=CARTESIAN_POINT('',(-12.3758154711465,7.55099502503834,-9.4492313486583));
#792=CARTESIAN_POINT('',(-12.1314754299789,7.9486613611976,-11.8570205237988));
#793=CARTESIAN_POINT('',(-11.4157533478992,8.32629356154264,-14.1722797112423));
#794=CARTESIAN_POINT('',(-10.2561540231401,8.66937943239281,-16.3060347988277));
#795=CARTESIAN_POINT('',(-8.6972402074413,8.96473437613608,-18.1762867751629));
#796=CARTESIAN_POINT('',(-6.79892008449117,9.20100806792138,-19.7111629056465));
#797=CARTESIAN_POINT('',(-4.63414503202449,9.3691206422772,-20.8516787613525));
#798=CARTESIAN_POINT('',(-2.28610614128773,9.46261162724967,-21.554004957555));
#799=CARTESIAN_POINT('',(0.154962769943494,9.47788821671665,-21.7911514924028));
#800=CARTESIAN_POINT('',(2.59525279237777,9.41436333991212,-21.554004957555));
#801=CARTESIAN_POINT('',(4.94098494898336,9.27447822222652,-20.8516787613525));
#802=CARTESIAN_POINT('',(7.10201406848366,9.06360857028406,-19.7111629056464));
#803=CARTESIAN_POINT('',(8.99529301373538,8.78985798655178,-18.1762867751628));
#804=CARTESIAN_POINT('',(10.5480641366356,8.46374655244145,-16.3060347988277));
#805=CARTESIAN_POINT('',(11.7006553137352,8.09780654748051,-14.1722797112422));
#806=CARTESIAN_POINT('',(12.408773112479,7.70610084083809,-11.8570205237987));
#807=CARTESIAN_POINT('',(12.6452049629782,7.30368246314939,-9.44923134865822));
#808=CARTESIAN_POINT('',(12.4008649218106,6.90601612699014,-7.04144217351776));
#809=CARTESIAN_POINT('',(11.6851428397308,6.52838392664509,-4.72618298607424));
#810=CARTESIAN_POINT('',(10.5255435149718,6.18529805579492,-2.59242789848875));
#811=CARTESIAN_POINT('',(8.96662969927298,5.88994311205166,-0.722175922153662));
#812=CARTESIAN_POINT('',(7.0683095763228,5.65366942026636,0.812700208329964));
#813=CARTESIAN_POINT('',(4.90353452385617,5.48555684591054,1.953216064036));
#814=CARTESIAN_POINT('',(2.55549563311935,5.39206586093806,2.65554226023848));
#815=CARTESIAN_POINT('',(0.114426721888179,5.37678927147109,2.89268879508623));
#816=CARTESIAN_POINT('',(-2.32586330054612,5.44031414827561,2.65554226023846));
#817=CARTESIAN_POINT('',(-4.6715954571517,5.58019926596121,1.95321606403597));
#818=CARTESIAN_POINT('',(-6.83262457665202,5.79106891790367,0.812700208329912));
#819=CARTESIAN_POINT('',(-8.72590352190373,6.06481950163596,-0.722175922153727));
#820=CARTESIAN_POINT('',(-10.2786746448039,6.39093093574629,-2.59242789848885));
#821=CARTESIAN_POINT('',(-11.4312658219035,6.75687094070723,-4.72618298607434));
#822=CARTESIAN_POINT('',(-12.1393836206473,7.14857664734964,-7.04144217351788));
#823=CARTESIAN_POINT('',(-12.3758154711465,7.55099502503834,-9.4492313486583));
#824=CARTESIAN_POINT('',(-12.1314754299789,7.9486613611976,-11.8570205237988));
#825=CARTESIAN_POINT('',(-12.5630952601306,4.75547887709107,-7.35907599385983));
#826=CARTESIAN_POINT('',(-12.8072350331018,5.17101650944027,-9.84536158245656));
#827=CARTESIAN_POINT('',(-12.5549292542802,5.58164717879908,-12.3316471710533));
#828=CARTESIAN_POINT('',(-11.8158738932511,5.97159057882836,-14.7223861988053));
#829=CARTESIAN_POINT('',(-10.618470433072,6.32586140334778,-16.9257039056179));
#830=CARTESIAN_POINT('',(-9.0087344172058,6.6308452232484,-18.8569280276532));
#831=CARTESIAN_POINT('',(-7.04852709799198,6.87482168136837,-20.4418427049443));
#832=CARTESIAN_POINT('',(-4.81317814341097,7.04841489924567,-21.6195405552731));
#833=CARTESIAN_POINT('',(-2.38859076018919,7.14495378686951,-22.3447633107124));
#834=CARTESIAN_POINT('',(0.132059518260418,7.16072840892811,-22.5896410674799));
#835=CARTESIAN_POINT('',(2.651905515334,7.0951325555423,-22.3447633107123));
#836=CARTESIAN_POINT('',(5.07411096250994,6.95068703857108,-21.6195405552731));
#837=CARTESIAN_POINT('',(7.30559186284172,6.73294281822572,-20.4418427049442));
#838=CARTESIAN_POINT('',(9.26059365675851,6.45026768278168,-18.8569280276531));
#839=CARTESIAN_POINT('',(10.8639867216977,6.11352467916806,-16.9257039056179));
#840=CARTESIAN_POINT('',(12.0541535613669,5.73565465216607,-14.7223861988052));
#841=CARTESIAN_POINT('',(12.7853567315709,5.33117893500146,-12.3316471710532));
#842=CARTESIAN_POINT('',(13.0294965045421,4.91564130265225,-9.84536158245647));
#843=CARTESIAN_POINT('',(12.7771907257205,4.50501063329344,-7.35907599385972));
#844=CARTESIAN_POINT('',(12.0381353646915,4.11506723326416,-4.96833696610773));
#845=CARTESIAN_POINT('',(10.8407319045123,3.76079640874475,-2.76501925929509));
#846=CARTESIAN_POINT('',(9.23099588864612,3.45581258884412,-0.833795137259859));
#847=CARTESIAN_POINT('',(7.27078856943226,3.21183613072416,0.751119540031221));
#848=CARTESIAN_POINT('',(5.0354396148513,3.03824291284686,1.9288173903601));
#849=CARTESIAN_POINT('',(2.61085223162947,2.94170402522302,2.65404014579933));
#850=CARTESIAN_POINT('',(0.0902019531799013,2.92592940316442,2.89891790256684));
#851=CARTESIAN_POINT('',(-2.42964404389369,2.99152525655023,2.65404014579931));
#852=CARTESIAN_POINT('',(-4.85184949106962,3.13597077352144,1.92881739036006));
#853=CARTESIAN_POINT('',(-7.08333039140142,3.35371499386681,0.751119540031169));
#854=CARTESIAN_POINT('',(-9.03833218531821,3.63639012931085,-0.833795137259929));
#855=CARTESIAN_POINT('',(-10.6417252502574,3.97313313292446,-2.76501925929518));
#856=CARTESIAN_POINT('',(-11.8318920899266,4.35100315992645,-4.96833696610783));
#857=CARTESIAN_POINT('',(-12.5630952601306,4.75547887709107,-7.35907599385983));
#858=CARTESIAN_POINT('',(-12.8072350331018,5.17101650944027,-9.84536158245656));
#859=CARTESIAN_POINT('',(-12.5549292542802,5.58164717879908,-12.3316471710533));
#860=CARTESIAN_POINT('',(-13.0336809495515,1.83048513661642,-7.75676754468695));
#861=CARTESIAN_POINT('',(-13.2863304746412,2.26050677623819,-10.329715268656));
#862=CARTESIAN_POINT('',(-13.0252303088596,2.68545041544215,-12.9026629926251));
#863=CARTESIAN_POINT('',(-12.2604143851506,3.0889857084848,-15.3767337784877));
#864=CARTESIAN_POINT('',(-11.0212741505489,3.45560502035972,-17.6568504734181));
#865=CARTESIAN_POINT('',(-9.35542906935229,3.77121937651403,-19.6553894715343));
#866=CARTESIAN_POINT('',(-7.32689663381448,4.02369989423929,-21.2955480399321));
#867=CARTESIAN_POINT('',(-5.01363220781911,4.20334388883204,-22.5142958046398));
#868=CARTESIAN_POINT('',(-2.50453324596351,4.30324774232558,-23.264796972541));
#869=CARTESIAN_POINT('',(0.103976985767084,4.31957220565686,-23.5182102046393));
#870=CARTESIAN_POINT('',(2.71165490203667,4.25168993885497,-23.264796972541));
#871=CARTESIAN_POINT('',(5.21828890292562,4.10220961936424,-22.5142958046397));
#872=CARTESIAN_POINT('',(7.52755044951634,3.87687569203321,-21.2955480399321));
#873=CARTESIAN_POINT('',(9.55069591562211,3.58434761332048,-19.6553894715342));
#874=CARTESIAN_POINT('',(11.2099769555735,3.23586707323933,-17.656850473418));
#875=CARTESIAN_POINT('',(12.4416283295409,2.84482598351496,-15.3767337784876));
#876=CARTESIAN_POINT('',(13.1983183659406,2.42625183392708,-12.902662992625));
#877=CARTESIAN_POINT('',(13.4509678910303,1.9962301943053,-10.3297152686559));
#878=CARTESIAN_POINT('',(13.1898677252487,1.57128655510134,-7.75676754468682));
#879=CARTESIAN_POINT('',(12.4250518015397,1.1677512620587,-5.28269675882418));
#880=CARTESIAN_POINT('',(11.185911566938,0.801131950183774,-3.00258006389376));
#881=CARTESIAN_POINT('',(9.52006648574141,0.485517594029466,-1.00404106577763));
#882=CARTESIAN_POINT('',(7.49153405020357,0.233037076304205,0.636117502620237));
#883=CARTESIAN_POINT('',(5.17826962420822,0.0533930817114574,1.85486526732787));
#884=CARTESIAN_POINT('',(2.66917066235258,-0.0465107717820814,2.60536643522915));
#885=CARTESIAN_POINT('',(0.0606604306220352,-0.062835235113364,2.8587796673274));
#886=CARTESIAN_POINT('',(-2.54701748564756,0.00504703168853012,2.60536643522913));
#887=CARTESIAN_POINT('',(-5.05365148653651,0.154527351179252,1.85486526732783));
#888=CARTESIAN_POINT('',(-7.36291303312724,0.379861278510287,0.63611750262018));
#889=CARTESIAN_POINT('',(-9.38605849923302,0.67238935722302,-1.0040410657777));
#890=CARTESIAN_POINT('',(-11.0453395391844,1.02086989730416,-3.00258006389386));
#891=CARTESIAN_POINT('',(-12.2769909131518,1.41191098702854,-5.28269675882428));
#892=CARTESIAN_POINT('',(-13.0336809495515,1.83048513661642,-7.75676754468695));
#893=CARTESIAN_POINT('',(-13.2863304746412,2.26050677623819,-10.329715268656));
#894=CARTESIAN_POINT('',(-13.0252303088596,2.68545041544215,-12.9026629926251));
#895=CARTESIAN_POINT('',(-13.9617172804279,-4.85618978424857,-8.69545647344314));
#896=CARTESIAN_POINT('',(-14.2309738986294,-4.3979020736469,-11.4375285304509));
#897=CARTESIAN_POINT('',(-13.952711164412,-3.94502614927061,-14.1796005874587));
#898=CARTESIAN_POINT('',(-13.1376225586001,-3.51496577891774,-16.8162963530873));
#899=CARTESIAN_POINT('',(-11.8170314792081,-3.12424794144034,-19.2462890877399));
#900=CARTESIAN_POINT('',(-10.041687500821,-2.78788770421554,-21.3761955333791));
#901=CARTESIAN_POINT('',(-7.87981609690406,-2.51881120252691,-23.1241645797645));
#902=CARTESIAN_POINT('',(-5.4144967731181,-2.32735889543452,-24.4230227567158));
#903=CARTESIAN_POINT('',(-2.74047036850931,-2.22088818773221,-25.2228556729008));
#904=CARTESIAN_POINT('',(0.0395017818045087,-2.20349068900755,-25.4929261979019));
#905=CARTESIAN_POINT('',(2.8185869071131,-2.27583497537988,-25.2228556729008));
#906=CARTESIAN_POINT('',(5.48998632457979,-2.43514089649505,-24.4230227567158));
#907=CARTESIAN_POINT('',(7.95103965272933,-2.6752864151444,-23.1241645797645));
#908=CARTESIAN_POINT('',(10.1071699923356,-2.98704287372142,-21.376195533379));
#909=CARTESIAN_POINT('',(11.8755184636194,-3.35842964635799,-19.2462890877398));
#910=CARTESIAN_POINT('',(13.1881284265303,-3.77517454765781,-16.8162963530872));
#911=CARTESIAN_POINT('',(13.9945570163141,-4.22126230477715,-14.1796005874585));
#912=CARTESIAN_POINT('',(14.2638136345156,-4.67955001537882,-11.4375285304508));
#913=CARTESIAN_POINT('',(13.9855509002982,-5.13242593975511,-8.69545647344301));
#914=CARTESIAN_POINT('',(13.1704622944863,-5.56248631010796,-6.05876070781433));
#915=CARTESIAN_POINT('',(11.8498712150942,-5.95320414758538,-3.62876797316181));
#916=CARTESIAN_POINT('',(10.0745272367073,-6.28956438481017,-1.49886152752259));
#917=CARTESIAN_POINT('',(7.91265583279022,-6.5586408864988,0.249107518862873));
#918=CARTESIAN_POINT('',(5.44733650900433,-6.7500931935912,1.54796569581412));
#919=CARTESIAN_POINT('',(2.77331010439547,-6.85656390129349,2.34779861199913));
#920=CARTESIAN_POINT('',(-0.00666204591829477,-6.87396140001817,2.61786913700024));
#921=CARTESIAN_POINT('',(-2.78574717122692,-6.80161711364584,2.34779861199911));
#922=CARTESIAN_POINT('',(-5.45714658869358,-6.64231119253066,1.54796569581408));
#923=CARTESIAN_POINT('',(-7.91819991684316,-6.4021656738813,0.249107518862814));
#924=CARTESIAN_POINT('',(-10.0743302564494,-6.0904092153043,-1.49886152752267));
#925=CARTESIAN_POINT('',(-11.8426787277332,-5.71902244266773,-3.62876797316191));
#926=CARTESIAN_POINT('',(-13.1552886906441,-5.30227754136791,-6.05876070781446));
#927=CARTESIAN_POINT('',(-13.9617172804279,-4.85618978424857,-8.69545647344314));
#928=CARTESIAN_POINT('',(-14.2309738986294,-4.3979020736469,-11.4375285304509));
#929=CARTESIAN_POINT('',(-13.952711164412,-3.94502614927061,-14.1796005874587));
#930=CARTESIAN_POINT('',(-14.3553456113319,-10.4072830987414,-9.55008574751487));
#931=CARTESIAN_POINT('',(-14.6311291309193,-9.93788628815366,-12.3586268630325));
#932=CARTESIAN_POINT('',(-14.3461211830178,-9.47403244792059,-15.1671679785501));
#933=CARTESIAN_POINT('',(-13.5112744632307,-9.03354722099012,-17.8677784340464));
#934=CARTESIAN_POINT('',(-12.1586716628122,-8.63335820760625,-20.3566752842364));
#935=CARTESIAN_POINT('',(-10.3402925488338,-8.28884444712471,-22.5382116189568));
#936=CARTESIAN_POINT('',(-8.12601641088711,-8.01324541015526,-24.3285522202839));
#937=CARTESIAN_POINT('',(-5.60093663917294,-7.81715221313095,-25.6588953029433));
#938=CARTESIAN_POINT('',(-2.86209063323724,-7.70810060764306,-26.4781165283334));
#939=CARTESIAN_POINT('',(-0.0147307091256047,-7.69028138573365,-26.754733684187));
#940=CARTESIAN_POINT('',(2.83172068809622,-7.76437933010758,-26.4781165283334));
#941=CARTESIAN_POINT('',(5.56787602754133,-7.92754689831716,-25.6588953029432));
#942=CARTESIAN_POINT('',(8.08858639396841,-8.17351365222151,-24.3285522202839));
#943=CARTESIAN_POINT('',(10.2969823016264,-8.49282722740783,-22.5382116189567));
#944=CARTESIAN_POINT('',(12.1081963342666,-8.87321658225485,-20.3566752842363));
#945=CARTESIAN_POINT('',(13.4526245523552,-9.30006356718059,-17.8677784340463));
#946=CARTESIAN_POINT('',(14.2786013334352,-9.7569646919329,-15.16716797855));
#947=CARTESIAN_POINT('',(14.5543848530226,-10.2263615025206,-12.3586268630324));
#948=CARTESIAN_POINT('',(14.2693769051211,-10.6902153427537,-9.55008574751474));
#949=CARTESIAN_POINT('',(13.434530185334,-11.1307005696842,-6.84947529201847));
#950=CARTESIAN_POINT('',(12.0819273849155,-11.5308895830681,-4.36057844182841));
#951=CARTESIAN_POINT('',(10.2635482709372,-11.8754033435496,-2.17904210710806));
#952=CARTESIAN_POINT('',(8.04927213299044,-12.151002380519,-0.388701505780919));
#953=CARTESIAN_POINT('',(5.5241923612763,-12.3470955775434,0.941641576878418));
#954=CARTESIAN_POINT('',(2.78534635534057,-12.4561471830313,1.76086280226858));
#955=CARTESIAN_POINT('',(-0.0620135687710363,-12.4739664049406,2.03747995812215));
#956=CARTESIAN_POINT('',(-2.90846496599286,-12.3998684605667,1.76086280226856));
#957=CARTESIAN_POINT('',(-5.64462030543796,-12.2367008923571,0.941641576878379));
#958=CARTESIAN_POINT('',(-8.16533067186508,-11.9907341384528,-0.388701505780978));
#959=CARTESIAN_POINT('',(-10.373726579523,-11.6714205632665,-2.17904210710814));
#960=CARTESIAN_POINT('',(-12.1849406121633,-11.2910312084195,-4.36057844182853));
#961=CARTESIAN_POINT('',(-13.5293688302519,-10.8641842234937,-6.84947529201858));
#962=CARTESIAN_POINT('',(-14.3553456113319,-10.4072830987414,-9.55008574751487));
#963=CARTESIAN_POINT('',(-14.6311291309193,-9.93788628815366,-12.3586268630325));
#964=CARTESIAN_POINT('',(-14.3461211830178,-9.47403244792059,-15.1671679785501));
#965=CARTESIAN_POINT('',(-14.4017173775778,-15.0987913456852,-10.3296329747593));
#966=CARTESIAN_POINT('',(-14.6775008971554,-14.6293945351144,-13.138174090176));
#967=CARTESIAN_POINT('',(-14.3924929492641,-14.165540694898,-15.9467152055927));
#968=CARTESIAN_POINT('',(-13.557646229507,-13.7250554679833,-18.647325660992));
#969=CARTESIAN_POINT('',(-12.2050434291371,-13.3248664546138,-21.1362225110926));
#970=CARTESIAN_POINT('',(-10.386664315224,-12.9803526941447,-23.3177588457345));
#971=CARTESIAN_POINT('',(-8.1723881773569,-12.7047536571851,-25.1080994469974));
#972=CARTESIAN_POINT('',(-5.64730840573344,-12.5086604601678,-26.438442529609));
#973=CARTESIAN_POINT('',(-2.90846239989616,-12.3996088546839,-27.2576637549696));
#974=CARTESIAN_POINT('',(-0.0611024758868196,-12.3817896327751,-27.5342809108133));
#975=CARTESIAN_POINT('',(2.78534892123273,-12.4558875771464,-27.2576637549696));
#976=CARTESIAN_POINT('',(5.52150426057952,-12.6190551453501,-26.4384425296089));
#977=CARTESIAN_POINT('',(8.04221462691604,-12.8650218992456,-25.1080994469973));
#978=CARTESIAN_POINT('',(10.2506105344946,-13.1843354744205,-23.3177588457345));
#979=CARTESIAN_POINT('',(12.0618245670698,-13.5647248292538,-21.1362225110925));
#980=CARTESIAN_POINT('',(13.4062527851101,-13.9915718141642,-18.6473256609919));
#981=CARTESIAN_POINT('',(14.2322295661604,-14.4484729389001,-15.9467152055926));
#982=CARTESIAN_POINT('',(14.508013085738,-14.917869749471,-13.1381740901759));
#983=CARTESIAN_POINT('',(14.2230051378467,-15.3817235896874,-10.3296329747592));
#984=CARTESIAN_POINT('',(13.3881584180896,-15.822208816602,-7.62902251935994));
#985=CARTESIAN_POINT('',(12.0355556177197,-16.2223978299715,-5.14012566925932));
#986=CARTESIAN_POINT('',(10.2171765038067,-16.5669115904407,-2.95858933461738));
#987=CARTESIAN_POINT('',(8.00290036593948,-16.8425106274002,-1.16824873335456));
#988=CARTESIAN_POINT('',(5.47782059431607,-17.0386038244175,0.162094349257035));
#989=CARTESIAN_POINT('',(2.73897458847873,-17.1476554299015,0.981315574617705));
#990=CARTESIAN_POINT('',(-0.108385335530551,-17.1654746518102,1.2579327304614));
#991=CARTESIAN_POINT('',(-2.95483673265012,-17.091376707439,0.981315574617683));
#992=CARTESIAN_POINT('',(-5.69099207199691,-16.9282091392352,0.162094349256993));
#993=CARTESIAN_POINT('',(-8.21170243833345,-16.6822423853397,-1.16824873335462));
#994=CARTESIAN_POINT('',(-10.4200983459121,-16.3629288101649,-2.95858933461746));
#995=CARTESIAN_POINT('',(-12.2313123784872,-15.9825394553315,-5.14012566925943));
#996=CARTESIAN_POINT('',(-13.5757405965275,-15.5556924704211,-7.62902251936005));
#997=CARTESIAN_POINT('',(-14.4017173775778,-15.0987913456852,-10.3296329747593));
#998=CARTESIAN_POINT('',(-14.6775008971554,-14.6293945351144,-13.138174090176));
#999=CARTESIAN_POINT('',(-14.3924929492641,-14.165540694898,-15.9467152055927));
#1000=CARTESIAN_POINT('',(-7.05603089956249,-11.8340960520846,0.090923467667115));
#1001=CARTESIAN_POINT('',(-7.0360274324153,-9.8103122360887,0.328177577819852));
#1002=CARTESIAN_POINT('',(-6.99601275387259,-5.76196110570187,0.678384666450578));
#1003=CARTESIAN_POINT('',(-6.93596842811112,0.312822521769495,0.845635614800404));
#1004=CARTESIAN_POINT('',(-6.87590453503434,6.3895858068555,0.698816128015918));
#1005=CARTESIAN_POINT('',(-6.83585085882466,10.4418823956316,0.423080718332359));
#1006=CARTESIAN_POINT('',(-6.81582146064929,12.4682896965844,0.244121915762106));
#1007=CARTESIAN_POINT('',(-7.0560308995625,-11.8340960520846,0.0909234676671172));
#1008=CARTESIAN_POINT('',(-6.81582146064922,12.4682896965911,0.244121915721732));
#1009=CARTESIAN_POINT('',(-4.08759928318165,-15.0427474976125,0.921645887926688));
#1010=CARTESIAN_POINT('',(-4.28625284468083,-15.0314215734761,0.86530068093863));
#1011=CARTESIAN_POINT('',(-4.57706861832954,-14.9846538569395,0.780241989403225));
#1012=CARTESIAN_POINT('',(-4.95086563487947,-14.8676482871389,0.666201614564412));
#1013=CARTESIAN_POINT('',(-5.31737107006553,-14.7124858511568,0.551443487748268));
#1014=CARTESIAN_POINT('',(-5.73766950535394,-14.4596274848924,0.415243145400849));
#1015=CARTESIAN_POINT('',(-6.18964488623749,-14.0584399745046,0.265783997368497));
#1016=CARTESIAN_POINT('',(-6.55808724378803,-13.5869774934501,0.147034676326325));
#1017=CARTESIAN_POINT('',(-6.84345584297387,-13.0384000052866,0.0670139679348783));
#1018=CARTESIAN_POINT('',(-7.01821222041847,-12.4550073883116,0.041569969330989));
#1019=CARTESIAN_POINT('',(-7.05806479639068,-12.0398687537297,0.0668001305593389));
#1020=CARTESIAN_POINT('',(-7.05603089956249,-11.8340960520846,0.090923467667115));
#1021=CARTESIAN_POINT('',(-4.08759928318165,-15.0427474976125,0.921645887926688));
#1022=CARTESIAN_POINT('',(3.91200995652167,-15.1218171686143,0.921645887919758));
#1023=CARTESIAN_POINT('',(3.25774616001895,-15.1461565663752,1.1070456282559));
#1024=CARTESIAN_POINT('',(1.93816110090614,-15.1789402986019,1.38284244107692));
#1025=CARTESIAN_POINT('',(0.265684211639585,-15.1819474734054,1.50042850952753));
#1026=CARTESIAN_POINT('',(-1.09276426233583,-15.1609383603173,1.45479846905796));
#1027=CARTESIAN_POINT('',(-2.44175079933755,-15.1243913956514,1.31509494208379));
#1028=CARTESIAN_POINT('',(-3.43393524042653,-15.0800151372813,1.10704823114774));
#1029=CARTESIAN_POINT('',(-4.08759928318114,-15.0427474975619,0.921645887934204));
#1030=CARTESIAN_POINT('',(3.91200995652167,-15.1218171686143,0.921645887919756));
#1031=CARTESIAN_POINT('',(6.94328526987905,-11.9724679764255,0.0909234676391343));
#1032=CARTESIAN_POINT('',(6.94125437624452,-12.1779368403645,0.0668357503184508));
#1033=CARTESIAN_POINT('',(6.89561310733474,-12.5818673986682,0.0416263760619555));
#1034=CARTESIAN_POINT('',(6.70611023934058,-13.174665596239,0.0671266201653571));
#1035=CARTESIAN_POINT('',(6.46358221726203,-13.619654133275,0.132686190904549));
#1036=CARTESIAN_POINT('',(6.22195675279369,-13.9468291567968,0.206430384224143));
#1037=CARTESIAN_POINT('',(6.02277700971204,-14.1702214864201,0.26963704601084));
#1038=CARTESIAN_POINT('',(5.80503575059239,-14.374222209185,0.339916167236032));
#1039=CARTESIAN_POINT('',(5.48845683178336,-14.6200424908603,0.442413875556681));
#1040=CARTESIAN_POINT('',(5.06411046654406,-14.8643457746386,0.578346067767099));
#1041=CARTESIAN_POINT('',(4.50017630426344,-15.060212028289,0.751809717268518));
#1042=CARTESIAN_POINT('',(4.11060357544887,-15.1144292478556,0.865370108061036));
#1043=CARTESIAN_POINT('',(3.91200995652168,-15.1218171686143,0.921645887919756));
#1044=CARTESIAN_POINT('',(6.94328526982789,-11.972467976425,0.0909234676391343));
#1045=CARTESIAN_POINT('',(7.18349470874106,12.3299177722394,0.244121915762233));
#1046=CARTESIAN_POINT('',(7.16346531056569,10.3035104712869,0.423080718332453));
#1047=CARTESIAN_POINT('',(7.12341163435601,6.25121388251173,0.698816128016001));
#1048=CARTESIAN_POINT('',(7.06334774127924,0.174450597426152,0.845635614800427));
#1049=CARTESIAN_POINT('',(7.0033034155178,-5.90033303004146,0.678384666451044));
#1050=CARTESIAN_POINT('',(6.96328873697505,-9.9486841604341,0.328177577819905));
#1051=CARTESIAN_POINT('',(6.94328526982785,-11.9724679764297,0.0909234676672111));
#1052=CARTESIAN_POINT('',(7.18349470879219,12.3299177722389,0.244121915762233));
#1053=CARTESIAN_POINT('',(4.211190755333,15.1467984786463,1.77140316271266));
#1054=CARTESIAN_POINT('',(4.40301675403039,15.157731723917,1.69419331739752));
#1055=CARTESIAN_POINT('',(4.6850581987977,15.1474508213255,1.57254424172696));
#1056=CARTESIAN_POINT('',(5.04967864849544,15.0835213899497,1.40033761222556));
#1057=CARTESIAN_POINT('',(5.40926456252298,14.9844121847051,1.22070383064846));
#1058=CARTESIAN_POINT('',(5.74574802342812,14.8358698257905,1.03897749259224));
#1059=CARTESIAN_POINT('',(6.05590076243423,14.6389869683845,0.861594924107184));
#1060=CARTESIAN_POINT('',(6.35117352245156,14.4046973898904,0.687244389466966));
#1061=CARTESIAN_POINT('',(6.60640582536113,14.1258010453833,0.531029340770435));
#1062=CARTESIAN_POINT('',(6.82100564952702,13.7943529251182,0.400816877822859));
#1063=CARTESIAN_POINT('',(6.95379392502839,13.5278211845963,0.322859119258027));
#1064=CARTESIAN_POINT('',(7.05787226876377,13.2464470335446,0.26638947825586));
#1065=CARTESIAN_POINT('',(7.1585455832675,12.8452134959875,0.221536189512359));
#1066=CARTESIAN_POINT('',(7.1855407019986,12.5369142848085,0.225841361754484));
#1067=CARTESIAN_POINT('',(7.18349470879226,12.3299177722456,0.244121915721865));
#1068=CARTESIAN_POINT('',(4.211190755333,15.1467984786463,1.77140316271266));
#1069=CARTESIAN_POINT('',(-3.78841848442093,15.2258681497016,1.77140316271261));
#1070=CARTESIAN_POINT('',(-3.46949533329851,15.2013580915023,1.89993945494503));
#1071=CARTESIAN_POINT('',(-2.82421395404189,15.1577271388921,2.12413643787876));
#1072=CARTESIAN_POINT('',(-1.83452425345663,15.1078346760252,2.36552943433616));
#1073=CARTESIAN_POINT('',(-0.824081249921859,15.0734413958368,2.51240999060264));
#1074=CARTESIAN_POINT('',(0.211039144301862,15.0548959844933,2.56244620061481));
#1075=CARTESIAN_POINT('',(1.23128042303454,15.0529963966227,2.51318881489212));
#1076=CARTESIAN_POINT('',(2.57649195713905,15.071704743596,2.32057675190647));
#1077=CARTESIAN_POINT('',(3.57251013958944,15.1103964691743,2.02847171380689));
#1078=CARTESIAN_POINT('',(4.21119075533299,15.1467984786463,1.77140316271266));
#1079=CARTESIAN_POINT('',(-3.78841848442093,15.2258681497016,1.7714031627126));
#1080=CARTESIAN_POINT('',(-6.81582146070037,12.4682896965916,0.244121915721732));
#1081=CARTESIAN_POINT('',(-6.81378213871087,12.6746112711261,0.225900967787817));
#1082=CARTESIAN_POINT('',(-6.78128736923366,12.9787920303034,0.221481131693923));
#1083=CARTESIAN_POINT('',(-6.67361352840117,13.377743477253,0.265662853411128));
#1084=CARTESIAN_POINT('',(-6.56375977252489,13.6587011996124,0.322160592728876));
#1085=CARTESIAN_POINT('',(-6.42610318383302,13.9224418602134,0.399866234434571));
#1086=CARTESIAN_POINT('',(-6.26088830436512,14.1676765257317,0.497128107873377));
#1087=CARTESIAN_POINT('',(-6.07605329600702,14.3857942429794,0.607326387741403));
#1088=CARTESIAN_POINT('',(-5.80022914930639,14.6474707773331,0.770820753008533));
#1089=CARTESIAN_POINT('',(-5.41755250972454,14.908269865295,0.991488846869591));
#1090=CARTESIAN_POINT('',(-4.9030932131972,15.1228966881405,1.26686502853788));
#1091=CARTESIAN_POINT('',(-4.36111971105377,15.2340408250589,1.52985348998385));
#1092=CARTESIAN_POINT('',(-3.97961528557682,15.2405621118908,1.69434469950356));
#1093=CARTESIAN_POINT('',(-3.78841848442093,15.2258681497016,1.77140316271261));
#1094=CARTESIAN_POINT('',(-4.07305833433927,-13.5716156823156,10.3703031988322));
#1095=CARTESIAN_POINT('',(-4.1023084573111,-16.5308989430963,9.87858477080404));
#1096=CARTESIAN_POINT('',(-4.08696641501322,-14.9787191795473,0.536269968735375));
#1097=CARTESIAN_POINT('',(-7.07291179920812,-13.5419645556198,10.3703031988405));
#1098=CARTESIAN_POINT('',(-7.05533217322435,-11.7634047541938,-0.33455583194237));
#1099=CARTESIAN_POINT('',(-4.08696641501372,-14.9787191795977,0.536269968726992));
#1100=CARTESIAN_POINT('',(-4.28568239823543,-14.9671195814129,0.478281436735619));
#1101=CARTESIAN_POINT('',(-4.57647702846832,-14.9198999470968,0.390616001009011));
#1102=CARTESIAN_POINT('',(-4.95003786228788,-14.8023404838409,0.272827016492371));
#1103=CARTESIAN_POINT('',(-5.31622800395776,-14.6466751886061,0.154096074077841));
#1104=CARTESIAN_POINT('',(-5.73613848542206,-14.3932947253029,0.0127488276125789));
#1105=CARTESIAN_POINT('',(-6.18771986805114,-13.9917066859702,-0.143109289052049));
#1106=CARTESIAN_POINT('',(-6.55614219541366,-13.5199090029856,-0.267934297982043));
#1107=CARTESIAN_POINT('',(-6.84198531901866,-12.9704885970339,-0.35344174819477));
#1108=CARTESIAN_POINT('',(-7.0172710566588,-12.3860873797982,-0.382759358191334));
#1109=CARTESIAN_POINT('',(-7.05737173395731,-11.9697504824396,-0.358628684258615));
#1110=CARTESIAN_POINT('',(-7.05533217322435,-11.7634047541938,-0.334555831942373));
#1111=CARTESIAN_POINT('',(3.89730078239169,-16.6099686141511,9.87858477080407));
#1112=CARTESIAN_POINT('',(3.89730078239169,-16.6099686141511,9.87858477080407));
#1113=CARTESIAN_POINT('',(3.91264282468959,-15.0577888505995,0.53626996871964));
#1114=CARTESIAN_POINT('',(3.9126428246896,-15.0577888505995,0.536269968719642));
#1115=CARTESIAN_POINT('',(3.25925007616338,-15.082982326588,0.726757948583794));
#1116=CARTESIAN_POINT('',(1.94034864504001,-15.117038394792,1.01017132841396));
#1117=CARTESIAN_POINT('',(0.266253006593577,-15.1206004574448,1.13119314147072));
#1118=CARTESIAN_POINT('',(-1.09517474274503,-15.0993058277669,1.08402201518618));
#1119=CARTESIAN_POINT('',(-2.44268072340025,-15.0621306826909,0.940449871298357));
#1120=CARTESIAN_POINT('',(-3.43418817055939,-15.0168236400777,0.726761198972147));
#1121=CARTESIAN_POINT('',(-4.08696641501322,-14.9787191795471,0.536269968734503));
#1122=CARTESIAN_POINT('',(3.92655090536402,-13.6506853533199,10.3703031988406));
#1123=CARTESIAN_POINT('',(6.92640437018222,-13.6803364799648,10.3703031988406));
#1124=CARTESIAN_POINT('',(6.94398399616605,-11.901776678534,-0.33455583197135));
#1125=CARTESIAN_POINT('',(6.9439839962172,-11.9017766785345,-0.33455583197135));
#1126=CARTESIAN_POINT('',(6.94194772201433,-12.1077899034609,-0.358589893546442));
#1127=CARTESIAN_POINT('',(6.89606865596297,-12.5128162067344,-0.382755382168081));
#1128=CARTESIAN_POINT('',(6.70595035857826,-13.1068647295629,-0.353311843296427));
#1129=CARTESIAN_POINT('',(6.46288919339751,-13.5526640533826,-0.283206867501666));
#1130=CARTESIAN_POINT('',(6.22125608462571,-13.8799982698783,-0.205471708091024));
#1131=CARTESIAN_POINT('',(6.02213756504306,-14.1035633039923,-0.139189122552288));
#1132=CARTESIAN_POINT('',(5.80439277432477,-14.3078641114782,-0.0657231686683534));
#1133=CARTESIAN_POINT('',(5.48813309686311,-14.5539054414272,0.0410054132208243));
#1134=CARTESIAN_POINT('',(5.06431864759131,-14.7986425811121,0.182023766778147));
#1135=CARTESIAN_POINT('',(4.50066641071542,-14.9953504942024,0.361374755434031));
#1136=CARTESIAN_POINT('',(4.11129221564991,-15.0501293400331,0.478356376518582));
#1137=CARTESIAN_POINT('',(3.91264282468959,-15.0577888505995,0.53626996871964));
#1138=CARTESIAN_POINT('',(7.16040535396082,9.99392960668439,14.3040506231325));
#1139=CARTESIAN_POINT('',(7.16040535401196,9.99392960668387,14.3040506231325));
#1140=CARTESIAN_POINT('',(7.1842976555221,12.4111532193307,-0.244820884318808));
#1141=CARTESIAN_POINT('',(7.18429765547096,12.4111532193312,-0.244820884318808));
#1142=CARTESIAN_POINT('',(7.16426426185329,10.3843416928806,-0.0533987626827551));
#1143=CARTESIAN_POINT('',(7.12420072198865,6.33104718183733,0.24042112880004));
#1144=CARTESIAN_POINT('',(7.06411549922336,0.252125936930319,0.404622185869501));
#1145=CARTESIAN_POINT('',(7.00404197010587,-5.8256122423122,0.24825022892131));
#1146=CARTESIAN_POINT('',(6.96400178874632,-9.87654353480875,-0.0982866404970159));
#1147=CARTESIAN_POINT('',(6.943983996166,-11.9017766785389,-0.334555831942272));
#1148=CARTESIAN_POINT('',(4.1605518891426,10.0235807333292,14.3040506231325));
#1149=CARTESIAN_POINT('',(4.18980201211494,12.9828639941604,14.795769051169));
#1150=CARTESIAN_POINT('',(4.21186385584551,15.2148971694249,1.36152833905958));
#1151=CARTESIAN_POINT('',(4.21186385584551,15.2148971694249,1.36152833905957));
#1152=CARTESIAN_POINT('',(4.40344942845218,15.2263854619093,1.28099238403949));
#1153=CARTESIAN_POINT('',(4.68491300616138,15.2170714228831,1.15406893628443));
#1154=CARTESIAN_POINT('',(5.04851029087556,15.1548435276223,0.97422560193442));
#1155=CARTESIAN_POINT('',(5.31706339089339,15.0822053597687,0.833562735983871));
#1156=CARTESIAN_POINT('',(5.57500053936547,14.9846648474318,0.691145421518993));
#1157=CARTESIAN_POINT('',(5.81969986070354,14.8633938899367,0.549603264798356));
#1158=CARTESIAN_POINT('',(6.0518096901235,14.717888173755,0.409853222926633));
#1159=CARTESIAN_POINT('',(6.34653431541801,14.4868329646562,0.226390013448373));
#1160=CARTESIAN_POINT('',(6.60265589572995,14.2101427730232,0.0608049098470559));
#1161=CARTESIAN_POINT('',(6.81830692657429,13.8803508790878,-0.0776505599591096));
#1162=CARTESIAN_POINT('',(6.95230765550326,13.6138097959959,-0.160961386185088));
#1163=CARTESIAN_POINT('',(7.05732860358638,13.3320970507211,-0.221308167205741));
#1164=CARTESIAN_POINT('',(7.15911690679627,12.929207979973,-0.269277867818005));
#1165=CARTESIAN_POINT('',(7.18635378201464,12.6191749331971,-0.264467485584356));
#1166=CARTESIAN_POINT('',(7.18429765552217,12.4111532193378,-0.2448208843616));
#1167=CARTESIAN_POINT('',(-3.80980722763898,13.0619336652157,14.795769051169));
#1168=CARTESIAN_POINT('',(-3.80980722763899,13.0619336652157,14.795769051169));
#1169=CARTESIAN_POINT('',(-3.78774538390841,15.2939668404802,1.36152833905951));
#1170=CARTESIAN_POINT('',(-3.78774538390842,15.2939668404803,1.36152833905951));
#1171=CARTESIAN_POINT('',(-3.47029022136331,15.2686246356074,1.49516002008567));
#1172=CARTESIAN_POINT('',(-2.82704157673713,15.223531796187,1.72827591810246));
#1173=CARTESIAN_POINT('',(-1.83829601225308,15.1720096190897,1.97953310077374));
#1174=CARTESIAN_POINT('',(-0.82531075340825,15.1365209338047,2.13285484879857));
#1175=CARTESIAN_POINT('',(0.55648832103415,15.1114108285684,2.20177665306828));
#1176=CARTESIAN_POINT('',(1.90761216641965,15.120342016663,2.06765425639643));
#1177=CARTESIAN_POINT('',(3.24627815594688,15.1632256913158,1.72993845013955));
#1178=CARTESIAN_POINT('',(3.89397328876366,15.195835087855,1.49515854964111));
#1179=CARTESIAN_POINT('',(4.21186385584551,15.2148971694249,1.36152833905957));
#1180=CARTESIAN_POINT('',(-3.83905735061131,10.1026504043845,14.3040506231325));
#1181=CARTESIAN_POINT('',(-6.83891081542953,10.1323015310294,14.3040506231325));
#1182=CARTESIAN_POINT('',(-6.81501851391931,12.5495251436834,-0.244820884361739));
#1183=CARTESIAN_POINT('',(-6.81501851397046,12.5495251436839,-0.244820884361739));
#1184=CARTESIAN_POINT('',(-6.81296985132505,12.7567917278067,-0.264396167391176));
#1185=CARTESIAN_POINT('',(-6.78027647498851,13.0625798506289,-0.269373822184015));
#1186=CARTESIAN_POINT('',(-6.67132656631705,13.4634208124306,-0.222041676958973));
#1187=CARTESIAN_POINT('',(-6.52403380368668,13.8379885853512,-0.141838461229467));
#1188=CARTESIAN_POINT('',(-6.31785675273616,14.1799023361371,-0.0144155120030304));
#1189=CARTESIAN_POINT('',(-6.07034221245667,14.4688638810274,0.141612728586867));
#1190=CARTESIAN_POINT('',(-5.79400591884436,14.7280827642349,0.314546880523676));
#1191=CARTESIAN_POINT('',(-5.41233211914064,14.9848035745477,0.546459075267241));
#1192=CARTESIAN_POINT('',(-4.90013687631965,15.1954886540117,0.834539941600753));
#1193=CARTESIAN_POINT('',(-4.35898160436272,15.304034588148,1.10972684441252));
#1194=CARTESIAN_POINT('',(-3.978654336497,15.309206957383,1.28116585872427));
#1195=CARTESIAN_POINT('',(-3.78774538390842,15.2939668404803,1.36152833905952));
#1196=CARTESIAN_POINT('',(-7.07291179920812,-13.5419645556198,10.3703031988405));
#1197=CARTESIAN_POINT('',(-7.05533217322435,-11.7634047541938,-0.334555831942368));
#1198=CARTESIAN_POINT('',(-7.03531438064403,-9.73817161046333,-0.0982866404970666));
#1199=CARTESIAN_POINT('',(-6.99527419928454,-5.6872403179729,0.248250228920822));
#1200=CARTESIAN_POINT('',(-6.93520067016699,0.390497861273588,0.404622185869485));
#1201=CARTESIAN_POINT('',(-6.87511544740172,6.46941910618104,0.240421128799974));
#1202=CARTESIAN_POINT('',(-6.83505190753705,10.5227136172253,-0.0533987626828614));
#1203=CARTESIAN_POINT('',(-6.81501851391938,12.5495251436763,-0.244820884318943));
#1204=CARTESIAN_POINT('',(6.90986339415261,15.4649821017027,-0.304035177631811));
#1205=CARTESIAN_POINT('',(5.98935725606776,15.3427667439419,0.486241277545668));
#1206=CARTESIAN_POINT('',(4.39052727906959,15.2029708558212,1.42267697066542));
#1207=CARTESIAN_POINT('',(2.0284968129745,15.1201888809738,2.0613850086896));
#1208=CARTESIAN_POINT('',(0.199381572494441,15.1116253579507,2.22172814002362));
#1209=CARTESIAN_POINT('',(-1.62884148526969,15.1569971220334,2.05742246647799));
#1210=CARTESIAN_POINT('',(-3.98733820757397,15.2872889328562,1.41359163771772));
#1211=CARTESIAN_POINT('',(-5.58099204105,15.4592140890026,0.473700523686863));
#1212=CARTESIAN_POINT('',(-6.4971427696778,15.5999145042776,-0.318569192865621));
#1213=CARTESIAN_POINT('',(7.01697531278225,14.6307567813914,-0.308101852329454));
#1214=CARTESIAN_POINT('',(6.08061046331665,14.506435901265,0.495789569337559));
#1215=CARTESIAN_POINT('',(4.45423544860961,14.3642315096954,1.44835872292243));
#1216=CARTESIAN_POINT('',(2.05150947354925,14.2800232888253,2.09807107389423));
#1217=CARTESIAN_POINT('',(0.190881631148516,14.271312252423,2.26117652293857));
#1218=CARTESIAN_POINT('',(-1.66883862664929,14.3174656760356,2.09404025494845));
#1219=CARTESIAN_POINT('',(-4.06796994308403,14.4500022764265,1.43911687500797));
#1220=CARTESIAN_POINT('',(-5.68907970839004,14.6248894774827,0.483032713058162));
#1221=CARTESIAN_POINT('',(-6.62101404070257,14.7680138714276,-0.322886257992626));
#1222=CARTESIAN_POINT('',(7.19365235918152,13.213265638098,-0.321221992168705));
#1223=CARTESIAN_POINT('',(6.23107283065257,13.0854642943763,0.505175163919239));
#1224=CARTESIAN_POINT('',(4.55916546689218,12.9392786140199,1.4844131731144));
#1225=CARTESIAN_POINT('',(2.08916915426707,12.85271278339,2.15231583235466));
#1226=CARTESIAN_POINT('',(0.17645051689704,12.8437579057232,2.31998742860126));
#1227=CARTESIAN_POINT('',(-1.73533507517829,12.8912034234099,2.14817215068067));
#1228=CARTESIAN_POINT('',(-4.20163603467061,13.027450699562,1.47491260397418));
#1229=CARTESIAN_POINT('',(-5.86813085844832,13.2072342017556,0.492061085407708));
#1230=CARTESIAN_POINT('',(-6.82615571296257,13.3543654716474,-0.336420296638458));
#1231=CARTESIAN_POINT('',(7.44293658475859,11.1427897782284,-0.350628281398477));
#1232=CARTESIAN_POINT('',(6.44327346059556,11.0100649309,0.50760575371618));
#1233=CARTESIAN_POINT('',(4.70695549706851,10.8582472713787,1.52456983961446));
#1234=CARTESIAN_POINT('',(2.14179778199537,10.7683463391106,2.21820472063376));
#1235=CARTESIAN_POINT('',(0.15539089050505,10.7590465206342,2.39233564357299));
#1236=CARTESIAN_POINT('',(-1.83004693891698,10.8083198499801,2.21390138206716));
#1237=CARTESIAN_POINT('',(-4.3913668574911,10.9498162906038,1.5147032803064));
#1238=CARTESIAN_POINT('',(-6.12206392149725,11.1365261592275,0.49398634475124));
#1239=CARTESIAN_POINT('',(-7.11699673842088,11.289325601994,-0.366412092060207));
#1240=CARTESIAN_POINT('',(7.69062940858238,9.0070091043417,-0.391988996466314));
#1241=CARTESIAN_POINT('',(6.65401272401932,8.86937802042052,0.497970281050015));
#1242=CARTESIAN_POINT('',(4.85351002059828,8.71194812898251,1.55252815115838));
#1243=CARTESIAN_POINT('',(2.19352461592717,8.61872379164096,2.27180501596171));
#1244=CARTESIAN_POINT('',(0.133687864384512,8.60908024178414,2.45237261702692));
#1245=CARTESIAN_POINT('',(-1.92514393500735,8.6601749736154,2.26734258045322));
#1246=CARTESIAN_POINT('',(-4.58114959978952,8.8069021697525,1.54229688494337));
#1247=CARTESIAN_POINT('',(-6.37582377381894,9.00051411864675,0.483847314216398));
#1248=CARTESIAN_POINT('',(-7.40753513475006,9.15896185626816,-0.40835626028082));
#1249=CARTESIAN_POINT('',(7.97836369649517,6.38114523515417,-0.462429555512339));
#1250=CARTESIAN_POINT('',(6.89862283418598,6.23778866086815,0.464552542674782));
#1251=CARTESIAN_POINT('',(5.02321763086165,6.0738093872473,1.56298171384543));
#1252=CARTESIAN_POINT('',(2.25256996218303,5.97670669575666,2.3121823276263));
#1253=CARTESIAN_POINT('',(0.107041815135678,5.96666201704234,2.50026142494571));
#1254=CARTESIAN_POINT('',(-2.03743949727447,6.01988229485154,2.30753422885886));
#1255=CARTESIAN_POINT('',(-4.80394178132389,6.17271368966411,1.55232484069952));
#1256=CARTESIAN_POINT('',(-6.67327615319783,6.37438025174969,0.449841933342819));
#1257=CARTESIAN_POINT('',(-7.7479074522601,6.53941944947855,-0.479477699352719));
#1258=CARTESIAN_POINT('',(8.33959051385342,2.77429793452686,-0.598842970056342));
#1259=CARTESIAN_POINT('',(7.20528914042622,2.62369750508675,0.374980232696319));
#1260=CARTESIAN_POINT('',(5.23511764254519,2.4514319773608,1.52891516035903));
#1261=CARTESIAN_POINT('',(2.32446065237353,2.34942241581466,2.3159751459791));
#1262=CARTESIAN_POINT('',(0.0705161541225928,2.33887023051993,2.5135577572571));
#1263=CARTESIAN_POINT('',(-2.18232852098901,2.39477973959545,2.31109214719788));
#1264=CARTESIAN_POINT('',(-5.08863055486276,2.55533413086489,1.51771981101229));
#1265=CARTESIAN_POINT('',(-7.05242465933694,2.76719135823223,0.359526142384036));
#1266=CARTESIAN_POINT('',(-8.18135806904083,2.94057003266221,-0.616752560328731));
#1267=CARTESIAN_POINT('',(8.94280791376903,-4.38431468896345,-1.00222562371214));
#1268=CARTESIAN_POINT('',(7.71585226898712,-4.54721655147809,0.0511428162516935));
#1269=CARTESIAN_POINT('',(5.58474933345516,-4.73355375830451,1.29933719363427));
#1270=CARTESIAN_POINT('',(2.43632967773304,-4.84389611413788,2.15068965037966));
#1271=CARTESIAN_POINT('',(-0.00172667591920515,-4.8553101436263,2.36441107032029));
#1272=CARTESIAN_POINT('',(-2.43859322436125,-4.79483380059536,2.14540774683323));
#1273=CARTESIAN_POINT('',(-5.58230203403636,-4.62116429447932,1.28722740710045));
#1274=CARTESIAN_POINT('',(-7.70650696830299,-4.39200133074524,0.0344261559083847));
#1275=CARTESIAN_POINT('',(-8.92765584215079,-4.20446064471958,-1.02159811656472));
#1276=CARTESIAN_POINT('',(9.17439512166323,-10.2089970224771,-1.63279638961725));
#1277=CARTESIAN_POINT('',(7.90768740852128,-10.3771765793927,-0.545300122221239));
#1278=CARTESIAN_POINT('',(5.70753901407374,-10.5695511054695,0.743334966018255));
#1279=CARTESIAN_POINT('',(2.45711066462933,-10.6834685017139,1.62227119708838));
#1280=CARTESIAN_POINT('',(-0.0599363820791634,-10.6952522921373,1.84291676563785));
#1281=CARTESIAN_POINT('',(-2.57575502081836,-10.6328166105647,1.61681814981782));
#1282=CARTESIAN_POINT('',(-5.82131983842713,-10.4535202820227,0.730832851475547));
#1283=CARTESIAN_POINT('',(-8.01434686417704,-10.2169324695564,-0.562558466972906));
#1284=CARTESIAN_POINT('',(-9.27505954989643,-10.0233158297896,-1.65279652145047));
#1285=CARTESIAN_POINT('',(9.17923855997872,-14.63660575694,-2.3118003673556));
#1286=CARTESIAN_POINT('',(7.90584865942838,-14.805672415063,-1.21856731801573));
#1287=CARTESIAN_POINT('',(5.69409395472221,-14.999061846619,0.0768657138792962));
#1288=CARTESIAN_POINT('',(2.42651825353674,-15.1135801733701,0.960438697819739));
#1289=CARTESIAN_POINT('',(-0.103806865441941,-15.125426115966,1.18224819092563));
#1290=CARTESIAN_POINT('',(-2.63289708693762,-15.0626610776754,0.954956882039981));
#1291=CARTESIAN_POINT('',(-5.89558359014787,-14.8824189246957,0.0642976500254995));
#1292=CARTESIAN_POINT('',(-8.10017937910901,-14.6445829659431,-1.23591671913225));
#1293=CARTESIAN_POINT('',(-9.36754260684516,-14.4499450384867,-2.33190600290139));
#1294=CARTESIAN_POINT('',(0.0644827410578728,-0.0551163591444492,51.1621398925781));
#1295=CARTESIAN_POINT('',(0.,0.,0.));
#1296=CARTESIAN_POINT('',(-12.7561541345308,-12.7561541345308,51.1621398925781));
#1297=CARTESIAN_POINT('',(0.0644827410578728,-19.5202617645264,0.00831875950098038));
#1298=CARTESIAN_POINT('',(0.,0.,0.));
#1299=CARTESIAN_POINT('',(-4.86694787077911,-4.86694787077911,19.5202617645264));
#1300=CARTESIAN_POINT('',(31.5637378692627,-0.0551163591444492,0.00831875950098038));
#1301=CARTESIAN_POINT('',(0.,0.,0.));
#1302=CARTESIAN_POINT('',(-7.86972370912596,-7.86972370912596,31.5637378692627));
#1303=CARTESIAN_POINT('',(0.0644827410578728,19.5202617645264,0.00831875950098038));
#1304=CARTESIAN_POINT('',(0.,0.,0.));
#1305=CARTESIAN_POINT('',(-4.86694787077911,-4.86694787077911,19.5202617645264));
#1306=CARTESIAN_POINT('',(0.0644827410578728,-0.0551163591444492,-51.1621398925781));
#1307=CARTESIAN_POINT('',(0.,0.,0.));
#1308=CARTESIAN_POINT('',(-12.7561541345308,-12.7561541345308,51.1621398925781));
#1309=CARTESIAN_POINT('',(-31.5637378692627,-0.0551163591444492,0.00831875950098038));
#1310=CARTESIAN_POINT('',(0.,0.,0.));
#1311=CARTESIAN_POINT('',(-7.86972370912596,-7.86972370912596,31.5637378692627));
#1312=CARTESIAN_POINT('',(24.1900061188887,-24.1806397351126,24.1338421373318));
#1313=CARTESIAN_POINT('',(0.,0.,0.));
#1314=CARTESIAN_POINT('',(-10.4369912658692,-10.4369912658692,41.8604856581767));
#1315=CARTESIAN_POINT('',(26.462091064728,-21.5385806400267,13.7940202930312));
#1316=CARTESIAN_POINT('',(0.,0.,0.));
#1317=CARTESIAN_POINT('',(-9.17590438409214,-9.17590438409214,36.8025424268763));
#1318=MECHANICAL_DESIGN_GEOMETRIC_PRESENTATION_REPRESENTATION('',(#240),
#1319);
#1319=(
GEOMETRIC_REPRESENTATION_CONTEXT(3)
GLOBAL_UNCERTAINTY_ASSIGNED_CONTEXT((#1320))
GLOBAL_UNIT_ASSIGNED_CONTEXT((#1323,#1322,#1321))
REPRESENTATION_CONTEXT('Hull Main Hatch','TOP_LEVEL_ASSEMBLY_PART')
);
#1320=UNCERTAINTY_MEASURE_WITH_UNIT(LENGTH_MEASURE(0.000196850393700787),
#1323,'DISTANCE_ACCURACY_VALUE','Maximum Tolerance applied to model');
#1321=(
NAMED_UNIT(*)
SI_UNIT($,.STERADIAN.)
SOLID_ANGLE_UNIT()
);
#1322=(
NAMED_UNIT(*)
PLANE_ANGLE_UNIT()
SI_UNIT($,.RADIAN.)
);
#1323=(
CONVERSION_BASED_UNIT('INCH',#1325)
LENGTH_UNIT()
NAMED_UNIT(#1324)
);
#1324=DIMENSIONAL_EXPONENTS(1.,0.,0.,0.,0.,0.,0.);
#1325=LENGTH_MEASURE_WITH_UNIT(LENGTH_MEASURE(25.4),#1326);
#1326=(
LENGTH_UNIT()
NAMED_UNIT(*)
SI_UNIT(.MILLI.,.METRE.)
);
#1327=PRODUCT_DEFINITION_SHAPE('','',#1328);
#1328=PRODUCT_DEFINITION('','',#1330,#1329);
#1329=PRODUCT_DEFINITION_CONTEXT('',#1336,'design');
#1330=PRODUCT_DEFINITION_FORMATION_WITH_SPECIFIED_SOURCE('','',#1332,
 .NOT_KNOWN.);
#1331=PRODUCT_RELATED_PRODUCT_CATEGORY('','',(#1332));
#1332=PRODUCT('Hull Main Hatch','Hull Main Hatch','Hull Main Hatch',(#1334));
#1333=PRODUCT_CATEGORY('','');
#1334=PRODUCT_CONTEXT('',#1336,'mechanical');
#1335=APPLICATION_PROTOCOL_DEFINITION('international standard',
'ap242_managed_model_based_3d_engineering',2020,#1336);
#1336=APPLICATION_CONTEXT('managed model based 3d engineering');
ENDSEC;
END-ISO-10303-21;
