ISO-10303-21;
HEADER;
/* Generated by software containing ST-Developer
 * from STEP Tools, Inc. (www.steptools.com) 
 */
/* OPTION: using custom renumber hook */

FILE_DESCRIPTION(
/* description */ (
'CAx-IF Rec.Pracs.---Representation and Presentation of Product Manufa
cturing Information (PMI)---4.0---2014-10-13',
'CAx-IF Rec.Pracs.---3D Tessellated Geometry---0.4---2014-09-14','2;1'),

/* implementation_level */ '2;1');

FILE_NAME(
/* name */ 'Thin Hull_00200 Allocation',
/* time_stamp */ '2026-04-15T00:10:08-07:00',
/* author */ (''),
/* organization */ (''),
/* preprocessor_version */ 'ST-DEVELOPER v20',
/* originating_system */ 'SIEMENS PLM Software NX2406.1700',
/* authorisation */ $);

FILE_SCHEMA (('AP242_MANAGED_MODEL_BASED_3D_ENGINEERING_MIM_LF { 1 0 10303 442 3 1 4 }'));
ENDSEC;

DATA;
#10=DEFAULT_MODEL_GEOMETRIC_VIEW('Trimetric','',#60,#34,'','',#7571,*);
#11=MECHANICAL_DESIGN_AND_DRAUGHTING_RELATIONSHIP('','',#26,#27);
#12=MECHANICAL_DESIGN_AND_DRAUGHTING_RELATIONSHIP('','',#28,#27);
#13=MECHANICAL_DESIGN_AND_DRAUGHTING_RELATIONSHIP('','',#29,#27);
#14=MECHANICAL_DESIGN_AND_DRAUGHTING_RELATIONSHIP('','',#30,#27);
#15=MECHANICAL_DESIGN_AND_DRAUGHTING_RELATIONSHIP('','',#31,#27);
#16=MECHANICAL_DESIGN_AND_DRAUGHTING_RELATIONSHIP('','',#32,#27);
#17=MECHANICAL_DESIGN_AND_DRAUGHTING_RELATIONSHIP('','',#33,#27);
#18=MECHANICAL_DESIGN_AND_DRAUGHTING_RELATIONSHIP('','',#34,#27);
#19=MODEL_GEOMETRIC_VIEW('Top','',#53,#26);
#20=MODEL_GEOMETRIC_VIEW('Front','',#54,#28);
#21=MODEL_GEOMETRIC_VIEW('Right','',#55,#29);
#22=MODEL_GEOMETRIC_VIEW('Back','',#56,#30);
#23=MODEL_GEOMETRIC_VIEW('Bottom','',#57,#31);
#24=MODEL_GEOMETRIC_VIEW('Left','',#58,#32);
#25=MODEL_GEOMETRIC_VIEW('Isometric','',#59,#33);
#26=DRAUGHTING_MODEL('Top',(#53,#44),#7563);
#27=DRAUGHTING_MODEL('',(#45),#7563);
#28=DRAUGHTING_MODEL('Front',(#54,#46),#7563);
#29=DRAUGHTING_MODEL('Right',(#55,#47),#7563);
#30=DRAUGHTING_MODEL('Back',(#56,#48),#7563);
#31=DRAUGHTING_MODEL('Bottom',(#57,#49),#7563);
#32=DRAUGHTING_MODEL('Left',(#58,#50),#7563);
#33=DRAUGHTING_MODEL('Isometric',(#59,#51),#7563);
#34=DRAUGHTING_MODEL('Trimetric',(#60,#52),#7563);
#35=REPRESENTATION_MAP(#2235,#708);
#36=REPRESENTATION_MAP(#2235,#708);
#37=REPRESENTATION_MAP(#2235,#708);
#38=REPRESENTATION_MAP(#2235,#708);
#39=REPRESENTATION_MAP(#2235,#708);
#40=REPRESENTATION_MAP(#2235,#708);
#41=REPRESENTATION_MAP(#2235,#708);
#42=REPRESENTATION_MAP(#2235,#708);
#43=REPRESENTATION_MAP(#2235,#708);
#44=MAPPED_ITEM('',#35,#2235);
#45=MAPPED_ITEM('',#36,#2235);
#46=MAPPED_ITEM('',#37,#2235);
#47=MAPPED_ITEM('',#38,#2235);
#48=MAPPED_ITEM('',#39,#2235);
#49=MAPPED_ITEM('',#40,#2235);
#50=MAPPED_ITEM('',#41,#2235);
#51=MAPPED_ITEM('',#42,#2235);
#52=MAPPED_ITEM('',#43,#2235);
#53=CAMERA_MODEL_D3('Top',#2299,#61);
#54=CAMERA_MODEL_D3('Front',#2301,#62);
#55=CAMERA_MODEL_D3('Right',#2303,#63);
#56=CAMERA_MODEL_D3('Back',#2305,#64);
#57=CAMERA_MODEL_D3('Bottom',#2307,#65);
#58=CAMERA_MODEL_D3('Left',#2309,#66);
#59=CAMERA_MODEL_D3('Isometric',#2311,#67);
#60=CAMERA_MODEL_D3('Trimetric',#2313,#68);
#61=VIEW_VOLUME(.PARALLEL.,#7539,162.653442382812,0.,.F.,0.,.F.,.F.,#69);
#62=VIEW_VOLUME(.PARALLEL.,#7542,66.5071868896484,0.,.F.,0.,.F.,.F.,#70);
#63=VIEW_VOLUME(.PARALLEL.,#7545,100.346687316895,0.,.F.,0.,.F.,.F.,#71);
#64=VIEW_VOLUME(.PARALLEL.,#7548,66.5071868896484,0.,.F.,0.,.F.,.F.,#72);
#65=VIEW_VOLUME(.PARALLEL.,#7551,162.653442382812,0.,.F.,0.,.F.,.F.,#73);
#66=VIEW_VOLUME(.PARALLEL.,#7554,100.346687316895,0.,.F.,0.,.F.,.F.,#74);
#67=VIEW_VOLUME(.PARALLEL.,#7557,119.886097072627,0.,.F.,0.,.F.,.F.,#75);
#68=VIEW_VOLUME(.PARALLEL.,#7560,103.174450790295,0.,.F.,0.,.F.,.F.,#76);
#69=PLANAR_BOX('',81.1081157239933,81.1081157239933,#2300);
#70=PLANAR_BOX('',33.1642080960523,33.1642080960523,#2302);
#71=PLANAR_BOX('',50.0384781790397,50.0384781790397,#2304);
#72=PLANAR_BOX('',33.1642080960523,33.1642080960523,#2306);
#73=PLANAR_BOX('',81.1081157239933,81.1081157239933,#2308);
#74=PLANAR_BOX('',50.0384781790397,50.0384781790397,#2310);
#75=PLANAR_BOX('',59.7819221813903,59.7819221813903,#2312);
#76=PLANAR_BOX('',51.4485594148296,51.4485594148296,#2314);
#77=VERTEX_LOOP('',#1517);
#78=VERTEX_LOOP('',#1519);
#79=GEOMETRICALLY_BOUNDED_WIREFRAME_SHAPE_REPRESENTATION('',(#639,#640,
#641,#642,#643,#644,#645,#646,#647,#648,#649,#650,#651,#652,#653,#654,#655,
#656,#657,#658,#659,#660,#661,#662,#663,#664,#665,#666,#667,#668,#669,#670,
#671,#672,#673,#674,#675,#676,#677,#678,#679,#680,#681,#682,#683,#684,#685,
#686,#687,#688,#689,#690,#691,#692,#693,#694,#695,#696,#697,#698,#699,#700,
#701,#702,#703,#704,#705),#7563);
#80=CURVE_STYLE('',#259,POSITIVE_LENGTH_MEASURE(0.0277777777777778),#2228);
#81=CURVE_STYLE('',#260,POSITIVE_LENGTH_MEASURE(0.0277777777777778),#2228);
#82=CURVE_STYLE('',#261,POSITIVE_LENGTH_MEASURE(0.0277777777777778),#2228);
#83=CURVE_STYLE('',#262,POSITIVE_LENGTH_MEASURE(0.0277777777777778),#2228);
#84=CURVE_STYLE('',#263,POSITIVE_LENGTH_MEASURE(0.0277777777777778),#2228);
#85=CURVE_STYLE('',#264,POSITIVE_LENGTH_MEASURE(0.0277777777777778),#2228);
#86=CURVE_STYLE('',#265,POSITIVE_LENGTH_MEASURE(0.0277777777777778),#2228);
#87=CURVE_STYLE('',#266,POSITIVE_LENGTH_MEASURE(0.0277777777777778),#2228);
#88=CURVE_STYLE('',#267,POSITIVE_LENGTH_MEASURE(0.0277777777777778),#2228);
#89=CURVE_STYLE('',#268,POSITIVE_LENGTH_MEASURE(0.0277777777777778),#2228);
#90=CURVE_STYLE('',#269,POSITIVE_LENGTH_MEASURE(0.0277777777777778),#2228);
#91=CURVE_STYLE('',#270,POSITIVE_LENGTH_MEASURE(0.0277777777777778),#2228);
#92=CURVE_STYLE('',#271,POSITIVE_LENGTH_MEASURE(0.0277777777777778),#2228);
#93=CURVE_STYLE('',#272,POSITIVE_LENGTH_MEASURE(0.0277777777777778),#2228);
#94=CURVE_STYLE('',#273,POSITIVE_LENGTH_MEASURE(0.0277777777777778),#2228);
#95=CURVE_STYLE('',#274,POSITIVE_LENGTH_MEASURE(0.0277777777777778),#2228);
#96=CURVE_STYLE('',#275,POSITIVE_LENGTH_MEASURE(0.0277777777777778),#2228);
#97=CURVE_STYLE('',#276,POSITIVE_LENGTH_MEASURE(0.0277777777777778),#2228);
#98=CURVE_STYLE('',#277,POSITIVE_LENGTH_MEASURE(0.0277777777777778),#2228);
#99=CURVE_STYLE('',#278,POSITIVE_LENGTH_MEASURE(0.0277777777777778),#2228);
#100=CURVE_STYLE('',#279,POSITIVE_LENGTH_MEASURE(0.0277777777777778),#2228);
#101=CURVE_STYLE('',#280,POSITIVE_LENGTH_MEASURE(0.0277777777777778),#2228);
#102=CURVE_STYLE('',#281,POSITIVE_LENGTH_MEASURE(0.0277777777777778),#2228);
#103=CURVE_STYLE('',#282,POSITIVE_LENGTH_MEASURE(0.0277777777777778),#2228);
#104=CURVE_STYLE('',#283,POSITIVE_LENGTH_MEASURE(0.0277777777777778),#2228);
#105=CURVE_STYLE('',#284,POSITIVE_LENGTH_MEASURE(0.0277777777777778),#2228);
#106=CURVE_STYLE('',#285,POSITIVE_LENGTH_MEASURE(0.0277777777777778),#2228);
#107=CURVE_STYLE('',#286,POSITIVE_LENGTH_MEASURE(0.0277777777777778),#2228);
#108=CURVE_STYLE('',#287,POSITIVE_LENGTH_MEASURE(0.0277777777777778),#2228);
#109=CURVE_STYLE('',#288,POSITIVE_LENGTH_MEASURE(0.0277777777777778),#2228);
#110=CURVE_STYLE('',#289,POSITIVE_LENGTH_MEASURE(0.0277777777777778),#2228);
#111=CURVE_STYLE('',#290,POSITIVE_LENGTH_MEASURE(0.0277777777777778),#2228);
#112=CURVE_STYLE('',#291,POSITIVE_LENGTH_MEASURE(0.0277777777777778),#2228);
#113=CURVE_STYLE('',#292,POSITIVE_LENGTH_MEASURE(0.0277777777777778),#2228);
#114=CURVE_STYLE('',#293,POSITIVE_LENGTH_MEASURE(0.0277777777777778),#2228);
#115=CURVE_STYLE('',#294,POSITIVE_LENGTH_MEASURE(0.0277777777777778),#2228);
#116=CURVE_STYLE('',#295,POSITIVE_LENGTH_MEASURE(0.0277777777777778),#2228);
#117=CURVE_STYLE('',#296,POSITIVE_LENGTH_MEASURE(0.0277777777777778),#2228);
#118=CURVE_STYLE('',#297,POSITIVE_LENGTH_MEASURE(0.0277777777777778),#2228);
#119=CURVE_STYLE('',#298,POSITIVE_LENGTH_MEASURE(0.0277777777777778),#2228);
#120=CURVE_STYLE('',#299,POSITIVE_LENGTH_MEASURE(0.0277777777777778),#2228);
#121=CURVE_STYLE('',#300,POSITIVE_LENGTH_MEASURE(0.0277777777777778),#2228);
#122=CURVE_STYLE('',#301,POSITIVE_LENGTH_MEASURE(0.0277777777777778),#2228);
#123=CURVE_STYLE('',#302,POSITIVE_LENGTH_MEASURE(0.0277777777777778),#2228);
#124=CURVE_STYLE('',#303,POSITIVE_LENGTH_MEASURE(0.0277777777777778),#2228);
#125=CURVE_STYLE('',#304,POSITIVE_LENGTH_MEASURE(0.0277777777777778),#2228);
#126=CURVE_STYLE('',#305,POSITIVE_LENGTH_MEASURE(0.0277777777777778),#2228);
#127=CURVE_STYLE('',#306,POSITIVE_LENGTH_MEASURE(0.0277777777777778),#2228);
#128=CURVE_STYLE('',#307,POSITIVE_LENGTH_MEASURE(0.0277777777777778),#2228);
#129=CURVE_STYLE('',#308,POSITIVE_LENGTH_MEASURE(0.0277777777777778),#2228);
#130=CURVE_STYLE('',#309,POSITIVE_LENGTH_MEASURE(0.0277777777777778),#2228);
#131=CURVE_STYLE('',#310,POSITIVE_LENGTH_MEASURE(0.0277777777777778),#2228);
#132=CURVE_STYLE('',#311,POSITIVE_LENGTH_MEASURE(0.0277777777777778),#2228);
#133=CURVE_STYLE('',#312,POSITIVE_LENGTH_MEASURE(0.0277777777777778),#2228);
#134=CURVE_STYLE('',#313,POSITIVE_LENGTH_MEASURE(0.0277777777777778),#2228);
#135=CURVE_STYLE('',#314,POSITIVE_LENGTH_MEASURE(0.0277777777777778),#2228);
#136=CURVE_STYLE('',#315,POSITIVE_LENGTH_MEASURE(0.0277777777777778),#2228);
#137=CURVE_STYLE('',#316,POSITIVE_LENGTH_MEASURE(0.0277777777777778),#2228);
#138=CURVE_STYLE('',#317,POSITIVE_LENGTH_MEASURE(0.0277777777777778),#2228);
#139=CURVE_STYLE('',#318,POSITIVE_LENGTH_MEASURE(0.0277777777777778),#2228);
#140=CURVE_STYLE('',#319,POSITIVE_LENGTH_MEASURE(0.0277777777777778),#2228);
#141=CURVE_STYLE('',#320,POSITIVE_LENGTH_MEASURE(0.0277777777777778),#2228);
#142=CURVE_STYLE('',#321,POSITIVE_LENGTH_MEASURE(0.0277777777777778),#2228);
#143=CURVE_STYLE('',#322,POSITIVE_LENGTH_MEASURE(0.0277777777777778),#2228);
#144=CURVE_STYLE('',#323,POSITIVE_LENGTH_MEASURE(0.0277777777777778),#2228);
#145=CURVE_STYLE('',#324,POSITIVE_LENGTH_MEASURE(0.0277777777777778),#2228);
#146=CURVE_STYLE('',#325,POSITIVE_LENGTH_MEASURE(0.0277777777777778),#2228);
#147=CURVE_STYLE('',#326,POSITIVE_LENGTH_MEASURE(0.0277777777777778),#2228);
#148=CURVE_STYLE('',#327,POSITIVE_LENGTH_MEASURE(0.0277777777777778),#2228);
#149=CURVE_STYLE('',#328,POSITIVE_LENGTH_MEASURE(0.0277777777777778),#2228);
#150=CURVE_STYLE('',#329,POSITIVE_LENGTH_MEASURE(0.0277777777777778),#2228);
#151=CURVE_STYLE('',#330,POSITIVE_LENGTH_MEASURE(0.0277777777777778),#2228);
#152=CURVE_STYLE('',#331,POSITIVE_LENGTH_MEASURE(0.0277777777777778),#2228);
#153=CURVE_STYLE('',#332,POSITIVE_LENGTH_MEASURE(0.0277777777777778),#2228);
#154=CURVE_STYLE('',#333,POSITIVE_LENGTH_MEASURE(0.0277777777777778),#2228);
#155=CURVE_STYLE('',#334,POSITIVE_LENGTH_MEASURE(0.0277777777777778),#2228);
#156=CURVE_STYLE('',#335,POSITIVE_LENGTH_MEASURE(0.0277777777777778),#2228);
#157=CURVE_STYLE('',#336,POSITIVE_LENGTH_MEASURE(0.0277777777777778),#2228);
#158=CURVE_STYLE('',#337,POSITIVE_LENGTH_MEASURE(0.0277777777777778),#2228);
#159=CURVE_STYLE('',#338,POSITIVE_LENGTH_MEASURE(0.0277777777777778),#2228);
#160=CURVE_STYLE('',#339,POSITIVE_LENGTH_MEASURE(0.0277777777777778),#2228);
#161=CURVE_STYLE('',#340,POSITIVE_LENGTH_MEASURE(0.0277777777777778),#2228);
#162=CURVE_STYLE('',#341,POSITIVE_LENGTH_MEASURE(0.0277777777777778),#2228);
#163=CURVE_STYLE('',#342,POSITIVE_LENGTH_MEASURE(0.0277777777777778),#2228);
#164=CURVE_STYLE('',#343,POSITIVE_LENGTH_MEASURE(0.0277777777777778),#2228);
#165=CURVE_STYLE('',#344,POSITIVE_LENGTH_MEASURE(0.0277777777777778),#2228);
#166=CURVE_STYLE('',#345,POSITIVE_LENGTH_MEASURE(0.0277777777777778),#2228);
#167=CURVE_STYLE('',#346,POSITIVE_LENGTH_MEASURE(0.0277777777777778),#2228);
#168=CURVE_STYLE('',#347,POSITIVE_LENGTH_MEASURE(0.0277777777777778),#2228);
#169=CURVE_STYLE('',#348,POSITIVE_LENGTH_MEASURE(0.0277777777777778),#2228);
#170=CURVE_STYLE('',#349,POSITIVE_LENGTH_MEASURE(0.0277777777777778),#2228);
#171=CURVE_STYLE('',#350,POSITIVE_LENGTH_MEASURE(0.0277777777777778),#2228);
#172=CURVE_STYLE('',#351,POSITIVE_LENGTH_MEASURE(0.0277777777777778),#2228);
#173=CURVE_STYLE('',#352,POSITIVE_LENGTH_MEASURE(0.0277777777777778),#2228);
#174=CURVE_STYLE('',#353,POSITIVE_LENGTH_MEASURE(0.0277777777777778),#2228);
#175=CURVE_STYLE('',#354,POSITIVE_LENGTH_MEASURE(0.0277777777777778),#2228);
#176=CURVE_STYLE('',#355,POSITIVE_LENGTH_MEASURE(0.0277777777777778),#2228);
#177=CURVE_STYLE('',#356,POSITIVE_LENGTH_MEASURE(0.0277777777777778),#2228);
#178=CURVE_STYLE('',#357,POSITIVE_LENGTH_MEASURE(0.0277777777777778),#2228);
#179=CURVE_STYLE('',#358,POSITIVE_LENGTH_MEASURE(0.0277777777777778),#2228);
#180=CURVE_STYLE('',#359,POSITIVE_LENGTH_MEASURE(0.0277777777777778),#2228);
#181=CURVE_STYLE('',#360,POSITIVE_LENGTH_MEASURE(0.0277777777777778),#2228);
#182=CURVE_STYLE('',#361,POSITIVE_LENGTH_MEASURE(0.0277777777777778),#2228);
#183=CURVE_STYLE('',#362,POSITIVE_LENGTH_MEASURE(0.0277777777777778),#2228);
#184=CURVE_STYLE('',#363,POSITIVE_LENGTH_MEASURE(0.0277777777777778),#2228);
#185=CURVE_STYLE('',#364,POSITIVE_LENGTH_MEASURE(0.0277777777777778),#2228);
#186=CURVE_STYLE('',#365,POSITIVE_LENGTH_MEASURE(0.0277777777777778),#2228);
#187=CURVE_STYLE('',#366,POSITIVE_LENGTH_MEASURE(0.0277777777777778),#2228);
#188=CURVE_STYLE('',#367,POSITIVE_LENGTH_MEASURE(0.0277777777777778),#2228);
#189=CURVE_STYLE('',#368,POSITIVE_LENGTH_MEASURE(0.0277777777777778),#2228);
#190=CURVE_STYLE('',#369,POSITIVE_LENGTH_MEASURE(0.0277777777777778),#2228);
#191=CURVE_STYLE('',#370,POSITIVE_LENGTH_MEASURE(0.0277777777777778),#2228);
#192=CURVE_STYLE('',#371,POSITIVE_LENGTH_MEASURE(0.0277777777777778),#2228);
#193=CURVE_STYLE('',#372,POSITIVE_LENGTH_MEASURE(0.0277777777777778),#2228);
#194=CURVE_STYLE('',#373,POSITIVE_LENGTH_MEASURE(0.0277777777777778),#2228);
#195=CURVE_STYLE('',#374,POSITIVE_LENGTH_MEASURE(0.0277777777777778),#2228);
#196=CURVE_STYLE('',#375,POSITIVE_LENGTH_MEASURE(0.0277777777777778),#2228);
#197=CURVE_STYLE('',#376,POSITIVE_LENGTH_MEASURE(0.0277777777777778),#2228);
#198=CURVE_STYLE('',#377,POSITIVE_LENGTH_MEASURE(0.0277777777777778),#2228);
#199=CURVE_STYLE('',#378,POSITIVE_LENGTH_MEASURE(0.0277777777777778),#2228);
#200=CURVE_STYLE('',#379,POSITIVE_LENGTH_MEASURE(0.0277777777777778),#2228);
#201=CURVE_STYLE('',#380,POSITIVE_LENGTH_MEASURE(0.0277777777777778),#2228);
#202=CURVE_STYLE('',#381,POSITIVE_LENGTH_MEASURE(0.0277777777777778),#2228);
#203=CURVE_STYLE('',#382,POSITIVE_LENGTH_MEASURE(0.0277777777777778),#2228);
#204=CURVE_STYLE('',#383,POSITIVE_LENGTH_MEASURE(0.0277777777777778),#2228);
#205=CURVE_STYLE('',#384,POSITIVE_LENGTH_MEASURE(0.0277777777777778),#2228);
#206=CURVE_STYLE('',#385,POSITIVE_LENGTH_MEASURE(0.0277777777777778),#2228);
#207=CURVE_STYLE('',#386,POSITIVE_LENGTH_MEASURE(0.0277777777777778),#2228);
#208=CURVE_STYLE('',#387,POSITIVE_LENGTH_MEASURE(0.0277777777777778),#2228);
#209=CURVE_STYLE('',#388,POSITIVE_LENGTH_MEASURE(0.0277777777777778),#2228);
#210=CURVE_STYLE('',#389,POSITIVE_LENGTH_MEASURE(0.0277777777777778),#2228);
#211=CURVE_STYLE('',#390,POSITIVE_LENGTH_MEASURE(0.0277777777777778),#2228);
#212=CURVE_STYLE('',#391,POSITIVE_LENGTH_MEASURE(0.0277777777777778),#2228);
#213=CURVE_STYLE('',#392,POSITIVE_LENGTH_MEASURE(0.0277777777777778),#2228);
#214=CURVE_STYLE('',#393,POSITIVE_LENGTH_MEASURE(0.0277777777777778),#2228);
#215=CURVE_STYLE('',#394,POSITIVE_LENGTH_MEASURE(0.0277777777777778),#2228);
#216=CURVE_STYLE('',#395,POSITIVE_LENGTH_MEASURE(0.0277777777777778),#2228);
#217=CURVE_STYLE('',#396,POSITIVE_LENGTH_MEASURE(0.0277777777777778),#2228);
#218=CURVE_STYLE('',#397,POSITIVE_LENGTH_MEASURE(0.0277777777777778),#2228);
#219=CURVE_STYLE('',#398,POSITIVE_LENGTH_MEASURE(0.0277777777777778),#2228);
#220=CURVE_STYLE('',#399,POSITIVE_LENGTH_MEASURE(0.0277777777777778),#2228);
#221=CURVE_STYLE('',#400,POSITIVE_LENGTH_MEASURE(0.0277777777777778),#2228);
#222=CURVE_STYLE('',#401,POSITIVE_LENGTH_MEASURE(0.0277777777777778),#2228);
#223=CURVE_STYLE('',#402,POSITIVE_LENGTH_MEASURE(0.0277777777777778),#2228);
#224=CURVE_STYLE('',#403,POSITIVE_LENGTH_MEASURE(0.0277777777777778),#2228);
#225=CURVE_STYLE('',#404,POSITIVE_LENGTH_MEASURE(0.0277777777777778),#2228);
#226=CURVE_STYLE('',#405,POSITIVE_LENGTH_MEASURE(0.0277777777777778),#2228);
#227=CURVE_STYLE('',#406,POSITIVE_LENGTH_MEASURE(0.0277777777777778),#2228);
#228=CURVE_STYLE('',#407,POSITIVE_LENGTH_MEASURE(0.0277777777777778),#2228);
#229=CURVE_STYLE('',#408,POSITIVE_LENGTH_MEASURE(0.0277777777777778),#2228);
#230=CURVE_STYLE('',#409,POSITIVE_LENGTH_MEASURE(0.0277777777777778),#2228);
#231=CURVE_STYLE('',#410,POSITIVE_LENGTH_MEASURE(0.0277777777777778),#2228);
#232=CURVE_STYLE('',#411,POSITIVE_LENGTH_MEASURE(0.0277777777777778),#2228);
#233=CURVE_STYLE('',#412,POSITIVE_LENGTH_MEASURE(0.0277777777777778),#2228);
#234=CURVE_STYLE('',#413,POSITIVE_LENGTH_MEASURE(0.0277777777777778),#2228);
#235=CURVE_STYLE('',#414,POSITIVE_LENGTH_MEASURE(0.0277777777777778),#2228);
#236=CURVE_STYLE('',#415,POSITIVE_LENGTH_MEASURE(0.0277777777777778),#2228);
#237=CURVE_STYLE('',#416,POSITIVE_LENGTH_MEASURE(0.0277777777777778),#2228);
#238=CURVE_STYLE('',#417,POSITIVE_LENGTH_MEASURE(0.0277777777777778),#2228);
#239=CURVE_STYLE('',#418,POSITIVE_LENGTH_MEASURE(0.0277777777777778),#2228);
#240=CURVE_STYLE('',#419,POSITIVE_LENGTH_MEASURE(0.0277777777777778),#2228);
#241=CURVE_STYLE('',#420,POSITIVE_LENGTH_MEASURE(0.0277777777777778),#2228);
#242=CURVE_STYLE('',#421,POSITIVE_LENGTH_MEASURE(0.0277777777777778),#2228);
#243=CURVE_STYLE('',#422,POSITIVE_LENGTH_MEASURE(0.0277777777777778),#2228);
#244=CURVE_STYLE('',#423,POSITIVE_LENGTH_MEASURE(0.0277777777777778),#2228);
#245=CURVE_STYLE('',#424,POSITIVE_LENGTH_MEASURE(0.0277777777777778),#2228);
#246=CURVE_STYLE('',#425,POSITIVE_LENGTH_MEASURE(0.0277777777777778),#2228);
#247=CURVE_STYLE('',#426,POSITIVE_LENGTH_MEASURE(0.0277777777777778),#2228);
#248=CURVE_STYLE('',#427,POSITIVE_LENGTH_MEASURE(0.0277777777777778),#2228);
#249=CURVE_STYLE('',#428,POSITIVE_LENGTH_MEASURE(0.0277777777777778),#2228);
#250=CURVE_STYLE('',#429,POSITIVE_LENGTH_MEASURE(0.0277777777777778),#2228);
#251=CURVE_STYLE('',#430,POSITIVE_LENGTH_MEASURE(0.0277777777777778),#2228);
#252=CURVE_STYLE('',#431,POSITIVE_LENGTH_MEASURE(0.0277777777777778),#2228);
#253=CURVE_STYLE('',#432,POSITIVE_LENGTH_MEASURE(0.0277777777777778),#2228);
#254=CURVE_STYLE('',#433,POSITIVE_LENGTH_MEASURE(0.0277777777777778),#2228);
#255=CURVE_STYLE('',#434,POSITIVE_LENGTH_MEASURE(0.0277777777777778),#2228);
#256=CURVE_STYLE('',#435,POSITIVE_LENGTH_MEASURE(0.0277777777777778),#2228);
#257=CURVE_STYLE('',#436,POSITIVE_LENGTH_MEASURE(0.0277777777777778),#2228);
#258=CURVE_STYLE('',#437,POSITIVE_LENGTH_MEASURE(0.0277777777777778),#2228);
#259=DRAUGHTING_PRE_DEFINED_CURVE_FONT('continuous');
#260=DRAUGHTING_PRE_DEFINED_CURVE_FONT('continuous');
#261=DRAUGHTING_PRE_DEFINED_CURVE_FONT('continuous');
#262=DRAUGHTING_PRE_DEFINED_CURVE_FONT('continuous');
#263=DRAUGHTING_PRE_DEFINED_CURVE_FONT('continuous');
#264=DRAUGHTING_PRE_DEFINED_CURVE_FONT('continuous');
#265=DRAUGHTING_PRE_DEFINED_CURVE_FONT('continuous');
#266=DRAUGHTING_PRE_DEFINED_CURVE_FONT('continuous');
#267=DRAUGHTING_PRE_DEFINED_CURVE_FONT('chain double dash');
#268=DRAUGHTING_PRE_DEFINED_CURVE_FONT('continuous');
#269=DRAUGHTING_PRE_DEFINED_CURVE_FONT('continuous');
#270=DRAUGHTING_PRE_DEFINED_CURVE_FONT('continuous');
#271=DRAUGHTING_PRE_DEFINED_CURVE_FONT('continuous');
#272=DRAUGHTING_PRE_DEFINED_CURVE_FONT('chain double dash');
#273=DRAUGHTING_PRE_DEFINED_CURVE_FONT('continuous');
#274=DRAUGHTING_PRE_DEFINED_CURVE_FONT('continuous');
#275=DRAUGHTING_PRE_DEFINED_CURVE_FONT('continuous');
#276=DRAUGHTING_PRE_DEFINED_CURVE_FONT('continuous');
#277=DRAUGHTING_PRE_DEFINED_CURVE_FONT('continuous');
#278=DRAUGHTING_PRE_DEFINED_CURVE_FONT('continuous');
#279=DRAUGHTING_PRE_DEFINED_CURVE_FONT('continuous');
#280=DRAUGHTING_PRE_DEFINED_CURVE_FONT('continuous');
#281=DRAUGHTING_PRE_DEFINED_CURVE_FONT('chain double dash');
#282=DRAUGHTING_PRE_DEFINED_CURVE_FONT('chain double dash');
#283=DRAUGHTING_PRE_DEFINED_CURVE_FONT('chain double dash');
#284=DRAUGHTING_PRE_DEFINED_CURVE_FONT('continuous');
#285=DRAUGHTING_PRE_DEFINED_CURVE_FONT('chain double dash');
#286=DRAUGHTING_PRE_DEFINED_CURVE_FONT('continuous');
#287=DRAUGHTING_PRE_DEFINED_CURVE_FONT('continuous');
#288=DRAUGHTING_PRE_DEFINED_CURVE_FONT('continuous');
#289=DRAUGHTING_PRE_DEFINED_CURVE_FONT('continuous');
#290=DRAUGHTING_PRE_DEFINED_CURVE_FONT('continuous');
#291=DRAUGHTING_PRE_DEFINED_CURVE_FONT('chain double dash');
#292=DRAUGHTING_PRE_DEFINED_CURVE_FONT('continuous');
#293=DRAUGHTING_PRE_DEFINED_CURVE_FONT('continuous');
#294=DRAUGHTING_PRE_DEFINED_CURVE_FONT('continuous');
#295=DRAUGHTING_PRE_DEFINED_CURVE_FONT('continuous');
#296=DRAUGHTING_PRE_DEFINED_CURVE_FONT('continuous');
#297=DRAUGHTING_PRE_DEFINED_CURVE_FONT('continuous');
#298=DRAUGHTING_PRE_DEFINED_CURVE_FONT('continuous');
#299=DRAUGHTING_PRE_DEFINED_CURVE_FONT('continuous');
#300=DRAUGHTING_PRE_DEFINED_CURVE_FONT('continuous');
#301=DRAUGHTING_PRE_DEFINED_CURVE_FONT('continuous');
#302=DRAUGHTING_PRE_DEFINED_CURVE_FONT('continuous');
#303=DRAUGHTING_PRE_DEFINED_CURVE_FONT('continuous');
#304=DRAUGHTING_PRE_DEFINED_CURVE_FONT('continuous');
#305=DRAUGHTING_PRE_DEFINED_CURVE_FONT('continuous');
#306=DRAUGHTING_PRE_DEFINED_CURVE_FONT('continuous');
#307=DRAUGHTING_PRE_DEFINED_CURVE_FONT('continuous');
#308=DRAUGHTING_PRE_DEFINED_CURVE_FONT('continuous');
#309=DRAUGHTING_PRE_DEFINED_CURVE_FONT('continuous');
#310=DRAUGHTING_PRE_DEFINED_CURVE_FONT('continuous');
#311=DRAUGHTING_PRE_DEFINED_CURVE_FONT('continuous');
#312=DRAUGHTING_PRE_DEFINED_CURVE_FONT('continuous');
#313=DRAUGHTING_PRE_DEFINED_CURVE_FONT('continuous');
#314=DRAUGHTING_PRE_DEFINED_CURVE_FONT('continuous');
#315=DRAUGHTING_PRE_DEFINED_CURVE_FONT('chain double dash');
#316=DRAUGHTING_PRE_DEFINED_CURVE_FONT('continuous');
#317=DRAUGHTING_PRE_DEFINED_CURVE_FONT('continuous');
#318=DRAUGHTING_PRE_DEFINED_CURVE_FONT('continuous');
#319=DRAUGHTING_PRE_DEFINED_CURVE_FONT('continuous');
#320=DRAUGHTING_PRE_DEFINED_CURVE_FONT('chain double dash');
#321=DRAUGHTING_PRE_DEFINED_CURVE_FONT('continuous');
#322=DRAUGHTING_PRE_DEFINED_CURVE_FONT('chain double dash');
#323=DRAUGHTING_PRE_DEFINED_CURVE_FONT('continuous');
#324=DRAUGHTING_PRE_DEFINED_CURVE_FONT('continuous');
#325=DRAUGHTING_PRE_DEFINED_CURVE_FONT('chain double dash');
#326=DRAUGHTING_PRE_DEFINED_CURVE_FONT('continuous');
#327=DRAUGHTING_PRE_DEFINED_CURVE_FONT('continuous');
#328=DRAUGHTING_PRE_DEFINED_CURVE_FONT('continuous');
#329=DRAUGHTING_PRE_DEFINED_CURVE_FONT('continuous');
#330=DRAUGHTING_PRE_DEFINED_CURVE_FONT('chain double dash');
#331=DRAUGHTING_PRE_DEFINED_CURVE_FONT('continuous');
#332=DRAUGHTING_PRE_DEFINED_CURVE_FONT('continuous');
#333=DRAUGHTING_PRE_DEFINED_CURVE_FONT('continuous');
#334=DRAUGHTING_PRE_DEFINED_CURVE_FONT('continuous');
#335=DRAUGHTING_PRE_DEFINED_CURVE_FONT('chain double dash');
#336=DRAUGHTING_PRE_DEFINED_CURVE_FONT('chain double dash');
#337=DRAUGHTING_PRE_DEFINED_CURVE_FONT('chain double dash');
#338=DRAUGHTING_PRE_DEFINED_CURVE_FONT('continuous');
#339=DRAUGHTING_PRE_DEFINED_CURVE_FONT('continuous');
#340=DRAUGHTING_PRE_DEFINED_CURVE_FONT('continuous');
#341=DRAUGHTING_PRE_DEFINED_CURVE_FONT('continuous');
#342=DRAUGHTING_PRE_DEFINED_CURVE_FONT('chain double dash');
#343=DRAUGHTING_PRE_DEFINED_CURVE_FONT('continuous');
#344=DRAUGHTING_PRE_DEFINED_CURVE_FONT('continuous');
#345=DRAUGHTING_PRE_DEFINED_CURVE_FONT('continuous');
#346=DRAUGHTING_PRE_DEFINED_CURVE_FONT('continuous');
#347=DRAUGHTING_PRE_DEFINED_CURVE_FONT('chain double dash');
#348=DRAUGHTING_PRE_DEFINED_CURVE_FONT('continuous');
#349=DRAUGHTING_PRE_DEFINED_CURVE_FONT('continuous');
#350=DRAUGHTING_PRE_DEFINED_CURVE_FONT('continuous');
#351=DRAUGHTING_PRE_DEFINED_CURVE_FONT('chain double dash');
#352=DRAUGHTING_PRE_DEFINED_CURVE_FONT('chain double dash');
#353=DRAUGHTING_PRE_DEFINED_CURVE_FONT('continuous');
#354=DRAUGHTING_PRE_DEFINED_CURVE_FONT('continuous');
#355=DRAUGHTING_PRE_DEFINED_CURVE_FONT('continuous');
#356=DRAUGHTING_PRE_DEFINED_CURVE_FONT('continuous');
#357=DRAUGHTING_PRE_DEFINED_CURVE_FONT('chain double dash');
#358=DRAUGHTING_PRE_DEFINED_CURVE_FONT('continuous');
#359=DRAUGHTING_PRE_DEFINED_CURVE_FONT('continuous');
#360=DRAUGHTING_PRE_DEFINED_CURVE_FONT('continuous');
#361=DRAUGHTING_PRE_DEFINED_CURVE_FONT('continuous');
#362=DRAUGHTING_PRE_DEFINED_CURVE_FONT('chain double dash');
#363=DRAUGHTING_PRE_DEFINED_CURVE_FONT('chain double dash');
#364=DRAUGHTING_PRE_DEFINED_CURVE_FONT('chain double dash');
#365=DRAUGHTING_PRE_DEFINED_CURVE_FONT('continuous');
#366=DRAUGHTING_PRE_DEFINED_CURVE_FONT('chain double dash');
#367=DRAUGHTING_PRE_DEFINED_CURVE_FONT('continuous');
#368=DRAUGHTING_PRE_DEFINED_CURVE_FONT('continuous');
#369=DRAUGHTING_PRE_DEFINED_CURVE_FONT('continuous');
#370=DRAUGHTING_PRE_DEFINED_CURVE_FONT('chain double dash');
#371=DRAUGHTING_PRE_DEFINED_CURVE_FONT('continuous');
#372=DRAUGHTING_PRE_DEFINED_CURVE_FONT('continuous');
#373=DRAUGHTING_PRE_DEFINED_CURVE_FONT('continuous');
#374=DRAUGHTING_PRE_DEFINED_CURVE_FONT('continuous');
#375=DRAUGHTING_PRE_DEFINED_CURVE_FONT('continuous');
#376=DRAUGHTING_PRE_DEFINED_CURVE_FONT('continuous');
#377=DRAUGHTING_PRE_DEFINED_CURVE_FONT('continuous');
#378=DRAUGHTING_PRE_DEFINED_CURVE_FONT('continuous');
#379=DRAUGHTING_PRE_DEFINED_CURVE_FONT('continuous');
#380=DRAUGHTING_PRE_DEFINED_CURVE_FONT('chain double dash');
#381=DRAUGHTING_PRE_DEFINED_CURVE_FONT('chain double dash');
#382=DRAUGHTING_PRE_DEFINED_CURVE_FONT('chain double dash');
#383=DRAUGHTING_PRE_DEFINED_CURVE_FONT('continuous');
#384=DRAUGHTING_PRE_DEFINED_CURVE_FONT('continuous');
#385=DRAUGHTING_PRE_DEFINED_CURVE_FONT('continuous');
#386=DRAUGHTING_PRE_DEFINED_CURVE_FONT('continuous');
#387=DRAUGHTING_PRE_DEFINED_CURVE_FONT('chain double dash');
#388=DRAUGHTING_PRE_DEFINED_CURVE_FONT('continuous');
#389=DRAUGHTING_PRE_DEFINED_CURVE_FONT('chain double dash');
#390=DRAUGHTING_PRE_DEFINED_CURVE_FONT('chain double dash');
#391=DRAUGHTING_PRE_DEFINED_CURVE_FONT('chain double dash');
#392=DRAUGHTING_PRE_DEFINED_CURVE_FONT('continuous');
#393=DRAUGHTING_PRE_DEFINED_CURVE_FONT('chain double dash');
#394=DRAUGHTING_PRE_DEFINED_CURVE_FONT('continuous');
#395=DRAUGHTING_PRE_DEFINED_CURVE_FONT('continuous');
#396=DRAUGHTING_PRE_DEFINED_CURVE_FONT('continuous');
#397=DRAUGHTING_PRE_DEFINED_CURVE_FONT('continuous');
#398=DRAUGHTING_PRE_DEFINED_CURVE_FONT('continuous');
#399=DRAUGHTING_PRE_DEFINED_CURVE_FONT('continuous');
#400=DRAUGHTING_PRE_DEFINED_CURVE_FONT('continuous');
#401=DRAUGHTING_PRE_DEFINED_CURVE_FONT('continuous');
#402=DRAUGHTING_PRE_DEFINED_CURVE_FONT('continuous');
#403=DRAUGHTING_PRE_DEFINED_CURVE_FONT('continuous');
#404=DRAUGHTING_PRE_DEFINED_CURVE_FONT('continuous');
#405=DRAUGHTING_PRE_DEFINED_CURVE_FONT('continuous');
#406=DRAUGHTING_PRE_DEFINED_CURVE_FONT('continuous');
#407=DRAUGHTING_PRE_DEFINED_CURVE_FONT('continuous');
#408=DRAUGHTING_PRE_DEFINED_CURVE_FONT('continuous');
#409=DRAUGHTING_PRE_DEFINED_CURVE_FONT('continuous');
#410=DRAUGHTING_PRE_DEFINED_CURVE_FONT('chain double dash');
#411=DRAUGHTING_PRE_DEFINED_CURVE_FONT('continuous');
#412=DRAUGHTING_PRE_DEFINED_CURVE_FONT('continuous');
#413=DRAUGHTING_PRE_DEFINED_CURVE_FONT('continuous');
#414=DRAUGHTING_PRE_DEFINED_CURVE_FONT('continuous');
#415=DRAUGHTING_PRE_DEFINED_CURVE_FONT('continuous');
#416=DRAUGHTING_PRE_DEFINED_CURVE_FONT('continuous');
#417=DRAUGHTING_PRE_DEFINED_CURVE_FONT('continuous');
#418=DRAUGHTING_PRE_DEFINED_CURVE_FONT('continuous');
#419=DRAUGHTING_PRE_DEFINED_CURVE_FONT('continuous');
#420=DRAUGHTING_PRE_DEFINED_CURVE_FONT('continuous');
#421=DRAUGHTING_PRE_DEFINED_CURVE_FONT('chain double dash');
#422=DRAUGHTING_PRE_DEFINED_CURVE_FONT('chain double dash');
#423=DRAUGHTING_PRE_DEFINED_CURVE_FONT('chain double dash');
#424=DRAUGHTING_PRE_DEFINED_CURVE_FONT('chain double dash');
#425=DRAUGHTING_PRE_DEFINED_CURVE_FONT('chain double dash');
#426=DRAUGHTING_PRE_DEFINED_CURVE_FONT('chain double dash');
#427=DRAUGHTING_PRE_DEFINED_CURVE_FONT('chain double dash');
#428=DRAUGHTING_PRE_DEFINED_CURVE_FONT('chain double dash');
#429=DRAUGHTING_PRE_DEFINED_CURVE_FONT('chain double dash');
#430=DRAUGHTING_PRE_DEFINED_CURVE_FONT('chain double dash');
#431=DRAUGHTING_PRE_DEFINED_CURVE_FONT('continuous');
#432=DRAUGHTING_PRE_DEFINED_CURVE_FONT('continuous');
#433=DRAUGHTING_PRE_DEFINED_CURVE_FONT('chain double dash');
#434=DRAUGHTING_PRE_DEFINED_CURVE_FONT('chain double dash');
#435=DRAUGHTING_PRE_DEFINED_CURVE_FONT('chain double dash');
#436=DRAUGHTING_PRE_DEFINED_CURVE_FONT('chain double dash');
#437=DRAUGHTING_PRE_DEFINED_CURVE_FONT('chain double dash');
#438=TRIMMED_CURVE('Arc48',#617,(PARAMETER_VALUE(2.07749005285656E-16)),
(PARAMETER_VALUE(1.57079632685935)),.T.,.PARAMETER.);
#439=TRIMMED_CURVE('Line194',#750,(PARAMETER_VALUE(-6.93889390390723E-18)),
(PARAMETER_VALUE(0.0761999999999926)),.T.,.PARAMETER.);
#440=TRIMMED_CURVE('Arc47',#618,(PARAMETER_VALUE(1.70477599396753E-15)),
(PARAMETER_VALUE(1.57079632685973)),.T.,.PARAMETER.);
#441=TRIMMED_CURVE('Line193',#751,(PARAMETER_VALUE(2.56394174473772E-27)),
(PARAMETER_VALUE(0.0761999999999926)),.T.,.PARAMETER.);
#442=TRIMMED_CURVE('Arc46',#619,(PARAMETER_VALUE(1.97464401259099E-17)),
(PARAMETER_VALUE(1.57079632685934)),.T.,.PARAMETER.);
#443=TRIMMED_CURVE('Line192',#752,(PARAMETER_VALUE(-6.93889390390723E-18)),
(PARAMETER_VALUE(0.0761999999999926)),.T.,.PARAMETER.);
#444=TRIMMED_CURVE('Arc45',#620,(PARAMETER_VALUE(6.2831853071154)),(
PARAMETER_VALUE(7.85398163397458)),.T.,.PARAMETER.);
#445=TRIMMED_CURVE('Line191',#753,(PARAMETER_VALUE(0.)),(
PARAMETER_VALUE(0.0761999999999926)),.T.,.PARAMETER.);
#446=TRIMMED_CURVE('Line190',#754,(PARAMETER_VALUE(-2.4532694666934E-17)),
(PARAMETER_VALUE(0.143684097937107)),.T.,.PARAMETER.);
#447=TRIMMED_CURVE('Line189',#755,(PARAMETER_VALUE(-9.24446373305873E-33)),
(PARAMETER_VALUE(0.1016)),.T.,.PARAMETER.);
#448=TRIMMED_CURVE('Line188',#756,(PARAMETER_VALUE(-2.77555756156289E-17)),
(PARAMETER_VALUE(0.1016)),.T.,.PARAMETER.);
#449=TRIMMED_CURVE('Line187',#757,(PARAMETER_VALUE(0.)),(
PARAMETER_VALUE(0.1016)),.T.,.PARAMETER.);
#450=TRIMMED_CURVE('Line186',#758,(PARAMETER_VALUE(0.)),(
PARAMETER_VALUE(0.1016)),.T.,.PARAMETER.);
#451=TRIMMED_CURVE('Line185',#759,(PARAMETER_VALUE(0.)),(
PARAMETER_VALUE(0.179605122421383)),.T.,.PARAMETER.);
#452=TRIMMED_CURVE('Arc43',#621,(PARAMETER_VALUE(-8.88178419700125E-16)),
(PARAMETER_VALUE(1.57079632679485)),.T.,.PARAMETER.);
#453=TRIMMED_CURVE('Line184',#760,(PARAMETER_VALUE(5.55111512338214E-17)),
(PARAMETER_VALUE(0.0762000000017324)),.T.,.PARAMETER.);
#454=TRIMMED_CURVE('Arc44',#622,(PARAMETER_VALUE(4.86050395032753E-16)),
(PARAMETER_VALUE(1.57079632679486)),.T.,.PARAMETER.);
#455=TRIMMED_CURVE('Line183',#761,(PARAMETER_VALUE(-1.38777878078145E-17)),
(PARAMETER_VALUE(0.0762000000017321)),.T.,.PARAMETER.);
#456=TRIMMED_CURVE('Arc41',#623,(PARAMETER_VALUE(-5.32907051820075E-15)),
(PARAMETER_VALUE(1.57079632679486)),.T.,.PARAMETER.);
#457=TRIMMED_CURVE('Line182',#762,(PARAMETER_VALUE(-1.11022302462516E-16)),
(PARAMETER_VALUE(0.0762000000034642)),.T.,.PARAMETER.);
#458=TRIMMED_CURVE('Arc42',#624,(PARAMETER_VALUE(1.65134747621613E-15)),
(PARAMETER_VALUE(1.57079632679487)),.T.,.PARAMETER.);
#459=TRIMMED_CURVE('Line181',#763,(PARAMETER_VALUE(0.)),(
PARAMETER_VALUE(0.0761999999999999)),.T.,.PARAMETER.);
#460=TRIMMED_CURVE('Line180',#764,(PARAMETER_VALUE(-8.27550946890715E-31)),
(PARAMETER_VALUE(0.5588)),.T.,.PARAMETER.);
#461=TRIMMED_CURVE('Line179',#765,(PARAMETER_VALUE(1.23626888116107E-29)),
(PARAMETER_VALUE(2.3622)),.T.,.PARAMETER.);
#462=TRIMMED_CURVE('Line178',#766,(PARAMETER_VALUE(0.)),(
PARAMETER_VALUE(1.2827)),.T.,.PARAMETER.);
#463=TRIMMED_CURVE('Line175',#767,(PARAMETER_VALUE(-1.056510140921E-31)),
(PARAMETER_VALUE(0.28448)),.T.,.PARAMETER.);
#464=TRIMMED_CURVE('Line173',#768,(PARAMETER_VALUE(0.)),(
PARAMETER_VALUE(0.327025)),.T.,.PARAMETER.);
#465=TRIMMED_CURVE('Line174',#769,(PARAMETER_VALUE(0.)),(
PARAMETER_VALUE(0.028575)),.T.,.PARAMETER.);
#466=TRIMMED_CURVE('Line172',#770,(PARAMETER_VALUE(0.)),(
PARAMETER_VALUE(0.1524)),.T.,.PARAMETER.);
#467=TRIMMED_CURVE('Line171',#771,(PARAMETER_VALUE(0.)),(
PARAMETER_VALUE(0.08255)),.T.,.PARAMETER.);
#468=TRIMMED_CURVE('Line170',#772,(PARAMETER_VALUE(-9.86076131526265E-32)),
(PARAMETER_VALUE(0.08255)),.T.,.PARAMETER.);
#469=TRIMMED_CURVE('Line169',#773,(PARAMETER_VALUE(0.)),(
PARAMETER_VALUE(0.4572)),.T.,.PARAMETER.);
#470=TRIMMED_CURVE('Line166',#774,(PARAMETER_VALUE(4.9065389333868E-17)),
(PARAMETER_VALUE(0.21552614690566)),.T.,.PARAMETER.);
#471=TRIMMED_CURVE('Line165',#775,(PARAMETER_VALUE(0.)),(
PARAMETER_VALUE(0.1524)),.T.,.PARAMETER.);
#472=TRIMMED_CURVE('Line164',#776,(PARAMETER_VALUE(-2.77555756156289E-17)),
(PARAMETER_VALUE(0.1524)),.T.,.PARAMETER.);
#473=TRIMMED_CURVE('Line163',#777,(PARAMETER_VALUE(0.)),(
PARAMETER_VALUE(0.1524)),.T.,.PARAMETER.);
#474=TRIMMED_CURVE('Line162',#778,(PARAMETER_VALUE(0.)),(
PARAMETER_VALUE(0.1524)),.T.,.PARAMETER.);
#475=TRIMMED_CURVE('Arc40',#625,(PARAMETER_VALUE(2.26136306142221E-19)),
(PARAMETER_VALUE(6.28318530717959)),.T.,.PARAMETER.);
#476=TRIMMED_CURVE('Arc39',#626,(PARAMETER_VALUE(2.90746679325643E-19)),
(PARAMETER_VALUE(6.28318530717959)),.T.,.PARAMETER.);
#477=TRIMMED_CURVE('Arc38',#627,(PARAMETER_VALUE(0.)),(
PARAMETER_VALUE(6.28318530717959)),.T.,.PARAMETER.);
#478=TRIMMED_CURVE('Line161',#779,(PARAMETER_VALUE(0.)),(
PARAMETER_VALUE(0.1016)),.T.,.PARAMETER.);
#479=TRIMMED_CURVE('Line160',#780,(PARAMETER_VALUE(-6.93889390390723E-17)),
(PARAMETER_VALUE(0.1016)),.T.,.PARAMETER.);
#480=TRIMMED_CURVE('Line159',#781,(PARAMETER_VALUE(0.)),(
PARAMETER_VALUE(0.1016)),.T.,.PARAMETER.);
#481=TRIMMED_CURVE('Line158',#782,(PARAMETER_VALUE(0.)),(
PARAMETER_VALUE(0.1016)),.T.,.PARAMETER.);
#482=TRIMMED_CURVE('Line157',#783,(PARAMETER_VALUE(0.)),(
PARAMETER_VALUE(0.1016)),.T.,.PARAMETER.);
#483=TRIMMED_CURVE('Line156',#784,(PARAMETER_VALUE(-5.55111512312578E-17)),
(PARAMETER_VALUE(0.1016)),.T.,.PARAMETER.);
#484=TRIMMED_CURVE('Line155',#785,(PARAMETER_VALUE(0.)),(
PARAMETER_VALUE(0.1016)),.T.,.PARAMETER.);
#485=TRIMMED_CURVE('Line154',#786,(PARAMETER_VALUE(0.)),(
PARAMETER_VALUE(0.1016)),.T.,.PARAMETER.);
#486=TRIMMED_CURVE('Line153',#787,(PARAMETER_VALUE(0.)),(
PARAMETER_VALUE(0.1778)),.T.,.PARAMETER.);
#487=TRIMMED_CURVE('Line152',#788,(PARAMETER_VALUE(6.93889390390723E-17)),
(PARAMETER_VALUE(0.0254000000000001)),.T.,.PARAMETER.);
#488=TRIMMED_CURVE('Line151',#789,(PARAMETER_VALUE(0.)),(
PARAMETER_VALUE(0.1778)),.T.,.PARAMETER.);
#489=TRIMMED_CURVE('Line150',#790,(PARAMETER_VALUE(0.)),(
PARAMETER_VALUE(0.0254)),.T.,.PARAMETER.);
#490=TRIMMED_CURVE('Line149',#791,(PARAMETER_VALUE(0.)),(
PARAMETER_VALUE(0.1778)),.T.,.PARAMETER.);
#491=TRIMMED_CURVE('Line148',#792,(PARAMETER_VALUE(-6.93889390390723E-17)),
(PARAMETER_VALUE(0.0253999999999999)),.T.,.PARAMETER.);
#492=TRIMMED_CURVE('Line147',#793,(PARAMETER_VALUE(0.)),(
PARAMETER_VALUE(0.1778)),.T.,.PARAMETER.);
#493=TRIMMED_CURVE('Line146',#794,(PARAMETER_VALUE(0.)),(
PARAMETER_VALUE(0.0253999999999999)),.T.,.PARAMETER.);
#494=TRIMMED_CURVE('Line145',#795,(PARAMETER_VALUE(9.8130778667736E-18)),
(PARAMETER_VALUE(0.21552614690566)),.T.,.PARAMETER.);
#495=TRIMMED_CURVE('Line144',#796,(PARAMETER_VALUE(1.38777878078145E-16)),
(PARAMETER_VALUE(0.1524)),.T.,.PARAMETER.);
#496=TRIMMED_CURVE('Line143',#797,(PARAMETER_VALUE(-1.38777878078145E-17)),
(PARAMETER_VALUE(0.1524)),.T.,.PARAMETER.);
#497=TRIMMED_CURVE('Line142',#798,(PARAMETER_VALUE(-3.28692043842088E-32)),
(PARAMETER_VALUE(0.1524)),.T.,.PARAMETER.);
#498=TRIMMED_CURVE('Line141',#799,(PARAMETER_VALUE(0.)),(
PARAMETER_VALUE(0.1524)),.T.,.PARAMETER.);
#499=TRIMMED_CURVE('Line134',#800,(PARAMETER_VALUE(0.)),(
PARAMETER_VALUE(0.1524)),.T.,.PARAMETER.);
#500=TRIMMED_CURVE('Line132',#801,(PARAMETER_VALUE(0.)),(
PARAMETER_VALUE(0.1524)),.T.,.PARAMETER.);
#501=TRIMMED_CURVE('Line133',#802,(PARAMETER_VALUE(0.)),(
PARAMETER_VALUE(0.160643705136554)),.T.,.PARAMETER.);
#502=TRIMMED_CURVE('Line135',#803,(PARAMETER_VALUE(0.)),(
PARAMETER_VALUE(0.1524)),.T.,.PARAMETER.);
#503=TRIMMED_CURVE('Line131',#804,(PARAMETER_VALUE(0.)),(
PARAMETER_VALUE(0.0508)),.T.,.PARAMETER.);
#504=TRIMMED_CURVE('Line130',#805,(PARAMETER_VALUE(0.)),(
PARAMETER_VALUE(0.160643705136554)),.T.,.PARAMETER.);
#505=TRIMMED_CURVE('Line129',#806,(PARAMETER_VALUE(0.)),(
PARAMETER_VALUE(0.1524)),.T.,.PARAMETER.);
#506=TRIMMED_CURVE('Line128',#807,(PARAMETER_VALUE(0.)),(
PARAMETER_VALUE(0.0508)),.T.,.PARAMETER.);
#507=TRIMMED_CURVE('Line127',#808,(PARAMETER_VALUE(1.38777878078145E-17)),
(PARAMETER_VALUE(0.1524)),.T.,.PARAMETER.);
#508=TRIMMED_CURVE('Line126',#809,(PARAMETER_VALUE(0.)),(
PARAMETER_VALUE(0.0508)),.T.,.PARAMETER.);
#509=TRIMMED_CURVE('Line125',#810,(PARAMETER_VALUE(0.)),(
PARAMETER_VALUE(0.1524)),.T.,.PARAMETER.);
#510=TRIMMED_CURVE('Line124',#811,(PARAMETER_VALUE(0.)),(
PARAMETER_VALUE(0.1016)),.T.,.PARAMETER.);
#511=TRIMMED_CURVE('Line123',#812,(PARAMETER_VALUE(-2.77555756156289E-17)),
(PARAMETER_VALUE(0.1524)),.T.,.PARAMETER.);
#512=TRIMMED_CURVE('Line122',#813,(PARAMETER_VALUE(0.)),(
PARAMETER_VALUE(0.1016)),.T.,.PARAMETER.);
#513=TRIMMED_CURVE('Line121',#814,(PARAMETER_VALUE(0.)),(
PARAMETER_VALUE(0.1524)),.T.,.PARAMETER.);
#514=TRIMMED_CURVE('Line120',#815,(PARAMETER_VALUE(0.)),(
PARAMETER_VALUE(0.1524)),.T.,.PARAMETER.);
#515=TRIMMED_CURVE('Line117',#816,(PARAMETER_VALUE(0.)),(
PARAMETER_VALUE(0.2794)),.T.,.PARAMETER.);
#516=TRIMMED_CURVE('Line115',#817,(PARAMETER_VALUE(3.98018577887389E-16)),
(PARAMETER_VALUE(0.198380341768029)),.T.,.PARAMETER.);
#517=TRIMMED_CURVE('Line116',#818,(PARAMETER_VALUE(-3.33066907387547E-16)),
(PARAMETER_VALUE(0.1524)),.T.,.PARAMETER.);
#518=TRIMMED_CURVE('Line119',#819,(PARAMETER_VALUE(2.22044604925031E-16)),
(PARAMETER_VALUE(0.127000000000001)),.T.,.PARAMETER.);
#519=TRIMMED_CURVE('Line118',#820,(PARAMETER_VALUE(0.)),(
PARAMETER_VALUE(0.1524)),.T.,.PARAMETER.);
#520=TRIMMED_CURVE('Line114',#821,(PARAMETER_VALUE(0.)),(
PARAMETER_VALUE(0.127)),.T.,.PARAMETER.);
#521=TRIMMED_CURVE('Line113',#822,(PARAMETER_VALUE(-1.20827068287267E-16)),
(PARAMETER_VALUE(0.198380341768029)),.T.,.PARAMETER.);
#522=TRIMMED_CURVE('Line112',#823,(PARAMETER_VALUE(-3.88578058618805E-16)),
(PARAMETER_VALUE(0.1524)),.T.,.PARAMETER.);
#523=TRIMMED_CURVE('Line111',#824,(PARAMETER_VALUE(1.11022302462516E-16)),
(PARAMETER_VALUE(0.127000000000001)),.T.,.PARAMETER.);
#524=TRIMMED_CURVE('Line110',#825,(PARAMETER_VALUE(-2.77555756156289E-17)),
(PARAMETER_VALUE(0.1524)),.T.,.PARAMETER.);
#525=TRIMMED_CURVE('Line109',#826,(PARAMETER_VALUE(0.)),(
PARAMETER_VALUE(0.127)),.T.,.PARAMETER.);
#526=TRIMMED_CURVE('Line107',#827,(PARAMETER_VALUE(0.)),(
PARAMETER_VALUE(0.1524)),.T.,.PARAMETER.);
#527=TRIMMED_CURVE('Line105',#828,(PARAMETER_VALUE(0.)),(
PARAMETER_VALUE(0.1524)),.T.,.PARAMETER.);
#528=TRIMMED_CURVE('Line106',#829,(PARAMETER_VALUE(0.)),(
PARAMETER_VALUE(0.1524)),.T.,.PARAMETER.);
#529=TRIMMED_CURVE('Line104',#830,(PARAMETER_VALUE(0.)),(
PARAMETER_VALUE(0.0508)),.T.,.PARAMETER.);
#530=TRIMMED_CURVE('Line103',#831,(PARAMETER_VALUE(0.)),(
PARAMETER_VALUE(0.160643705136553)),.T.,.PARAMETER.);
#531=TRIMMED_CURVE('Line102',#832,(PARAMETER_VALUE(-1.31656255071626E-17)),
(PARAMETER_VALUE(0.160643705136553)),.T.,.PARAMETER.);
#532=TRIMMED_CURVE('Line101',#833,(PARAMETER_VALUE(0.)),(
PARAMETER_VALUE(0.1524)),.T.,.PARAMETER.);
#533=TRIMMED_CURVE('Line100',#834,(PARAMETER_VALUE(0.)),(
PARAMETER_VALUE(0.0508)),.T.,.PARAMETER.);
#534=TRIMMED_CURVE('Line99',#835,(PARAMETER_VALUE(0.)),(
PARAMETER_VALUE(0.1524)),.T.,.PARAMETER.);
#535=TRIMMED_CURVE('Line98',#836,(PARAMETER_VALUE(0.)),(
PARAMETER_VALUE(0.0508)),.T.,.PARAMETER.);
#536=TRIMMED_CURVE('Line97',#837,(PARAMETER_VALUE(0.)),(
PARAMETER_VALUE(0.1524)),.T.,.PARAMETER.);
#537=TRIMMED_CURVE('Line96',#838,(PARAMETER_VALUE(0.)),(
PARAMETER_VALUE(0.1524)),.T.,.PARAMETER.);
#538=TRIMMED_CURVE('Line95',#839,(PARAMETER_VALUE(0.)),(
PARAMETER_VALUE(0.1016)),.T.,.PARAMETER.);
#539=TRIMMED_CURVE('Line94',#840,(PARAMETER_VALUE(0.)),(
PARAMETER_VALUE(0.1524)),.T.,.PARAMETER.);
#540=TRIMMED_CURVE('Line93',#841,(PARAMETER_VALUE(0.)),(
PARAMETER_VALUE(0.1016)),.T.,.PARAMETER.);
#541=TRIMMED_CURVE('Line92',#842,(PARAMETER_VALUE(0.)),(
PARAMETER_VALUE(0.1524)),.T.,.PARAMETER.);
#542=TRIMMED_CURVE('Line108',#843,(PARAMETER_VALUE(0.)),(
PARAMETER_VALUE(0.2794)),.T.,.PARAMETER.);
#543=TRIMMED_CURVE('Line91',#844,(PARAMETER_VALUE(0.)),(
PARAMETER_VALUE(0.2794)),.T.,.PARAMETER.);
#544=TRIMMED_CURVE('Line90',#845,(PARAMETER_VALUE(0.)),(
PARAMETER_VALUE(0.127)),.T.,.PARAMETER.);
#545=TRIMMED_CURVE('Line88',#846,(PARAMETER_VALUE(0.)),(
PARAMETER_VALUE(0.198380341768029)),.T.,.PARAMETER.);
#546=TRIMMED_CURVE('Line89',#847,(PARAMETER_VALUE(2.77555756156289E-17)),
(PARAMETER_VALUE(0.1524)),.T.,.PARAMETER.);
#547=TRIMMED_CURVE('Line87',#848,(PARAMETER_VALUE(4.44089209850063E-16)),
(PARAMETER_VALUE(0.127)),.T.,.PARAMETER.);
#548=TRIMMED_CURVE('Line86',#849,(PARAMETER_VALUE(0.)),(
PARAMETER_VALUE(0.1524)),.T.,.PARAMETER.);
#549=TRIMMED_CURVE('Line85',#850,(PARAMETER_VALUE(1.919018143386E-16)),
(PARAMETER_VALUE(0.198380341768028)),.T.,.PARAMETER.);
#550=TRIMMED_CURVE('Line84',#851,(PARAMETER_VALUE(0.)),(
PARAMETER_VALUE(0.1524)),.T.,.PARAMETER.);
#551=TRIMMED_CURVE('Line83',#852,(PARAMETER_VALUE(0.)),(
PARAMETER_VALUE(0.127)),.T.,.PARAMETER.);
#552=TRIMMED_CURVE('Line82',#853,(PARAMETER_VALUE(0.)),(
PARAMETER_VALUE(0.1524)),.T.,.PARAMETER.);
#553=TRIMMED_CURVE('Line81',#854,(PARAMETER_VALUE(0.)),(
PARAMETER_VALUE(0.127)),.T.,.PARAMETER.);
#554=TRIMMED_CURVE('Arc35',#628,(PARAMETER_VALUE(0.)),(
PARAMETER_VALUE(6.28318530717959)),.T.,.PARAMETER.);
#555=TRIMMED_CURVE('Line79',#855,(PARAMETER_VALUE(0.)),(
PARAMETER_VALUE(0.1524)),.T.,.PARAMETER.);
#556=TRIMMED_CURVE('Line78',#856,(PARAMETER_VALUE(0.)),(
PARAMETER_VALUE(0.127)),.T.,.PARAMETER.);
#557=TRIMMED_CURVE('Line77',#857,(PARAMETER_VALUE(0.)),(
PARAMETER_VALUE(0.1524)),.T.,.PARAMETER.);
#558=TRIMMED_CURVE('Line76',#858,(PARAMETER_VALUE(0.)),(
PARAMETER_VALUE(0.127)),.T.,.PARAMETER.);
#559=TRIMMED_CURVE('Line74',#859,(PARAMETER_VALUE(0.)),(
PARAMETER_VALUE(0.127)),.T.,.PARAMETER.);
#560=TRIMMED_CURVE('Line73',#860,(PARAMETER_VALUE(0.)),(
PARAMETER_VALUE(0.27178)),.T.,.PARAMETER.);
#561=TRIMMED_CURVE('Line67',#861,(PARAMETER_VALUE(3.85459260455728E-18)),
(PARAMETER_VALUE(0.446953400703027)),.T.,.PARAMETER.);
#562=TRIMMED_CURVE('Line66',#862,(PARAMETER_VALUE(0.)),(
PARAMETER_VALUE(0.233680000000001)),.T.,.PARAMETER.);
#563=TRIMMED_CURVE('Line65',#863,(PARAMETER_VALUE(0.)),(
PARAMETER_VALUE(0.381)),.T.,.PARAMETER.);
#564=TRIMMED_CURVE('Line64',#864,(PARAMETER_VALUE(0.)),(
PARAMETER_VALUE(0.233680000000001)),.T.,.PARAMETER.);
#565=TRIMMED_CURVE('Line63',#865,(PARAMETER_VALUE(0.)),(
PARAMETER_VALUE(0.381)),.T.,.PARAMETER.);
#566=TRIMMED_CURVE('Line62',#866,(PARAMETER_VALUE(0.)),(
PARAMETER_VALUE(0.233680000000001)),.T.,.PARAMETER.);
#567=TRIMMED_CURVE('Line54',#867,(PARAMETER_VALUE(1.66663557954472E-15)),
(PARAMETER_VALUE(0.233680000000001)),.T.,.PARAMETER.);
#568=TRIMMED_CURVE('Line80',#868,(PARAMETER_VALUE(1.79286569368412E-31)),
(PARAMETER_VALUE(0.2794)),.T.,.PARAMETER.);
#569=TRIMMED_CURVE('Line60',#869,(PARAMETER_VALUE(0.)),(
PARAMETER_VALUE(0.23368)),.T.,.PARAMETER.);
#570=TRIMMED_CURVE('Line61',#870,(PARAMETER_VALUE(0.)),(
PARAMETER_VALUE(1.6256)),.T.,.PARAMETER.);
#571=TRIMMED_CURVE('Line53',#871,(PARAMETER_VALUE(0.)),(
PARAMETER_VALUE(0.233680000000001)),.T.,.PARAMETER.);
#572=TRIMMED_CURVE('Line52',#872,(PARAMETER_VALUE(-1.60934477015087E-15)),
(PARAMETER_VALUE(0.179605122421383)),.T.,.PARAMETER.);
#573=TRIMMED_CURVE('Line51',#873,(PARAMETER_VALUE(0.)),(
PARAMETER_VALUE(0.127)),.T.,.PARAMETER.);
#574=TRIMMED_CURVE('Line50',#874,(PARAMETER_VALUE(0.)),(
PARAMETER_VALUE(0.127000000000002)),.T.,.PARAMETER.);
#575=TRIMMED_CURVE('Line49',#875,(PARAMETER_VALUE(0.)),(
PARAMETER_VALUE(0.127)),.T.,.PARAMETER.);
#576=TRIMMED_CURVE('Line48',#876,(PARAMETER_VALUE(0.)),(
PARAMETER_VALUE(0.127)),.T.,.PARAMETER.);
#577=TRIMMED_CURVE('Arc32',#629,(PARAMETER_VALUE(0.)),(
PARAMETER_VALUE(6.28318530717959)),.T.,.PARAMETER.);
#578=TRIMMED_CURVE('Arc29',#630,(PARAMETER_VALUE(0.)),(
PARAMETER_VALUE(6.28318530717959)),.T.,.PARAMETER.);
#579=TRIMMED_CURVE('Line40',#877,(PARAMETER_VALUE(-1.87566975839992E-16)),
(PARAMETER_VALUE(0.254)),.T.,.PARAMETER.);
#580=TRIMMED_CURVE('Line39',#878,(PARAMETER_VALUE(0.)),(
PARAMETER_VALUE(0.254)),.T.,.PARAMETER.);
#581=TRIMMED_CURVE('Arc28',#631,(PARAMETER_VALUE(6.28318530716288)),(
PARAMETER_VALUE(7.85398163397448)),.T.,.PARAMETER.);
#582=TRIMMED_CURVE('Line38',#879,(PARAMETER_VALUE(-1.11022302462516E-16)),
(PARAMETER_VALUE(0.6096)),.T.,.PARAMETER.);
#583=TRIMMED_CURVE('Arc27',#632,(PARAMETER_VALUE(-1.77635683940025E-15)),
(PARAMETER_VALUE(1.57079632679489)),.T.,.PARAMETER.);
#584=TRIMMED_CURVE('Line37',#880,(PARAMETER_VALUE(1.11022302462514E-16)),
(PARAMETER_VALUE(0.203200000002599)),.T.,.PARAMETER.);
#585=TRIMMED_CURVE('Arc26',#633,(PARAMETER_VALUE(1.33590712022091E-15)),
(PARAMETER_VALUE(1.57079632679489)),.T.,.PARAMETER.);
#586=TRIMMED_CURVE('Line36',#881,(PARAMETER_VALUE(-1.52655665885959E-16)),
(PARAMETER_VALUE(0.6096)),.T.,.PARAMETER.);
#587=TRIMMED_CURVE('Arc25',#634,(PARAMETER_VALUE(0.)),(
PARAMETER_VALUE(1.57079632679489)),.T.,.PARAMETER.);
#588=TRIMMED_CURVE('Line35',#882,(PARAMETER_VALUE(0.)),(
PARAMETER_VALUE(0.2032000000013)),.T.,.PARAMETER.);
#589=TRIMMED_CURVE('Line34',#883,(PARAMETER_VALUE(0.)),(
PARAMETER_VALUE(0.840889624148141)),.T.,.PARAMETER.);
#590=TRIMMED_CURVE('Arc24',#635,(PARAMETER_VALUE(0.)),(
PARAMETER_VALUE(1.57079632679492)),.T.,.PARAMETER.);
#591=TRIMMED_CURVE('Line33',#884,(PARAMETER_VALUE(-2.77555756141506E-17)),
(PARAMETER_VALUE(0.2032000000013)),.T.,.PARAMETER.);
#592=TRIMMED_CURVE('Arc21',#636,(PARAMETER_VALUE(6.28318530716254)),(
PARAMETER_VALUE(7.85398163397448)),.T.,.PARAMETER.);
#593=TRIMMED_CURVE('Line32',#885,(PARAMETER_VALUE(-1.11022302462516E-16)),
(PARAMETER_VALUE(0.6096)),.T.,.PARAMETER.);
#594=TRIMMED_CURVE('Arc22',#637,(PARAMETER_VALUE(-1.77635683940025E-15)),
(PARAMETER_VALUE(1.57079632679489)),.T.,.PARAMETER.);
#595=TRIMMED_CURVE('Line31',#886,(PARAMETER_VALUE(-2.22044604925029E-16)),
(PARAMETER_VALUE(0.203200000002599)),.T.,.PARAMETER.);
#596=TRIMMED_CURVE('Arc23',#638,(PARAMETER_VALUE(2.46871639449232E-15)),
(PARAMETER_VALUE(1.57079632679493)),.T.,.PARAMETER.);
#597=TRIMMED_CURVE('Line30',#887,(PARAMETER_VALUE(0.)),(
PARAMETER_VALUE(0.6096)),.T.,.PARAMETER.);
#598=TRIMMED_CURVE('Line9',#888,(PARAMETER_VALUE(0.)),(
PARAMETER_VALUE(0.23368)),.T.,.PARAMETER.);
#599=TRIMMED_CURVE('Line3',#889,(PARAMETER_VALUE(0.)),(
PARAMETER_VALUE(0.23368)),.T.,.PARAMETER.);
#600=TRIMMED_CURVE('Line44',#890,(PARAMETER_VALUE(0.)),(
PARAMETER_VALUE(2.3622)),.T.,.PARAMETER.);
#601=TRIMMED_CURVE('Line45',#891,(PARAMETER_VALUE(0.)),(
PARAMETER_VALUE(0.3556)),.T.,.PARAMETER.);
#602=TRIMMED_CURVE('Line55',#892,(PARAMETER_VALUE(0.)),(
PARAMETER_VALUE(0.2032)),.T.,.PARAMETER.);
#603=TRIMMED_CURVE('Line56',#893,(PARAMETER_VALUE(0.)),(
PARAMETER_VALUE(1.016)),.T.,.PARAMETER.);
#604=TRIMMED_CURVE('Line57',#894,(PARAMETER_VALUE(0.)),(
PARAMETER_VALUE(0.406399999999999)),.T.,.PARAMETER.);
#605=TRIMMED_CURVE('Line58',#895,(PARAMETER_VALUE(0.)),(
PARAMETER_VALUE(0.380999999999999)),.T.,.PARAMETER.);
#606=TRIMMED_CURVE('Line59',#896,(PARAMETER_VALUE(0.)),(
PARAMETER_VALUE(0.5588)),.T.,.PARAMETER.);
#607=TRIMMED_CURVE('Line47',#897,(PARAMETER_VALUE(0.)),(
PARAMETER_VALUE(0.5588)),.T.,.PARAMETER.);
#608=TRIMMED_CURVE('Line46',#898,(PARAMETER_VALUE(9.67719587752045E-30)),
(PARAMETER_VALUE(0.381)),.T.,.PARAMETER.);
#609=TRIMMED_CURVE('Line43',#899,(PARAMETER_VALUE(1.11022302462516E-16)),
(PARAMETER_VALUE(0.4064)),.T.,.PARAMETER.);
#610=TRIMMED_CURVE('Line42',#900,(PARAMETER_VALUE(9.90749424941024E-32)),
(PARAMETER_VALUE(1.016)),.T.,.PARAMETER.);
#611=TRIMMED_CURVE('Line41',#901,(PARAMETER_VALUE(4.76543085031665E-31)),
(PARAMETER_VALUE(0.2032)),.T.,.PARAMETER.);
#612=TRIMMED_CURVE('Line2',#902,(PARAMETER_VALUE(1.97392010017683E-30)),
(PARAMETER_VALUE(0.3556)),.T.,.PARAMETER.);
#613=TRIMMED_CURVE('Line29',#903,(PARAMETER_VALUE(-2.01623298774321E-31)),
(PARAMETER_VALUE(0.1524)),.T.,.PARAMETER.);
#614=TRIMMED_CURVE('Line28',#904,(PARAMETER_VALUE(2.22044604925032E-16)),
(PARAMETER_VALUE(0.3556)),.T.,.PARAMETER.);
#615=TRIMMED_CURVE('Line27',#905,(PARAMETER_VALUE(0.)),(
PARAMETER_VALUE(2.3622)),.T.,.PARAMETER.);
#616=TRIMMED_CURVE('Line1',#906,(PARAMETER_VALUE(0.)),(
PARAMETER_VALUE(2.3622)),.T.,.PARAMETER.);
#617=CIRCLE('',#2249,1.0625);
#618=CIRCLE('',#2250,1.06249999999997);
#619=CIRCLE('',#2251,1.0625);
#620=CIRCLE('',#2252,1.06249999999997);
#621=CIRCLE('',#2253,1.00000000000001);
#622=CIRCLE('',#2254,1.00000000000001);
#623=CIRCLE('',#2255,1.00000000000002);
#624=CIRCLE('',#2256,1.);
#625=CIRCLE('',#2257,9.);
#626=CIRCLE('',#2258,7.);
#627=CIRCLE('',#2259,12.);
#628=CIRCLE('',#2260,6.);
#629=CIRCLE('',#2261,6.);
#630=CIRCLE('',#2262,7.5);
#631=CIRCLE('',#2263,3.0625);
#632=CIRCLE('',#2264,3.06250000000001);
#633=CIRCLE('',#2265,3.0625);
#634=CIRCLE('',#2266,3.06250000000001);
#635=CIRCLE('',#2267,2.99999999999999);
#636=CIRCLE('',#2268,3.);
#637=CIRCLE('',#2269,3.00000000000001);
#638=CIRCLE('',#2270,2.99999999999997);
#639=GEOMETRIC_CURVE_SET('',(#438,#439,#440,#441,#442,#443,#444,#445));
#640=GEOMETRIC_CURVE_SET('',(#446,#447,#448,#449,#450));
#641=GEOMETRIC_CURVE_SET('',(#451));
#642=GEOMETRIC_CURVE_SET('',(#452,#453,#454,#455,#456,#457,#458,#459));
#643=GEOMETRIC_CURVE_SET('',(#460,#461,#462));
#644=GEOMETRIC_CURVE_SET('',(#463,#464));
#645=GEOMETRIC_CURVE_SET('',(#465,#466));
#646=GEOMETRIC_CURVE_SET('',(#467));
#647=GEOMETRIC_CURVE_SET('',(#468,#469));
#648=GEOMETRIC_CURVE_SET('',(#470,#471,#472,#473,#474));
#649=GEOMETRIC_CURVE_SET('',(#475));
#650=GEOMETRIC_CURVE_SET('',(#476));
#651=GEOMETRIC_CURVE_SET('',(#477));
#652=GEOMETRIC_CURVE_SET('',(#478,#479,#480,#481));
#653=GEOMETRIC_CURVE_SET('',(#482,#483,#484,#485));
#654=GEOMETRIC_CURVE_SET('',(#486,#487,#488,#489));
#655=GEOMETRIC_CURVE_SET('',(#490,#491,#492,#493));
#656=GEOMETRIC_CURVE_SET('',(#494,#495,#496,#497,#498));
#657=GEOMETRIC_CURVE_SET('',(#499));
#658=GEOMETRIC_CURVE_SET('',(#500,#501,#502,#503));
#659=GEOMETRIC_CURVE_SET('',(#504,#505,#506,#507,#508));
#660=GEOMETRIC_CURVE_SET('',(#509));
#661=GEOMETRIC_CURVE_SET('',(#510,#511,#512));
#662=GEOMETRIC_CURVE_SET('',(#513,#514));
#663=GEOMETRIC_CURVE_SET('',(#515));
#664=GEOMETRIC_CURVE_SET('',(#516,#517,#518,#519,#520));
#665=GEOMETRIC_CURVE_SET('',(#521,#522,#523,#524,#525));
#666=GEOMETRIC_CURVE_SET('',(#526));
#667=GEOMETRIC_CURVE_SET('',(#527));
#668=GEOMETRIC_CURVE_SET('',(#528,#529,#530));
#669=GEOMETRIC_CURVE_SET('',(#531,#532,#533,#534,#535));
#670=GEOMETRIC_CURVE_SET('',(#536));
#671=GEOMETRIC_CURVE_SET('',(#537,#538,#539,#540,#541));
#672=GEOMETRIC_CURVE_SET('',(#542,#543));
#673=GEOMETRIC_CURVE_SET('',(#544,#545,#546,#547,#548));
#674=GEOMETRIC_CURVE_SET('',(#549,#550,#551,#552,#553));
#675=GEOMETRIC_CURVE_SET('',(#554));
#676=GEOMETRIC_CURVE_SET('',(#555,#556,#557));
#677=GEOMETRIC_CURVE_SET('',(#558,#559));
#678=GEOMETRIC_CURVE_SET('',(#560));
#679=GEOMETRIC_CURVE_SET('',(#561,#562,#563,#564,#565));
#680=GEOMETRIC_CURVE_SET('',(#566));
#681=GEOMETRIC_CURVE_SET('',(#567,#568,#569,#570,#571));
#682=GEOMETRIC_CURVE_SET('',(#572,#573,#574,#575,#576));
#683=GEOMETRIC_CURVE_SET('',(#577));
#684=GEOMETRIC_CURVE_SET('',(#578));
#685=GEOMETRIC_CURVE_SET('',(#579,#580));
#686=GEOMETRIC_CURVE_SET('',(#581,#582,#583,#584,#585,#586,#587,#588));
#687=GEOMETRIC_CURVE_SET('',(#589));
#688=GEOMETRIC_CURVE_SET('',(#590,#591,#592,#593,#594,#595,#596,#597));
#689=GEOMETRIC_CURVE_SET('',(#598,#599));
#690=GEOMETRIC_CURVE_SET('',(#600,#601,#602,#603,#604,#605,#606,#607,#608,
#609,#610,#611,#612,#613,#614,#615,#616));
#691=GEOMETRIC_CURVE_SET('',(#4252));
#692=GEOMETRIC_CURVE_SET('',(#4253));
#693=GEOMETRIC_CURVE_SET('',(#4254));
#694=GEOMETRIC_CURVE_SET('',(#4255));
#695=GEOMETRIC_CURVE_SET('',(#4256));
#696=GEOMETRIC_CURVE_SET('',(#4257));
#697=GEOMETRIC_CURVE_SET('',(#4258));
#698=GEOMETRIC_CURVE_SET('',(#4259));
#699=GEOMETRIC_CURVE_SET('',(#4260));
#700=GEOMETRIC_CURVE_SET('',(#4261));
#701=GEOMETRIC_CURVE_SET('',(#4262));
#702=GEOMETRIC_CURVE_SET('',(#4263));
#703=GEOMETRIC_CURVE_SET('',(#4264));
#704=GEOMETRIC_CURVE_SET('',(#4265));
#705=GEOMETRIC_CURVE_SET('',(#4266));
#706=SHAPE_REPRESENTATION_RELATIONSHIP('','',#2234,#708);
#707=SHAPE_REPRESENTATION_RELATIONSHIP('','',#2234,#79);
#708=ADVANCED_BREP_SHAPE_REPRESENTATION('',(#2229,#2230,#2231,#2232),#7563);
#709=PLANE('',#2237);
#710=PLANE('',#2239);
#711=PLANE('',#2241);
#712=PLANE('',#2243);
#713=PLANE('',#2244);
#714=PLANE('',#2245);
#715=PLANE('',#2246);
#716=PLANE('',#2247);
#717=PLANE('',#2248);
#718=PLANE('',#2271);
#719=PLANE('',#2273);
#720=PLANE('',#2275);
#721=PLANE('',#2277);
#722=PLANE('',#2279);
#723=PLANE('',#2280);
#724=PLANE('',#2281);
#725=PLANE('',#2282);
#726=PLANE('',#2283);
#727=PLANE('',#2285);
#728=PLANE('',#2287);
#729=PLANE('',#2289);
#730=PLANE('',#2291);
#731=PLANE('',#2293);
#732=PLANE('',#2295);
#733=PLANE('',#2297);
#734=LINE('',#2860,#931);
#735=LINE('',#2861,#932);
#736=LINE('',#2863,#933);
#737=LINE('',#2865,#934);
#738=LINE('',#2867,#935);
#739=LINE('',#2869,#936);
#740=LINE('',#2871,#937);
#741=LINE('',#2873,#938);
#742=LINE('',#2876,#939);
#743=LINE('',#2878,#940);
#744=LINE('',#2880,#941);
#745=LINE('',#2882,#942);
#746=LINE('',#2884,#943);
#747=LINE('',#2886,#944);
#748=LINE('',#2888,#945);
#749=LINE('',#2890,#946);
#750=LINE('',#2893,#947);
#751=LINE('',#2895,#948);
#752=LINE('',#2897,#949);
#753=LINE('',#2899,#950);
#754=LINE('',#2900,#951);
#755=LINE('',#2901,#952);
#756=LINE('',#2902,#953);
#757=LINE('',#2903,#954);
#758=LINE('',#2904,#955);
#759=LINE('',#2905,#956);
#760=LINE('',#2907,#957);
#761=LINE('',#2909,#958);
#762=LINE('',#2911,#959);
#763=LINE('',#2913,#960);
#764=LINE('',#2914,#961);
#765=LINE('',#2915,#962);
#766=LINE('',#2916,#963);
#767=LINE('',#2917,#964);
#768=LINE('',#2918,#965);
#769=LINE('',#2919,#966);
#770=LINE('',#2920,#967);
#771=LINE('',#2921,#968);
#772=LINE('',#2922,#969);
#773=LINE('',#2923,#970);
#774=LINE('',#2924,#971);
#775=LINE('',#2925,#972);
#776=LINE('',#2926,#973);
#777=LINE('',#2927,#974);
#778=LINE('',#2928,#975);
#779=LINE('',#2932,#976);
#780=LINE('',#2933,#977);
#781=LINE('',#2934,#978);
#782=LINE('',#2935,#979);
#783=LINE('',#2936,#980);
#784=LINE('',#2937,#981);
#785=LINE('',#2938,#982);
#786=LINE('',#2939,#983);
#787=LINE('',#2940,#984);
#788=LINE('',#2941,#985);
#789=LINE('',#2942,#986);
#790=LINE('',#2943,#987);
#791=LINE('',#2944,#988);
#792=LINE('',#2945,#989);
#793=LINE('',#2946,#990);
#794=LINE('',#2947,#991);
#795=LINE('',#2948,#992);
#796=LINE('',#2949,#993);
#797=LINE('',#2950,#994);
#798=LINE('',#2951,#995);
#799=LINE('',#2952,#996);
#800=LINE('',#2953,#997);
#801=LINE('',#2954,#998);
#802=LINE('',#2955,#999);
#803=LINE('',#2956,#1000);
#804=LINE('',#2957,#1001);
#805=LINE('',#2958,#1002);
#806=LINE('',#2959,#1003);
#807=LINE('',#2960,#1004);
#808=LINE('',#2961,#1005);
#809=LINE('',#2962,#1006);
#810=LINE('',#2963,#1007);
#811=LINE('',#2964,#1008);
#812=LINE('',#2965,#1009);
#813=LINE('',#2966,#1010);
#814=LINE('',#2967,#1011);
#815=LINE('',#2968,#1012);
#816=LINE('',#2969,#1013);
#817=LINE('',#2970,#1014);
#818=LINE('',#2971,#1015);
#819=LINE('',#2972,#1016);
#820=LINE('',#2973,#1017);
#821=LINE('',#2974,#1018);
#822=LINE('',#2975,#1019);
#823=LINE('',#2976,#1020);
#824=LINE('',#2977,#1021);
#825=LINE('',#2978,#1022);
#826=LINE('',#2979,#1023);
#827=LINE('',#2980,#1024);
#828=LINE('',#2981,#1025);
#829=LINE('',#2982,#1026);
#830=LINE('',#2983,#1027);
#831=LINE('',#2984,#1028);
#832=LINE('',#2985,#1029);
#833=LINE('',#2986,#1030);
#834=LINE('',#2987,#1031);
#835=LINE('',#2988,#1032);
#836=LINE('',#2989,#1033);
#837=LINE('',#2990,#1034);
#838=LINE('',#2991,#1035);
#839=LINE('',#2992,#1036);
#840=LINE('',#2993,#1037);
#841=LINE('',#2994,#1038);
#842=LINE('',#2995,#1039);
#843=LINE('',#2996,#1040);
#844=LINE('',#2997,#1041);
#845=LINE('',#2998,#1042);
#846=LINE('',#2999,#1043);
#847=LINE('',#3000,#1044);
#848=LINE('',#3001,#1045);
#849=LINE('',#3002,#1046);
#850=LINE('',#3003,#1047);
#851=LINE('',#3004,#1048);
#852=LINE('',#3005,#1049);
#853=LINE('',#3006,#1050);
#854=LINE('',#3007,#1051);
#855=LINE('',#3009,#1052);
#856=LINE('',#3010,#1053);
#857=LINE('',#3011,#1054);
#858=LINE('',#3012,#1055);
#859=LINE('',#3013,#1056);
#860=LINE('',#3014,#1057);
#861=LINE('',#3015,#1058);
#862=LINE('',#3016,#1059);
#863=LINE('',#3017,#1060);
#864=LINE('',#3018,#1061);
#865=LINE('',#3019,#1062);
#866=LINE('',#3020,#1063);
#867=LINE('',#3021,#1064);
#868=LINE('',#3022,#1065);
#869=LINE('',#3023,#1066);
#870=LINE('',#3024,#1067);
#871=LINE('',#3025,#1068);
#872=LINE('',#3026,#1069);
#873=LINE('',#3027,#1070);
#874=LINE('',#3028,#1071);
#875=LINE('',#3029,#1072);
#876=LINE('',#3030,#1073);
#877=LINE('',#3033,#1074);
#878=LINE('',#3034,#1075);
#879=LINE('',#3036,#1076);
#880=LINE('',#3038,#1077);
#881=LINE('',#3040,#1078);
#882=LINE('',#3042,#1079);
#883=LINE('',#3043,#1080);
#884=LINE('',#3045,#1081);
#885=LINE('',#3047,#1082);
#886=LINE('',#3049,#1083);
#887=LINE('',#3051,#1084);
#888=LINE('',#3052,#1085);
#889=LINE('',#3053,#1086);
#890=LINE('',#3054,#1087);
#891=LINE('',#3055,#1088);
#892=LINE('',#3056,#1089);
#893=LINE('',#3057,#1090);
#894=LINE('',#3058,#1091);
#895=LINE('',#3059,#1092);
#896=LINE('',#3060,#1093);
#897=LINE('',#3061,#1094);
#898=LINE('',#3062,#1095);
#899=LINE('',#3063,#1096);
#900=LINE('',#3064,#1097);
#901=LINE('',#3065,#1098);
#902=LINE('',#3066,#1099);
#903=LINE('',#3067,#1100);
#904=LINE('',#3068,#1101);
#905=LINE('',#3069,#1102);
#906=LINE('',#3070,#1103);
#907=LINE('',#5027,#1104);
#908=LINE('',#5029,#1105);
#909=LINE('',#5044,#1106);
#910=LINE('',#5055,#1107);
#911=LINE('',#5071,#1108);
#912=LINE('',#5081,#1109);
#913=LINE('',#5100,#1110);
#914=LINE('',#5113,#1111);
#915=LINE('',#7507,#1112);
#916=LINE('',#7508,#1113);
#917=LINE('',#7510,#1114);
#918=LINE('',#7512,#1115);
#919=LINE('',#7514,#1116);
#920=LINE('',#7516,#1117);
#921=LINE('',#7518,#1118);
#922=LINE('',#7520,#1119);
#923=LINE('',#7523,#1120);
#924=LINE('',#7524,#1121);
#925=LINE('',#7526,#1122);
#926=LINE('',#7528,#1123);
#927=LINE('',#7530,#1124);
#928=LINE('',#7532,#1125);
#929=LINE('',#7534,#1126);
#930=LINE('',#7536,#1127);
#931=VECTOR('',#2319,39.3700787401575);
#932=VECTOR('',#2320,39.3700787401575);
#933=VECTOR('',#2323,39.3700787401575);
#934=VECTOR('',#2326,39.3700787401575);
#935=VECTOR('',#2329,39.3700787401575);
#936=VECTOR('',#2332,39.3700787401575);
#937=VECTOR('',#2335,39.3700787401575);
#938=VECTOR('',#2338,39.3700787401575);
#939=VECTOR('',#2343,39.3700787401575);
#940=VECTOR('',#2344,39.3700787401575);
#941=VECTOR('',#2345,39.3700787401575);
#942=VECTOR('',#2348,39.3700787401575);
#943=VECTOR('',#2349,39.3700787401575);
#944=VECTOR('',#2352,39.3700787401575);
#945=VECTOR('',#2353,39.3700787401575);
#946=VECTOR('',#2356,39.3700787401575);
#947=VECTOR('',#2361,39.3700787401575);
#948=VECTOR('',#2364,39.3700787401575);
#949=VECTOR('',#2367,39.3700787401575);
#950=VECTOR('',#2370,39.3700787401575);
#951=VECTOR('',#2371,39.3700787401575);
#952=VECTOR('',#2372,39.3700787401575);
#953=VECTOR('',#2373,39.3700787401575);
#954=VECTOR('',#2374,39.3700787401575);
#955=VECTOR('',#2375,39.3700787401575);
#956=VECTOR('',#2376,39.3700787401575);
#957=VECTOR('',#2379,39.3700787401575);
#958=VECTOR('',#2382,39.3700787401575);
#959=VECTOR('',#2385,39.3700787401575);
#960=VECTOR('',#2388,39.3700787401575);
#961=VECTOR('',#2389,39.3700787401575);
#962=VECTOR('',#2390,39.3700787401575);
#963=VECTOR('',#2391,39.3700787401575);
#964=VECTOR('',#2392,39.3700787401575);
#965=VECTOR('',#2393,39.3700787401575);
#966=VECTOR('',#2394,39.3700787401575);
#967=VECTOR('',#2395,39.3700787401575);
#968=VECTOR('',#2396,39.3700787401575);
#969=VECTOR('',#2397,39.3700787401575);
#970=VECTOR('',#2398,39.3700787401575);
#971=VECTOR('',#2399,39.3700787401575);
#972=VECTOR('',#2400,39.3700787401575);
#973=VECTOR('',#2401,39.3700787401575);
#974=VECTOR('',#2402,39.3700787401575);
#975=VECTOR('',#2403,39.3700787401575);
#976=VECTOR('',#2410,39.3700787401575);
#977=VECTOR('',#2411,39.3700787401575);
#978=VECTOR('',#2412,39.3700787401575);
#979=VECTOR('',#2413,39.3700787401575);
#980=VECTOR('',#2414,39.3700787401575);
#981=VECTOR('',#2415,39.3700787401575);
#982=VECTOR('',#2416,39.3700787401575);
#983=VECTOR('',#2417,39.3700787401575);
#984=VECTOR('',#2418,39.3700787401575);
#985=VECTOR('',#2419,39.3700787401575);
#986=VECTOR('',#2420,39.3700787401575);
#987=VECTOR('',#2421,39.3700787401575);
#988=VECTOR('',#2422,39.3700787401575);
#989=VECTOR('',#2423,39.3700787401575);
#990=VECTOR('',#2424,39.3700787401575);
#991=VECTOR('',#2425,39.3700787401575);
#992=VECTOR('',#2426,39.3700787401575);
#993=VECTOR('',#2427,39.3700787401575);
#994=VECTOR('',#2428,39.3700787401575);
#995=VECTOR('',#2429,39.3700787401575);
#996=VECTOR('',#2430,39.3700787401575);
#997=VECTOR('',#2431,39.3700787401575);
#998=VECTOR('',#2432,39.3700787401575);
#999=VECTOR('',#2433,39.3700787401575);
#1000=VECTOR('',#2434,39.3700787401575);
#1001=VECTOR('',#2435,39.3700787401575);
#1002=VECTOR('',#2436,39.3700787401575);
#1003=VECTOR('',#2437,39.3700787401575);
#1004=VECTOR('',#2438,39.3700787401575);
#1005=VECTOR('',#2439,39.3700787401575);
#1006=VECTOR('',#2440,39.3700787401575);
#1007=VECTOR('',#2441,39.3700787401575);
#1008=VECTOR('',#2442,39.3700787401575);
#1009=VECTOR('',#2443,39.3700787401575);
#1010=VECTOR('',#2444,39.3700787401575);
#1011=VECTOR('',#2445,39.3700787401575);
#1012=VECTOR('',#2446,39.3700787401575);
#1013=VECTOR('',#2447,39.3700787401575);
#1014=VECTOR('',#2448,39.3700787401575);
#1015=VECTOR('',#2449,39.3700787401575);
#1016=VECTOR('',#2450,39.3700787401575);
#1017=VECTOR('',#2451,39.3700787401575);
#1018=VECTOR('',#2452,39.3700787401575);
#1019=VECTOR('',#2453,39.3700787401575);
#1020=VECTOR('',#2454,39.3700787401575);
#1021=VECTOR('',#2455,39.3700787401575);
#1022=VECTOR('',#2456,39.3700787401575);
#1023=VECTOR('',#2457,39.3700787401575);
#1024=VECTOR('',#2458,39.3700787401575);
#1025=VECTOR('',#2459,39.3700787401575);
#1026=VECTOR('',#2460,39.3700787401575);
#1027=VECTOR('',#2461,39.3700787401575);
#1028=VECTOR('',#2462,39.3700787401575);
#1029=VECTOR('',#2463,39.3700787401575);
#1030=VECTOR('',#2464,39.3700787401575);
#1031=VECTOR('',#2465,39.3700787401575);
#1032=VECTOR('',#2466,39.3700787401575);
#1033=VECTOR('',#2467,39.3700787401575);
#1034=VECTOR('',#2468,39.3700787401575);
#1035=VECTOR('',#2469,39.3700787401575);
#1036=VECTOR('',#2470,39.3700787401575);
#1037=VECTOR('',#2471,39.3700787401575);
#1038=VECTOR('',#2472,39.3700787401575);
#1039=VECTOR('',#2473,39.3700787401575);
#1040=VECTOR('',#2474,39.3700787401575);
#1041=VECTOR('',#2475,39.3700787401575);
#1042=VECTOR('',#2476,39.3700787401575);
#1043=VECTOR('',#2477,39.3700787401575);
#1044=VECTOR('',#2478,39.3700787401575);
#1045=VECTOR('',#2479,39.3700787401575);
#1046=VECTOR('',#2480,39.3700787401575);
#1047=VECTOR('',#2481,39.3700787401575);
#1048=VECTOR('',#2482,39.3700787401575);
#1049=VECTOR('',#2483,39.3700787401575);
#1050=VECTOR('',#2484,39.3700787401575);
#1051=VECTOR('',#2485,39.3700787401575);
#1052=VECTOR('',#2488,39.3700787401575);
#1053=VECTOR('',#2489,39.3700787401575);
#1054=VECTOR('',#2490,39.3700787401575);
#1055=VECTOR('',#2491,39.3700787401575);
#1056=VECTOR('',#2492,39.3700787401575);
#1057=VECTOR('',#2493,39.3700787401575);
#1058=VECTOR('',#2494,39.3700787401575);
#1059=VECTOR('',#2495,39.3700787401575);
#1060=VECTOR('',#2496,39.3700787401575);
#1061=VECTOR('',#2497,39.3700787401575);
#1062=VECTOR('',#2498,39.3700787401575);
#1063=VECTOR('',#2499,39.3700787401575);
#1064=VECTOR('',#2500,39.3700787401575);
#1065=VECTOR('',#2501,39.3700787401575);
#1066=VECTOR('',#2502,39.3700787401575);
#1067=VECTOR('',#2503,39.3700787401575);
#1068=VECTOR('',#2504,39.3700787401575);
#1069=VECTOR('',#2505,39.3700787401575);
#1070=VECTOR('',#2506,39.3700787401575);
#1071=VECTOR('',#2507,39.3700787401575);
#1072=VECTOR('',#2508,39.3700787401575);
#1073=VECTOR('',#2509,39.3700787401575);
#1074=VECTOR('',#2514,39.3700787401575);
#1075=VECTOR('',#2515,39.3700787401575);
#1076=VECTOR('',#2518,39.3700787401575);
#1077=VECTOR('',#2521,39.3700787401575);
#1078=VECTOR('',#2524,39.3700787401575);
#1079=VECTOR('',#2527,39.3700787401575);
#1080=VECTOR('',#2528,39.3700787401575);
#1081=VECTOR('',#2531,39.3700787401575);
#1082=VECTOR('',#2534,39.3700787401575);
#1083=VECTOR('',#2537,39.3700787401575);
#1084=VECTOR('',#2540,39.3700787401575);
#1085=VECTOR('',#2541,39.3700787401575);
#1086=VECTOR('',#2542,39.3700787401575);
#1087=VECTOR('',#2543,39.3700787401575);
#1088=VECTOR('',#2544,39.3700787401575);
#1089=VECTOR('',#2545,39.3700787401575);
#1090=VECTOR('',#2546,39.3700787401575);
#1091=VECTOR('',#2547,39.3700787401575);
#1092=VECTOR('',#2548,39.3700787401575);
#1093=VECTOR('',#2549,39.3700787401575);
#1094=VECTOR('',#2550,39.3700787401575);
#1095=VECTOR('',#2551,39.3700787401575);
#1096=VECTOR('',#2552,39.3700787401575);
#1097=VECTOR('',#2553,39.3700787401575);
#1098=VECTOR('',#2554,39.3700787401575);
#1099=VECTOR('',#2555,39.3700787401575);
#1100=VECTOR('',#2556,39.3700787401575);
#1101=VECTOR('',#2557,39.3700787401575);
#1102=VECTOR('',#2558,39.3700787401575);
#1103=VECTOR('',#2559,39.3700787401575);
#1104=VECTOR('',#2564,39.3700787401575);
#1105=VECTOR('',#2565,39.3700787401575);
#1106=VECTOR('',#2568,39.3700787401575);
#1107=VECTOR('',#2571,39.3700787401575);
#1108=VECTOR('',#2574,39.3700787401575);
#1109=VECTOR('',#2577,39.3700787401575);
#1110=VECTOR('',#2580,39.3700787401575);
#1111=VECTOR('',#2583,39.3700787401575);
#1112=VECTOR('',#2594,39.3700787401575);
#1113=VECTOR('',#2595,39.3700787401575);
#1114=VECTOR('',#2598,39.3700787401575);
#1115=VECTOR('',#2601,39.3700787401575);
#1116=VECTOR('',#2604,39.3700787401575);
#1117=VECTOR('',#2607,39.3700787401575);
#1118=VECTOR('',#2610,39.3700787401575);
#1119=VECTOR('',#2613,39.3700787401575);
#1120=VECTOR('',#2618,39.3700787401575);
#1121=VECTOR('',#2619,39.3700787401575);
#1122=VECTOR('',#2622,39.3700787401575);
#1123=VECTOR('',#2625,39.3700787401575);
#1124=VECTOR('',#2628,39.3700787401575);
#1125=VECTOR('',#2631,39.3700787401575);
#1126=VECTOR('',#2634,39.3700787401575);
#1127=VECTOR('',#2637,39.3700787401575);
#1128=CYLINDRICAL_SURFACE('',#2236,1.);
#1129=CYLINDRICAL_SURFACE('',#2238,1.);
#1130=CYLINDRICAL_SURFACE('',#2240,1.);
#1131=CYLINDRICAL_SURFACE('',#2242,1.);
#1132=CYLINDRICAL_SURFACE('',#2272,3.);
#1133=CYLINDRICAL_SURFACE('',#2274,3.);
#1134=CYLINDRICAL_SURFACE('',#2276,3.);
#1135=CYLINDRICAL_SURFACE('',#2278,3.);
#1136=CYLINDRICAL_SURFACE('',#2284,3.0625);
#1137=CYLINDRICAL_SURFACE('',#2286,3.0625);
#1138=CYLINDRICAL_SURFACE('',#2288,3.0625);
#1139=CYLINDRICAL_SURFACE('',#2290,3.0625);
#1140=CYLINDRICAL_SURFACE('',#2292,1.0625);
#1141=CYLINDRICAL_SURFACE('',#2294,1.0625);
#1142=CYLINDRICAL_SURFACE('',#2296,1.0625);
#1143=CYLINDRICAL_SURFACE('',#2298,1.0625);
#1144=ORIENTED_EDGE('',*,*,#1376,.T.);
#1145=ORIENTED_EDGE('',*,*,#1377,.T.);
#1146=ORIENTED_EDGE('',*,*,#1378,.T.);
#1147=ORIENTED_EDGE('',*,*,#1379,.T.);
#1148=ORIENTED_EDGE('',*,*,#1380,.T.);
#1149=ORIENTED_EDGE('',*,*,#1381,.T.);
#1150=ORIENTED_EDGE('',*,*,#1382,.T.);
#1151=ORIENTED_EDGE('',*,*,#1383,.T.);
#1152=ORIENTED_EDGE('',*,*,#1384,.T.);
#1153=ORIENTED_EDGE('',*,*,#1385,.T.);
#1154=ORIENTED_EDGE('',*,*,#1386,.T.);
#1155=ORIENTED_EDGE('',*,*,#1387,.T.);
#1156=ORIENTED_EDGE('',*,*,#1388,.F.);
#1157=ORIENTED_EDGE('',*,*,#1389,.F.);
#1158=ORIENTED_EDGE('',*,*,#1390,.F.);
#1159=ORIENTED_EDGE('',*,*,#1391,.F.);
#1160=ORIENTED_EDGE('',*,*,#1392,.F.);
#1161=ORIENTED_EDGE('',*,*,#1393,.F.);
#1162=ORIENTED_EDGE('',*,*,#1394,.F.);
#1163=ORIENTED_EDGE('',*,*,#1395,.F.);
#1164=ORIENTED_EDGE('',*,*,#1396,.T.);
#1165=ORIENTED_EDGE('',*,*,#1389,.T.);
#1166=ORIENTED_EDGE('',*,*,#1397,.F.);
#1167=ORIENTED_EDGE('',*,*,#1376,.F.);
#1168=ORIENTED_EDGE('',*,*,#1398,.T.);
#1169=ORIENTED_EDGE('',*,*,#1390,.T.);
#1170=ORIENTED_EDGE('',*,*,#1396,.F.);
#1171=ORIENTED_EDGE('',*,*,#1383,.F.);
#1172=ORIENTED_EDGE('',*,*,#1399,.T.);
#1173=ORIENTED_EDGE('',*,*,#1391,.T.);
#1174=ORIENTED_EDGE('',*,*,#1398,.F.);
#1175=ORIENTED_EDGE('',*,*,#1382,.F.);
#1176=ORIENTED_EDGE('',*,*,#1400,.T.);
#1177=ORIENTED_EDGE('',*,*,#1392,.T.);
#1178=ORIENTED_EDGE('',*,*,#1399,.F.);
#1179=ORIENTED_EDGE('',*,*,#1381,.F.);
#1180=ORIENTED_EDGE('',*,*,#1401,.T.);
#1181=ORIENTED_EDGE('',*,*,#1393,.T.);
#1182=ORIENTED_EDGE('',*,*,#1400,.F.);
#1183=ORIENTED_EDGE('',*,*,#1380,.F.);
#1184=ORIENTED_EDGE('',*,*,#1402,.T.);
#1185=ORIENTED_EDGE('',*,*,#1394,.T.);
#1186=ORIENTED_EDGE('',*,*,#1401,.F.);
#1187=ORIENTED_EDGE('',*,*,#1379,.F.);
#1188=ORIENTED_EDGE('',*,*,#1403,.T.);
#1189=ORIENTED_EDGE('',*,*,#1395,.T.);
#1190=ORIENTED_EDGE('',*,*,#1402,.F.);
#1191=ORIENTED_EDGE('',*,*,#1378,.F.);
#1192=ORIENTED_EDGE('',*,*,#1397,.T.);
#1193=ORIENTED_EDGE('',*,*,#1388,.T.);
#1194=ORIENTED_EDGE('',*,*,#1403,.F.);
#1195=ORIENTED_EDGE('',*,*,#1377,.F.);
#1196=ORIENTED_EDGE('',*,*,#1404,.T.);
#1197=ORIENTED_EDGE('',*,*,#1387,.F.);
#1198=ORIENTED_EDGE('',*,*,#1405,.F.);
#1199=ORIENTED_EDGE('',*,*,#1406,.T.);
#1200=ORIENTED_EDGE('',*,*,#1407,.T.);
#1201=ORIENTED_EDGE('',*,*,#1384,.F.);
#1202=ORIENTED_EDGE('',*,*,#1404,.F.);
#1203=ORIENTED_EDGE('',*,*,#1408,.T.);
#1204=ORIENTED_EDGE('',*,*,#1405,.T.);
#1205=ORIENTED_EDGE('',*,*,#1386,.F.);
#1206=ORIENTED_EDGE('',*,*,#1409,.F.);
#1207=ORIENTED_EDGE('',*,*,#1410,.T.);
#1208=ORIENTED_EDGE('',*,*,#1408,.F.);
#1209=ORIENTED_EDGE('',*,*,#1406,.F.);
#1210=ORIENTED_EDGE('',*,*,#1410,.F.);
#1211=ORIENTED_EDGE('',*,*,#1411,.F.);
#1212=ORIENTED_EDGE('',*,*,#1409,.T.);
#1213=ORIENTED_EDGE('',*,*,#1385,.F.);
#1214=ORIENTED_EDGE('',*,*,#1407,.F.);
#1215=ORIENTED_EDGE('',*,*,#1411,.T.);
#1216=ORIENTED_EDGE('',*,*,#1412,.T.);
#1217=ORIENTED_EDGE('',*,*,#1412,.F.);
#1218=ORIENTED_EDGE('',*,*,#1413,.F.);
#1219=ORIENTED_EDGE('',*,*,#1413,.T.);
#1220=ORIENTED_EDGE('',*,*,#1414,.F.);
#1221=ORIENTED_EDGE('',*,*,#1415,.F.);
#1222=ORIENTED_EDGE('',*,*,#1416,.F.);
#1223=ORIENTED_EDGE('',*,*,#1417,.F.);
#1224=ORIENTED_EDGE('',*,*,#1418,.F.);
#1225=ORIENTED_EDGE('',*,*,#1419,.F.);
#1226=ORIENTED_EDGE('',*,*,#1420,.F.);
#1227=ORIENTED_EDGE('',*,*,#1421,.F.);
#1228=ORIENTED_EDGE('',*,*,#1422,.T.);
#1229=ORIENTED_EDGE('',*,*,#1415,.T.);
#1230=ORIENTED_EDGE('',*,*,#1423,.F.);
#1231=ORIENTED_EDGE('',*,*,#1424,.F.);
#1232=ORIENTED_EDGE('',*,*,#1425,.T.);
#1233=ORIENTED_EDGE('',*,*,#1416,.T.);
#1234=ORIENTED_EDGE('',*,*,#1422,.F.);
#1235=ORIENTED_EDGE('',*,*,#1426,.F.);
#1236=ORIENTED_EDGE('',*,*,#1427,.T.);
#1237=ORIENTED_EDGE('',*,*,#1417,.T.);
#1238=ORIENTED_EDGE('',*,*,#1425,.F.);
#1239=ORIENTED_EDGE('',*,*,#1428,.F.);
#1240=ORIENTED_EDGE('',*,*,#1429,.T.);
#1241=ORIENTED_EDGE('',*,*,#1418,.T.);
#1242=ORIENTED_EDGE('',*,*,#1427,.F.);
#1243=ORIENTED_EDGE('',*,*,#1430,.F.);
#1244=ORIENTED_EDGE('',*,*,#1431,.T.);
#1245=ORIENTED_EDGE('',*,*,#1419,.T.);
#1246=ORIENTED_EDGE('',*,*,#1429,.F.);
#1247=ORIENTED_EDGE('',*,*,#1432,.F.);
#1248=ORIENTED_EDGE('',*,*,#1433,.T.);
#1249=ORIENTED_EDGE('',*,*,#1420,.T.);
#1250=ORIENTED_EDGE('',*,*,#1431,.F.);
#1251=ORIENTED_EDGE('',*,*,#1434,.F.);
#1252=ORIENTED_EDGE('',*,*,#1435,.T.);
#1253=ORIENTED_EDGE('',*,*,#1421,.T.);
#1254=ORIENTED_EDGE('',*,*,#1433,.F.);
#1255=ORIENTED_EDGE('',*,*,#1436,.F.);
#1256=ORIENTED_EDGE('',*,*,#1423,.T.);
#1257=ORIENTED_EDGE('',*,*,#1414,.T.);
#1258=ORIENTED_EDGE('',*,*,#1435,.F.);
#1259=ORIENTED_EDGE('',*,*,#1437,.F.);
#1260=ORIENTED_EDGE('',*,*,#1424,.T.);
#1261=ORIENTED_EDGE('',*,*,#1437,.T.);
#1262=ORIENTED_EDGE('',*,*,#1436,.T.);
#1263=ORIENTED_EDGE('',*,*,#1434,.T.);
#1264=ORIENTED_EDGE('',*,*,#1432,.T.);
#1265=ORIENTED_EDGE('',*,*,#1430,.T.);
#1266=ORIENTED_EDGE('',*,*,#1428,.T.);
#1267=ORIENTED_EDGE('',*,*,#1426,.T.);
#1268=ORIENTED_EDGE('',*,*,#1438,.T.);
#1269=ORIENTED_EDGE('',*,*,#1439,.F.);
#1270=ORIENTED_EDGE('',*,*,#1440,.T.);
#1271=ORIENTED_EDGE('',*,*,#1441,.T.);
#1272=ORIENTED_EDGE('',*,*,#1442,.T.);
#1273=ORIENTED_EDGE('',*,*,#1443,.T.);
#1274=ORIENTED_EDGE('',*,*,#1444,.T.);
#1275=ORIENTED_EDGE('',*,*,#1445,.T.);
#1276=ORIENTED_EDGE('',*,*,#1446,.T.);
#1277=ORIENTED_EDGE('',*,*,#1447,.T.);
#1278=ORIENTED_EDGE('',*,*,#1448,.F.);
#1279=ORIENTED_EDGE('',*,*,#1449,.T.);
#1280=ORIENTED_EDGE('',*,*,#1450,.F.);
#1281=ORIENTED_EDGE('',*,*,#1451,.F.);
#1282=ORIENTED_EDGE('',*,*,#1452,.F.);
#1283=ORIENTED_EDGE('',*,*,#1453,.F.);
#1284=ORIENTED_EDGE('',*,*,#1454,.F.);
#1285=ORIENTED_EDGE('',*,*,#1455,.F.);
#1286=ORIENTED_EDGE('',*,*,#1456,.F.);
#1287=ORIENTED_EDGE('',*,*,#1457,.F.);
#1288=ORIENTED_EDGE('',*,*,#1458,.T.);
#1289=ORIENTED_EDGE('',*,*,#1439,.T.);
#1290=ORIENTED_EDGE('',*,*,#1459,.T.);
#1291=ORIENTED_EDGE('',*,*,#1460,.T.);
#1292=ORIENTED_EDGE('',*,*,#1461,.T.);
#1293=ORIENTED_EDGE('',*,*,#1462,.T.);
#1294=ORIENTED_EDGE('',*,*,#1463,.T.);
#1295=ORIENTED_EDGE('',*,*,#1464,.T.);
#1296=ORIENTED_EDGE('',*,*,#1465,.T.);
#1297=ORIENTED_EDGE('',*,*,#1466,.T.);
#1298=ORIENTED_EDGE('',*,*,#1467,.T.);
#1299=ORIENTED_EDGE('',*,*,#1449,.F.);
#1300=ORIENTED_EDGE('',*,*,#1468,.F.);
#1301=ORIENTED_EDGE('',*,*,#1469,.F.);
#1302=ORIENTED_EDGE('',*,*,#1470,.F.);
#1303=ORIENTED_EDGE('',*,*,#1471,.F.);
#1304=ORIENTED_EDGE('',*,*,#1472,.F.);
#1305=ORIENTED_EDGE('',*,*,#1473,.F.);
#1306=ORIENTED_EDGE('',*,*,#1474,.F.);
#1307=ORIENTED_EDGE('',*,*,#1475,.F.);
#1308=ORIENTED_EDGE('',*,*,#1438,.F.);
#1309=ORIENTED_EDGE('',*,*,#1458,.F.);
#1310=ORIENTED_EDGE('',*,*,#1467,.F.);
#1311=ORIENTED_EDGE('',*,*,#1448,.T.);
#1312=ORIENTED_EDGE('',*,*,#1476,.T.);
#1313=ORIENTED_EDGE('',*,*,#1468,.T.);
#1314=ORIENTED_EDGE('',*,*,#1477,.F.);
#1315=ORIENTED_EDGE('',*,*,#1460,.F.);
#1316=ORIENTED_EDGE('',*,*,#1477,.T.);
#1317=ORIENTED_EDGE('',*,*,#1475,.T.);
#1318=ORIENTED_EDGE('',*,*,#1478,.F.);
#1319=ORIENTED_EDGE('',*,*,#1461,.F.);
#1320=ORIENTED_EDGE('',*,*,#1478,.T.);
#1321=ORIENTED_EDGE('',*,*,#1474,.T.);
#1322=ORIENTED_EDGE('',*,*,#1479,.F.);
#1323=ORIENTED_EDGE('',*,*,#1462,.F.);
#1324=ORIENTED_EDGE('',*,*,#1479,.T.);
#1325=ORIENTED_EDGE('',*,*,#1473,.T.);
#1326=ORIENTED_EDGE('',*,*,#1480,.F.);
#1327=ORIENTED_EDGE('',*,*,#1463,.F.);
#1328=ORIENTED_EDGE('',*,*,#1480,.T.);
#1329=ORIENTED_EDGE('',*,*,#1472,.T.);
#1330=ORIENTED_EDGE('',*,*,#1481,.F.);
#1331=ORIENTED_EDGE('',*,*,#1464,.F.);
#1332=ORIENTED_EDGE('',*,*,#1481,.T.);
#1333=ORIENTED_EDGE('',*,*,#1471,.T.);
#1334=ORIENTED_EDGE('',*,*,#1482,.F.);
#1335=ORIENTED_EDGE('',*,*,#1465,.F.);
#1336=ORIENTED_EDGE('',*,*,#1482,.T.);
#1337=ORIENTED_EDGE('',*,*,#1470,.T.);
#1338=ORIENTED_EDGE('',*,*,#1483,.F.);
#1339=ORIENTED_EDGE('',*,*,#1466,.F.);
#1340=ORIENTED_EDGE('',*,*,#1483,.T.);
#1341=ORIENTED_EDGE('',*,*,#1469,.T.);
#1342=ORIENTED_EDGE('',*,*,#1476,.F.);
#1343=ORIENTED_EDGE('',*,*,#1459,.F.);
#1344=ORIENTED_EDGE('',*,*,#1484,.T.);
#1345=ORIENTED_EDGE('',*,*,#1450,.T.);
#1346=ORIENTED_EDGE('',*,*,#1485,.F.);
#1347=ORIENTED_EDGE('',*,*,#1441,.F.);
#1348=ORIENTED_EDGE('',*,*,#1485,.T.);
#1349=ORIENTED_EDGE('',*,*,#1457,.T.);
#1350=ORIENTED_EDGE('',*,*,#1486,.F.);
#1351=ORIENTED_EDGE('',*,*,#1442,.F.);
#1352=ORIENTED_EDGE('',*,*,#1486,.T.);
#1353=ORIENTED_EDGE('',*,*,#1456,.T.);
#1354=ORIENTED_EDGE('',*,*,#1487,.F.);
#1355=ORIENTED_EDGE('',*,*,#1443,.F.);
#1356=ORIENTED_EDGE('',*,*,#1487,.T.);
#1357=ORIENTED_EDGE('',*,*,#1455,.T.);
#1358=ORIENTED_EDGE('',*,*,#1488,.F.);
#1359=ORIENTED_EDGE('',*,*,#1444,.F.);
#1360=ORIENTED_EDGE('',*,*,#1488,.T.);
#1361=ORIENTED_EDGE('',*,*,#1454,.T.);
#1362=ORIENTED_EDGE('',*,*,#1489,.F.);
#1363=ORIENTED_EDGE('',*,*,#1445,.F.);
#1364=ORIENTED_EDGE('',*,*,#1489,.T.);
#1365=ORIENTED_EDGE('',*,*,#1453,.T.);
#1366=ORIENTED_EDGE('',*,*,#1490,.F.);
#1367=ORIENTED_EDGE('',*,*,#1446,.F.);
#1368=ORIENTED_EDGE('',*,*,#1490,.T.);
#1369=ORIENTED_EDGE('',*,*,#1452,.T.);
#1370=ORIENTED_EDGE('',*,*,#1491,.F.);
#1371=ORIENTED_EDGE('',*,*,#1447,.F.);
#1372=ORIENTED_EDGE('',*,*,#1491,.T.);
#1373=ORIENTED_EDGE('',*,*,#1451,.T.);
#1374=ORIENTED_EDGE('',*,*,#1484,.F.);
#1375=ORIENTED_EDGE('',*,*,#1440,.F.);
#1376=EDGE_CURVE('',#1492,#1493,#1574,.T.);
#1377=EDGE_CURVE('',#1493,#1494,#1575,.T.);
#1378=EDGE_CURVE('',#1494,#1495,#1576,.T.);
#1379=EDGE_CURVE('',#1495,#1496,#1577,.T.);
#1380=EDGE_CURVE('',#1496,#1497,#1578,.T.);
#1381=EDGE_CURVE('',#1497,#1498,#1579,.T.);
#1382=EDGE_CURVE('',#1498,#1499,#1580,.T.);
#1383=EDGE_CURVE('',#1499,#1492,#1581,.T.);
#1384=EDGE_CURVE('',#1500,#1501,#1582,.F.);
#1385=EDGE_CURVE('',#1501,#1502,#1583,.F.);
#1386=EDGE_CURVE('',#1502,#1503,#1584,.F.);
#1387=EDGE_CURVE('',#1503,#1500,#1585,.F.);
#1388=EDGE_CURVE('',#1504,#1505,#1586,.T.);
#1389=EDGE_CURVE('',#1506,#1504,#1587,.T.);
#1390=EDGE_CURVE('',#1507,#1506,#1588,.T.);
#1391=EDGE_CURVE('',#1508,#1507,#1589,.T.);
#1392=EDGE_CURVE('',#1509,#1508,#1590,.T.);
#1393=EDGE_CURVE('',#1510,#1509,#1591,.T.);
#1394=EDGE_CURVE('',#1511,#1510,#1592,.T.);
#1395=EDGE_CURVE('',#1505,#1511,#1593,.T.);
#1396=EDGE_CURVE('',#1492,#1506,#734,.F.);
#1397=EDGE_CURVE('',#1493,#1504,#735,.F.);
#1398=EDGE_CURVE('',#1499,#1507,#736,.F.);
#1399=EDGE_CURVE('',#1498,#1508,#737,.F.);
#1400=EDGE_CURVE('',#1497,#1509,#738,.F.);
#1401=EDGE_CURVE('',#1496,#1510,#739,.F.);
#1402=EDGE_CURVE('',#1495,#1511,#740,.F.);
#1403=EDGE_CURVE('',#1494,#1505,#741,.F.);
#1404=EDGE_CURVE('',#1512,#1500,#742,.F.);
#1405=EDGE_CURVE('',#1513,#1503,#743,.F.);
#1406=EDGE_CURVE('',#1513,#1512,#744,.T.);
#1407=EDGE_CURVE('',#1514,#1501,#745,.F.);
#1408=EDGE_CURVE('',#1512,#1514,#746,.T.);
#1409=EDGE_CURVE('',#1515,#1502,#747,.F.);
#1410=EDGE_CURVE('',#1515,#1513,#748,.T.);
#1411=EDGE_CURVE('',#1514,#1515,#749,.T.);
#1412=EDGE_CURVE('',#1516,#1516,#1594,.F.);
#1413=EDGE_CURVE('',#1518,#1518,#1595,.T.);
#1414=EDGE_CURVE('',#1520,#1521,#1596,.T.);
#1415=EDGE_CURVE('',#1522,#1520,#1597,.T.);
#1416=EDGE_CURVE('',#1523,#1522,#1598,.T.);
#1417=EDGE_CURVE('',#1524,#1523,#1599,.T.);
#1418=EDGE_CURVE('',#1525,#1524,#1600,.T.);
#1419=EDGE_CURVE('',#1526,#1525,#1601,.T.);
#1420=EDGE_CURVE('',#1527,#1526,#1602,.T.);
#1421=EDGE_CURVE('',#1521,#1527,#1603,.T.);
#1422=EDGE_CURVE('',#1528,#1522,#907,.F.);
#1423=EDGE_CURVE('',#1529,#1520,#908,.F.);
#1424=EDGE_CURVE('',#1528,#1529,#1604,.T.);
#1425=EDGE_CURVE('',#1530,#1523,#909,.F.);
#1426=EDGE_CURVE('',#1530,#1528,#1605,.T.);
#1427=EDGE_CURVE('',#1531,#1524,#910,.F.);
#1428=EDGE_CURVE('',#1531,#1530,#1606,.T.);
#1429=EDGE_CURVE('',#1532,#1525,#911,.F.);
#1430=EDGE_CURVE('',#1532,#1531,#1607,.T.);
#1431=EDGE_CURVE('',#1533,#1526,#912,.F.);
#1432=EDGE_CURVE('',#1533,#1532,#1608,.T.);
#1433=EDGE_CURVE('',#1534,#1527,#913,.F.);
#1434=EDGE_CURVE('',#1534,#1533,#1609,.T.);
#1435=EDGE_CURVE('',#1535,#1521,#914,.F.);
#1436=EDGE_CURVE('',#1535,#1534,#1610,.T.);
#1437=EDGE_CURVE('',#1529,#1535,#1611,.T.);
#1438=EDGE_CURVE('',#1536,#1536,#1612,.T.);
#1439=EDGE_CURVE('',#1537,#1537,#1613,.T.);
#1440=EDGE_CURVE('',#1538,#1539,#1614,.T.);
#1441=EDGE_CURVE('',#1539,#1540,#1615,.T.);
#1442=EDGE_CURVE('',#1540,#1541,#1616,.T.);
#1443=EDGE_CURVE('',#1541,#1542,#1617,.T.);
#1444=EDGE_CURVE('',#1542,#1543,#1618,.T.);
#1445=EDGE_CURVE('',#1543,#1544,#1619,.T.);
#1446=EDGE_CURVE('',#1544,#1545,#1620,.T.);
#1447=EDGE_CURVE('',#1545,#1538,#1621,.T.);
#1448=EDGE_CURVE('',#1546,#1546,#1622,.T.);
#1449=EDGE_CURVE('',#1547,#1547,#1623,.T.);
#1450=EDGE_CURVE('',#1548,#1549,#1624,.T.);
#1451=EDGE_CURVE('',#1550,#1548,#1625,.T.);
#1452=EDGE_CURVE('',#1551,#1550,#1626,.T.);
#1453=EDGE_CURVE('',#1552,#1551,#1627,.T.);
#1454=EDGE_CURVE('',#1553,#1552,#1628,.T.);
#1455=EDGE_CURVE('',#1554,#1553,#1629,.T.);
#1456=EDGE_CURVE('',#1555,#1554,#1630,.T.);
#1457=EDGE_CURVE('',#1549,#1555,#1631,.T.);
#1458=EDGE_CURVE('',#1556,#1556,#1632,.T.);
#1459=EDGE_CURVE('',#1557,#1558,#1633,.T.);
#1460=EDGE_CURVE('',#1558,#1559,#1634,.T.);
#1461=EDGE_CURVE('',#1559,#1560,#1635,.T.);
#1462=EDGE_CURVE('',#1560,#1561,#1636,.T.);
#1463=EDGE_CURVE('',#1561,#1562,#1637,.T.);
#1464=EDGE_CURVE('',#1562,#1563,#1638,.T.);
#1465=EDGE_CURVE('',#1563,#1564,#1639,.T.);
#1466=EDGE_CURVE('',#1564,#1557,#1640,.T.);
#1467=EDGE_CURVE('',#1565,#1565,#1641,.F.);
#1468=EDGE_CURVE('',#1566,#1567,#1642,.T.);
#1469=EDGE_CURVE('',#1568,#1566,#1643,.T.);
#1470=EDGE_CURVE('',#1569,#1568,#1644,.T.);
#1471=EDGE_CURVE('',#1570,#1569,#1645,.T.);
#1472=EDGE_CURVE('',#1571,#1570,#1646,.T.);
#1473=EDGE_CURVE('',#1572,#1571,#1647,.T.);
#1474=EDGE_CURVE('',#1573,#1572,#1648,.T.);
#1475=EDGE_CURVE('',#1567,#1573,#1649,.T.);
#1476=EDGE_CURVE('',#1558,#1566,#915,.F.);
#1477=EDGE_CURVE('',#1559,#1567,#916,.F.);
#1478=EDGE_CURVE('',#1560,#1573,#917,.F.);
#1479=EDGE_CURVE('',#1561,#1572,#918,.F.);
#1480=EDGE_CURVE('',#1562,#1571,#919,.F.);
#1481=EDGE_CURVE('',#1563,#1570,#920,.F.);
#1482=EDGE_CURVE('',#1564,#1569,#921,.F.);
#1483=EDGE_CURVE('',#1557,#1568,#922,.F.);
#1484=EDGE_CURVE('',#1539,#1548,#923,.F.);
#1485=EDGE_CURVE('',#1540,#1549,#924,.F.);
#1486=EDGE_CURVE('',#1541,#1555,#925,.F.);
#1487=EDGE_CURVE('',#1542,#1554,#926,.F.);
#1488=EDGE_CURVE('',#1543,#1553,#927,.F.);
#1489=EDGE_CURVE('',#1544,#1552,#928,.F.);
#1490=EDGE_CURVE('',#1545,#1551,#929,.F.);
#1491=EDGE_CURVE('',#1538,#1550,#930,.F.);
#1492=VERTEX_POINT('',#2705);
#1493=VERTEX_POINT('',#2706);
#1494=VERTEX_POINT('',#2711);
#1495=VERTEX_POINT('',#2719);
#1496=VERTEX_POINT('',#2724);
#1497=VERTEX_POINT('',#2731);
#1498=VERTEX_POINT('',#2736);
#1499=VERTEX_POINT('',#2744);
#1500=VERTEX_POINT('',#2753);
#1501=VERTEX_POINT('',#2754);
#1502=VERTEX_POINT('',#2761);
#1503=VERTEX_POINT('',#2766);
#1504=VERTEX_POINT('',#2812);
#1505=VERTEX_POINT('',#2813);
#1506=VERTEX_POINT('',#2821);
#1507=VERTEX_POINT('',#2826);
#1508=VERTEX_POINT('',#2834);
#1509=VERTEX_POINT('',#2839);
#1510=VERTEX_POINT('',#2846);
#1511=VERTEX_POINT('',#2851);
#1512=VERTEX_POINT('',#2877);
#1513=VERTEX_POINT('',#2879);
#1514=VERTEX_POINT('',#2883);
#1515=VERTEX_POINT('',#2887);
#1516=VERTEX_POINT('',#3519);
#1517=VERTEX_POINT('',#3520);
#1518=VERTEX_POINT('',#3585);
#1519=VERTEX_POINT('',#4251);
#1520=VERTEX_POINT('',#4939);
#1521=VERTEX_POINT('',#4940);
#1522=VERTEX_POINT('',#4953);
#1523=VERTEX_POINT('',#4962);
#1524=VERTEX_POINT('',#4976);
#1525=VERTEX_POINT('',#4984);
#1526=VERTEX_POINT('',#5000);
#1527=VERTEX_POINT('',#5011);
#1528=VERTEX_POINT('',#5028);
#1529=VERTEX_POINT('',#5030);
#1530=VERTEX_POINT('',#5045);
#1531=VERTEX_POINT('',#5056);
#1532=VERTEX_POINT('',#5072);
#1533=VERTEX_POINT('',#5082);
#1534=VERTEX_POINT('',#5101);
#1535=VERTEX_POINT('',#5114);
#1536=VERTEX_POINT('',#5728);
#1537=VERTEX_POINT('',#5748);
#1538=VERTEX_POINT('',#5756);
#1539=VERTEX_POINT('',#5757);
#1540=VERTEX_POINT('',#5762);
#1541=VERTEX_POINT('',#5771);
#1542=VERTEX_POINT('',#5776);
#1543=VERTEX_POINT('',#5785);
#1544=VERTEX_POINT('',#5790);
#1545=VERTEX_POINT('',#5798);
#1546=VERTEX_POINT('',#5992);
#1547=VERTEX_POINT('',#6012);
#1548=VERTEX_POINT('',#6017);
#1549=VERTEX_POINT('',#6018);
#1550=VERTEX_POINT('',#6026);
#1551=VERTEX_POINT('',#6031);
#1552=VERTEX_POINT('',#6039);
#1553=VERTEX_POINT('',#6044);
#1554=VERTEX_POINT('',#6053);
#1555=VERTEX_POINT('',#6058);
#1556=VERTEX_POINT('',#6585);
#1557=VERTEX_POINT('',#6602);
#1558=VERTEX_POINT('',#6603);
#1559=VERTEX_POINT('',#6611);
#1560=VERTEX_POINT('',#6625);
#1561=VERTEX_POINT('',#6634);
#1562=VERTEX_POINT('',#6647);
#1563=VERTEX_POINT('',#6655);
#1564=VERTEX_POINT('',#6669);
#1565=VERTEX_POINT('',#7408);
#1566=VERTEX_POINT('',#7416);
#1567=VERTEX_POINT('',#7417);
#1568=VERTEX_POINT('',#7433);
#1569=VERTEX_POINT('',#7444);
#1570=VERTEX_POINT('',#7459);
#1571=VERTEX_POINT('',#7467);
#1572=VERTEX_POINT('',#7480);
#1573=VERTEX_POINT('',#7489);
#1574=B_SPLINE_CURVE_WITH_KNOTS('',3,(#2698,#2699,#2700,#2701,#2702,#2703,
#2704),.UNSPECIFIED.,.F.,.F.,(4,1,1,1,4),(2.80086353392902E-13,0.0100540549689487,
0.0201081099376173,0.0301621649062859,0.0402162198749545),.UNSPECIFIED.);
#1575=B_SPLINE_CURVE_WITH_KNOTS('',3,(#2707,#2708,#2709,#2710),
 .UNSPECIFIED.,.F.,.F.,(4,4),(0.,0.079666345919143),.UNSPECIFIED.);
#1576=B_SPLINE_CURVE_WITH_KNOTS('',3,(#2712,#2713,#2714,#2715,#2716,#2717,
#2718),.UNSPECIFIED.,.F.,.F.,(4,1,1,1,4),(2.89509213120388E-13,0.01034772798386,
0.0206954559674305,0.0310431839510009,0.0413909119345714),.UNSPECIFIED.);
#1577=B_SPLINE_CURVE_WITH_KNOTS('',3,(#2720,#2721,#2722,#2723),
 .UNSPECIFIED.,.F.,.F.,(4,4),(3.46944695195361E-17,0.0762000000017322),
 .UNSPECIFIED.);
#1578=B_SPLINE_CURVE_WITH_KNOTS('',3,(#2725,#2726,#2727,#2728,#2729,#2730),
 .UNSPECIFIED.,.F.,.F.,(4,1,1,4),(2.81686100484452E-13,0.0103450935420359,
0.02069018708379,0.0413803741672984),.UNSPECIFIED.);
#1579=B_SPLINE_CURVE_WITH_KNOTS('',3,(#2732,#2733,#2734,#2735),
 .UNSPECIFIED.,.F.,.F.,(4,4),(1.24126707662364E-16,0.0796663459210589),
 .UNSPECIFIED.);
#1580=B_SPLINE_CURVE_WITH_KNOTS('',3,(#2737,#2738,#2739,#2740,#2741,#2742,
#2743),.UNSPECIFIED.,.F.,.F.,(4,1,1,1,4),(1.11886302282795E-16,0.0100530585888068,
0.0201061171776134,0.0301591757664201,0.0402122343552267),.UNSPECIFIED.);
#1581=B_SPLINE_CURVE_WITH_KNOTS('',3,(#2745,#2746,#2747,#2748),
 .UNSPECIFIED.,.F.,.F.,(4,4),(1.38777878078145E-17,0.0761999999999999),
 .UNSPECIFIED.);
#1582=B_SPLINE_CURVE_WITH_KNOTS('',3,(#2749,#2750,#2751,#2752),
 .UNSPECIFIED.,.F.,.F.,(4,4),(0.,0.106130489744296),.UNSPECIFIED.);
#1583=B_SPLINE_CURVE_WITH_KNOTS('',3,(#2755,#2756,#2757,#2758,#2759,#2760),
 .UNSPECIFIED.,.F.,.F.,(4,1,1,4),(2.08166817117217E-17,0.05081801063871,
0.076227015958065,0.10163602127742),.UNSPECIFIED.);
#1584=B_SPLINE_CURVE_WITH_KNOTS('',3,(#2762,#2763,#2764,#2765),
 .UNSPECIFIED.,.F.,.F.,(4,4),(1.24126707662364E-16,0.106130489744296),
 .UNSPECIFIED.);
#1585=B_SPLINE_CURVE_WITH_KNOTS('',3,(#2767,#2768,#2769,#2770,#2771),
 .UNSPECIFIED.,.F.,.F.,(4,1,4),(0.,0.0508,0.1016),.UNSPECIFIED.);
#1586=B_SPLINE_CURVE_WITH_KNOTS('',3,(#2808,#2809,#2810,#2811),
 .UNSPECIFIED.,.F.,.F.,(4,4),(0.,0.0796280232900191),.UNSPECIFIED.);
#1587=B_SPLINE_CURVE_WITH_KNOTS('',3,(#2814,#2815,#2816,#2817,#2818,#2819,
#2820),.UNSPECIFIED.,.F.,.F.,(4,1,1,1,4),(0.,0.0100537572258271,0.0201075144516543,
0.0301612716774814,0.0402150289033086),.UNSPECIFIED.);
#1588=B_SPLINE_CURVE_WITH_KNOTS('',3,(#2822,#2823,#2824,#2825),
 .UNSPECIFIED.,.F.,.F.,(4,4),(3.46944695195361E-17,0.0761999999999999),
 .UNSPECIFIED.);
#1589=B_SPLINE_CURVE_WITH_KNOTS('',3,(#2827,#2828,#2829,#2830,#2831,#2832,
#2833),.UNSPECIFIED.,.F.,.F.,(4,1,1,1,4),(1.11886302282795E-16,0.0100526665765858,
0.0201053331531715,0.0301579997297571,0.0402106663063428),.UNSPECIFIED.);
#1590=B_SPLINE_CURVE_WITH_KNOTS('',3,(#2835,#2836,#2837,#2838),
 .UNSPECIFIED.,.F.,.F.,(4,4),(0.,0.0796280232919297),.UNSPECIFIED.);
#1591=B_SPLINE_CURVE_WITH_KNOTS('',3,(#2840,#2841,#2842,#2843,#2844,#2845),
 .UNSPECIFIED.,.F.,.F.,(4,1,1,4),(2.81735171217334E-13,0.0103322791956565,
0.0206645583910312,0.0413291167817807),.UNSPECIFIED.);
#1592=B_SPLINE_CURVE_WITH_KNOTS('',3,(#2847,#2848,#2849,#2850),
 .UNSPECIFIED.,.F.,.F.,(4,4),(6.93889390390723E-18,0.0762000000017321),
 .UNSPECIFIED.);
#1593=B_SPLINE_CURVE_WITH_KNOTS('',3,(#2852,#2853,#2854,#2855,#2856,#2857,
#2858),.UNSPECIFIED.,.F.,.F.,(4,1,1,1,4),(2.89557435316824E-13,0.0103348155221953,
0.0206696310441011,0.0310044465660068,0.0413392620879125),.UNSPECIFIED.);
#1594=B_SPLINE_CURVE_WITH_KNOTS('',3,(#3456,#3457,#3458,#3459,#3460,#3461,
#3462,#3463,#3464,#3465,#3466,#3467,#3468,#3469,#3470,#3471,#3472,#3473,
#3474,#3475,#3476,#3477,#3478,#3479,#3480,#3481,#3482,#3483,#3484,#3485,
#3486,#3487,#3488,#3489,#3490,#3491,#3492,#3493,#3494,#3495,#3496,#3497,
#3498,#3499,#3500,#3501,#3502,#3503,#3504,#3505,#3506,#3507,#3508,#3509,
#3510,#3511,#3512,#3513,#3514,#3515,#3516,#3517,#3518),.UNSPECIFIED.,.T.,
 .F.,(1,1,1,1,1,1,1,1,1,1,1,1,1,1,1,1,1,1,1,1,1,1,1,1,1,1,1,1,1,1,1,1,1,
1,1,1,1,1,1,1,1,1,1,1,1,1,1,1,1,1,1,1,1,1,1,1,1,1,1,1,1,1,1,1,1,1,1),(-0.0653851574028477,
-0.0435901049352316,-0.0217950524676156,6.37328260941964E-16,0.0217950524676167,
0.0435901049352328,0.0653851574028489,0.087180209870465,0.130770314805697,
0.152565367273313,0.174360419740929,0.196155472208546,0.217950524676162,
0.239745577143778,0.261540629611394,0.28333568207901,0.305130734546626,
0.326925787014242,0.348720839481858,0.370515891949474,0.39231094441709,
0.435901049352323,0.457696101819939,0.479491154287555,0.501286206755171,
0.523081259222787,0.544876311690403,0.566671364158019,0.588466416625635,
0.610261469093252,0.632056521560868,0.653851574028484,0.6756466264961,0.697441678963716,
0.719236731431332,0.741031783898948,0.762826836366564,0.78462188883418,
0.806416941301796,0.828211993769412,0.850007046237029,0.871802098704645,
0.893597151172261,0.915392203639877,0.958982308575109,0.980777361042725,
1.00257241351034,1.02436746597796,1.04616251844557,1.06795757091319,1.08975262338081,
1.11154767584842,1.13334272831604,1.15513778078365,1.17693283325127,1.2205229381865,
1.24231799065412,1.26411304312173,1.28590809558935,1.30770314805697,1.32949820052458,
1.3512932529922,1.37308830545981,1.39488335792743,1.41667841039505,1.43847346286266,
1.46026851533028),.UNSPECIFIED.);
#1595=B_SPLINE_CURVE_WITH_KNOTS('',3,(#3522,#3523,#3524,#3525,#3526,#3527,
#3528,#3529,#3530,#3531,#3532,#3533,#3534,#3535,#3536,#3537,#3538,#3539,
#3540,#3541,#3542,#3543,#3544,#3545,#3546,#3547,#3548,#3549,#3550,#3551,
#3552,#3553,#3554,#3555,#3556,#3557,#3558,#3559,#3560,#3561,#3562,#3563,
#3564,#3565,#3566,#3567,#3568,#3569,#3570,#3571,#3572,#3573,#3574,#3575,
#3576,#3577,#3578,#3579,#3580,#3581,#3582,#3583,#3584),.UNSPECIFIED.,.T.,
 .F.,(1,1,1,1,1,1,1,1,1,1,1,1,1,1,1,1,1,1,1,1,1,1,1,1,1,1,1,1,1,1,1,1,1,
1,1,1,1,1,1,1,1,1,1,1,1,1,1,1,1,1,1,1,1,1,1,1,1,1,1,1,1,1,1,1,1,1,1),(-0.0682727239692043,
-0.0455151493128028,-0.0227575746564013,0.,0.0227575746564014,0.0455151493128028,
0.0682727239692043,0.0910302986256057,0.136545447938409,0.15930302259481,
0.182060597251211,0.204818171907613,0.227575746564014,0.250333321220416,
0.273090895876817,0.295848470533218,0.31860604518962,0.341363619846021,
0.364121194502423,0.386878769158824,0.409636343815226,0.455151493128028,
0.47790906778443,0.500666642440831,0.523424217097233,0.546181791753634,
0.568939366410036,0.591696941066437,0.614454515722838,0.63721209037924,
0.659969665035641,0.682727239692043,0.705484814348444,0.728242389004845,
0.750999963661247,0.773757538317648,0.79651511297405,0.819272687630451,
0.842030262286853,0.864787836943254,0.887545411599655,0.910302986256057,
0.933060560912458,0.95581813556886,1.00133328488166,1.02409085953806,1.04684843419447,
1.06960600885087,1.09236358350727,1.11512115816367,1.13787873282007,1.16063630747647,
1.18339388213287,1.20615145678928,1.22890903144568,1.27442418075848,1.29718175541488,
1.31993933007128,1.34269690472768,1.36545447938409,1.38821205404049,1.41096962869689,
1.43372720335329,1.45648477800969,1.47924235266609,1.50199992732249,1.5247575019789),
 .UNSPECIFIED.);
#1596=B_SPLINE_CURVE_WITH_KNOTS('',3,(#4932,#4933,#4934,#4935,#4936,#4937,
#4938),.UNSPECIFIED.,.F.,.F.,(4,1,1,1,4),(4.16333634234434E-17,0.154330753688135,
0.308661507376271,0.462992261064406,0.617323014752541),.UNSPECIFIED.);
#1597=B_SPLINE_CURVE_WITH_KNOTS('',3,(#4941,#4942,#4943,#4944,#4945,#4946,
#4947,#4948,#4949,#4950,#4951,#4952),.UNSPECIFIED.,.F.,.F.,(4,1,1,1,1,1,
1,1,1,4),(0.,0.0155251269131809,0.0232876903697714,0.0310502538263618,0.0465753807395427,
0.0621005076527237,0.0776256345659046,0.0931507614790855,0.108675888392266,
0.124201015305447),.UNSPECIFIED.);
#1598=B_SPLINE_CURVE_WITH_KNOTS('',3,(#4954,#4955,#4956,#4957,#4958,#4959,
#4960,#4961),.UNSPECIFIED.,.F.,.F.,(4,1,1,1,1,4),(1.11886302282795E-16,
0.0511150884437117,0.102230176887423,0.127787721109279,0.153345265331135,
0.204460353774846),.UNSPECIFIED.);
#1599=B_SPLINE_CURVE_WITH_KNOTS('',3,(#4963,#4964,#4965,#4966,#4967,#4968,
#4969,#4970,#4971,#4972,#4973,#4974,#4975),.UNSPECIFIED.,.F.,.F.,(4,1,1,
1,1,1,1,1,1,1,4),(2.02354897880946E-13,0.0155205328486085,0.0310410656970146,
0.0465615985454207,0.0543218649696237,0.0620821313938268,0.0698423978180298,
0.0776026642422329,0.093123197090639,0.108643729939045,0.124164262787451),
 .UNSPECIFIED.);
#1600=B_SPLINE_CURVE_WITH_KNOTS('',3,(#4977,#4978,#4979,#4980,#4981,#4982,
#4983),.UNSPECIFIED.,.F.,.F.,(4,1,1,1,4),(0.,0.154330753688107,0.308661507376214,
0.46299226106432,0.617323014752427),.UNSPECIFIED.);
#1601=B_SPLINE_CURVE_WITH_KNOTS('',3,(#4985,#4986,#4987,#4988,#4989,#4990,
#4991,#4992,#4993,#4994,#4995,#4996,#4997,#4998,#4999),.UNSPECIFIED.,.F.,
 .F.,(4,1,1,1,1,1,1,1,1,1,1,1,4),(0.,0.0155545341203058,0.0233318011804588,
0.0311090682406117,0.0466636023609175,0.0544408694210705,0.0622181364812234,
0.0777726706015292,0.0855499376616821,0.0933272047218351,0.101104471781988,
0.108881738842141,0.124436272962447),.UNSPECIFIED.);
#1602=B_SPLINE_CURVE_WITH_KNOTS('',3,(#5001,#5002,#5003,#5004,#5005,#5006,
#5007,#5008,#5009,#5010),.UNSPECIFIED.,.F.,.F.,(4,1,1,1,1,1,1,4),(0.,0.0258951990589063,
0.0517903981178127,0.077685597176719,0.103580796235625,0.129475995294532,
0.155371194353438,0.207161592471251),.UNSPECIFIED.);
#1603=B_SPLINE_CURVE_WITH_KNOTS('',3,(#5012,#5013,#5014,#5015,#5016,#5017,
#5018,#5019,#5020,#5021,#5022,#5023,#5024,#5025),.UNSPECIFIED.,.F.,.F.,
(4,1,1,1,1,1,1,1,1,1,1,4),(1.70747798516723E-13,0.0155668011953658,0.0233502017929633,
0.0311336023905608,0.0389170029881584,0.0467004035857559,0.0544838041833534,
0.0622672047809509,0.077834005976146,0.093400807171341,0.108967608366536,
0.124534409561731),.UNSPECIFIED.);
#1604=B_SPLINE_CURVE_WITH_KNOTS('',3,(#5031,#5032,#5033,#5034,#5035,#5036,
#5037,#5038,#5039,#5040,#5041,#5042),.UNSPECIFIED.,.F.,.F.,(4,1,1,1,1,1,
1,1,1,4),(2.16305735131033E-13,0.0155643364053286,0.0233465046078847,0.0311286728104408,
0.0466930092155531,0.0622573456206654,0.0778216820257777,0.0933860184308899,
0.108950354836002,0.124514691241114),.UNSPECIFIED.);
#1605=B_SPLINE_CURVE_WITH_KNOTS('',3,(#5046,#5047,#5048,#5049,#5050,#5051,
#5052,#5053),.UNSPECIFIED.,.F.,.F.,(4,1,1,1,1,4),(0.,0.0511601599571504,
0.102320319914301,0.127900399892876,0.153480479871451,0.204640639828601),
 .UNSPECIFIED.);
#1606=B_SPLINE_CURVE_WITH_KNOTS('',3,(#5057,#5058,#5059,#5060,#5061,#5062,
#5063,#5064,#5065,#5066,#5067,#5068,#5069),.UNSPECIFIED.,.F.,.F.,(4,1,1,
1,1,1,1,1,1,1,4),(2.01335241677293E-13,0.0155591638093494,0.0311183276184975,
0.0466774914276456,0.0544570733322196,0.0622366552367936,0.0700162371413677,
0.0777958190459417,0.0933549828550898,0.108914146664238,0.124473310473386),
 .UNSPECIFIED.);
#1607=B_SPLINE_CURVE_WITH_KNOTS('',3,(#5073,#5074,#5075,#5076,#5077,#5078,
#5079),.UNSPECIFIED.,.F.,.F.,(4,1,1,1,4),(0.,0.154395697759071,0.308791395518143,
0.463187093277214,0.617582791036286),.UNSPECIFIED.);
#1608=B_SPLINE_CURVE_WITH_KNOTS('',3,(#5083,#5084,#5085,#5086,#5087,#5088,
#5089,#5090,#5091,#5092,#5093,#5094,#5095,#5096,#5097,#5098),
 .UNSPECIFIED.,.F.,.F.,(4,1,1,1,1,1,1,1,1,1,1,1,1,4),(0.,0.0156340373020625,
0.0234510559530937,0.031268074604125,0.0390850932551562,0.0469021119061875,
0.0547191305572187,0.06253614920825,0.0781701865103124,0.0859872051613437,
0.0938042238123749,0.101621242463406,0.109438261114437,0.1250722984165),
 .UNSPECIFIED.);
#1609=B_SPLINE_CURVE_WITH_KNOTS('',3,(#5102,#5103,#5104,#5105,#5106,#5107,
#5108,#5109,#5110,#5111),.UNSPECIFIED.,.F.,.F.,(4,1,1,1,1,1,1,4),(6.20633538311818E-17,
0.0259433158952671,0.0518866317905341,0.0778299476858011,0.103773263581068,
0.155659895371602,0.181603211266869,0.207546527162136),.UNSPECIFIED.);
#1610=B_SPLINE_CURVE_WITH_KNOTS('',3,(#5115,#5116,#5117,#5118,#5119,#5120,
#5121,#5122,#5123,#5124,#5125,#5126,#5127),.UNSPECIFIED.,.F.,.F.,(4,1,1,
1,1,1,1,1,1,1,4),(1.67093583726079E-13,0.0156465152136977,0.0234697728204631,
0.0312930304272284,0.046939545640759,0.0547628032475243,0.0625860608542897,
0.0782325760678203,0.093879091281351,0.109525606494882,0.125172121708412),
 .UNSPECIFIED.);
#1611=B_SPLINE_CURVE_WITH_KNOTS('',3,(#5129,#5130,#5131,#5132,#5133,#5134,
#5135),.UNSPECIFIED.,.F.,.F.,(4,1,1,1,4),(8.32667268468867E-17,0.154395697759102,
0.308791395518203,0.463187093277305,0.617582791036406),.UNSPECIFIED.);
#1612=B_SPLINE_CURVE_WITH_KNOTS('',3,(#5681,#5682,#5683,#5684,#5685,#5686,
#5687,#5688,#5689,#5690,#5691,#5692,#5693,#5694,#5695,#5696,#5697,#5698,
#5699,#5700,#5701,#5702,#5703,#5704,#5705,#5706,#5707,#5708,#5709,#5710,
#5711,#5712,#5713,#5714,#5715,#5716,#5717,#5718,#5719,#5720,#5721,#5722,
#5723,#5724,#5725,#5726,#5727),.UNSPECIFIED.,.T.,.F.,(1,1,1,1,1,1,1,1,1,
1,1,1,1,1,1,1,1,1,1,1,1,1,1,1,1,1,1,1,1,1,1,1,1,1,1,1,1,1,1,1,1,1,1,1,1,
1,1,1,1,1,1),(-0.033403959547902,-0.0267231676383216,-0.0133615838191607,
1.73472347597681E-17,0.0133615838191608,0.0200423757287412,0.0267231676383216,
0.0400847514574823,0.0534463352766431,0.0668079190958039,0.0734887110053843,
0.0801695029149647,0.0868502948245451,0.0935310867341255,0.106892670553286,
0.120254254372447,0.133615838191608,0.140296630101188,0.146977422010769,
0.153658213920349,0.160339005829929,0.16701979773951,0.17370058964909,0.180381381558671,
0.187062173468251,0.200423757287412,0.213785341106572,0.227146924925733,
0.233827716835314,0.240508508744894,0.247189300654474,0.253870092564055,
0.267231676383216,0.280593260202376,0.293954844021537,0.307316427840698,
0.320678011659859,0.327358803569439,0.334039595479019,0.3407203873886,0.34740117929818,
0.360762763117341,0.374124346936502,0.387485930755663,0.394166722665243,
0.400847514574823,0.414209098393984,0.427570682213145,0.440932266032306,
0.447613057941886,0.454293849851466),.UNSPECIFIED.);
#1613=B_SPLINE_CURVE_WITH_KNOTS('',3,(#5729,#5730,#5731,#5732,#5733,#5734,
#5735,#5736,#5737,#5738,#5739,#5740,#5741,#5742,#5743,#5744,#5745,#5746,
#5747),.UNSPECIFIED.,.T.,.F.,(1,1,1,1,1,1,1,1,1,1,1,1,1,1,1,1,1,1,1,1,1,
1,1),(-0.1875,-0.125,-0.0625,0.,0.0625,0.125,0.1875,0.25,0.3125,0.375,0.4375,
0.5,0.5625,0.625,0.6875,0.75,0.8125,0.875,0.9375,1.,1.0625,1.125,1.1875),
 .UNSPECIFIED.);
#1614=B_SPLINE_CURVE_WITH_KNOTS('',3,(#5749,#5750,#5751,#5752,#5753,#5754,
#5755),.UNSPECIFIED.,.F.,.F.,(4,1,1,1,4),(0.,0.00549839188421199,0.010996783768424,
0.021993567536848,0.0439871350736959),.UNSPECIFIED.);
#1615=B_SPLINE_CURVE_WITH_KNOTS('',3,(#5758,#5759,#5760,#5761),
 .UNSPECIFIED.,.F.,.F.,(4,4),(1.17193624800199E-13,0.079675907020062),
 .UNSPECIFIED.);
#1616=B_SPLINE_CURVE_WITH_KNOTS('',3,(#5763,#5764,#5765,#5766,#5767,#5768,
#5769,#5770),.UNSPECIFIED.,.F.,.F.,(4,1,1,1,1,4),(0.,0.00534022460970392,
0.0106804492194078,0.0213608984388157,0.0320413476582235,0.0427217968776314),
 .UNSPECIFIED.);
#1617=B_SPLINE_CURVE_WITH_KNOTS('',3,(#5772,#5773,#5774,#5775),
 .UNSPECIFIED.,.F.,.F.,(4,4),(3.46944695195361E-17,0.0761999999999926),
 .UNSPECIFIED.);
#1618=B_SPLINE_CURVE_WITH_KNOTS('',3,(#5777,#5778,#5779,#5780,#5781,#5782,
#5783,#5784),.UNSPECIFIED.,.F.,.F.,(4,1,1,1,1,4),(2.80372423306436E-13,
0.00534067477079722,0.0106813495413141,0.0213626990823478,0.0320440486233814,
0.0427253981644151),.UNSPECIFIED.);
#1619=B_SPLINE_CURVE_WITH_KNOTS('',3,(#5786,#5787,#5788,#5789),
 .UNSPECIFIED.,.F.,.F.,(4,4),(1.24126707662364E-16,0.0796759070218894),
 .UNSPECIFIED.);
#1620=B_SPLINE_CURVE_WITH_KNOTS('',3,(#5791,#5792,#5793,#5794,#5795,#5796,
#5797),.UNSPECIFIED.,.F.,.F.,(4,1,1,1,4),(1.2490009027033E-16,0.0109996349438132,
0.0219992698876262,0.0329989048314393,0.0439985397752523),.UNSPECIFIED.);
#1621=B_SPLINE_CURVE_WITH_KNOTS('',3,(#5799,#5800,#5801,#5802),
 .UNSPECIFIED.,.F.,.F.,(4,4),(8.32667268468867E-17,0.0761999999999927),
 .UNSPECIFIED.);
#1622=B_SPLINE_CURVE_WITH_KNOTS('',3,(#5943,#5944,#5945,#5946,#5947,#5948,
#5949,#5950,#5951,#5952,#5953,#5954,#5955,#5956,#5957,#5958,#5959,#5960,
#5961,#5962,#5963,#5964,#5965,#5966,#5967,#5968,#5969,#5970,#5971,#5972,
#5973,#5974,#5975,#5976,#5977,#5978,#5979,#5980,#5981,#5982,#5983,#5984,
#5985,#5986,#5987,#5988,#5989,#5990,#5991),.UNSPECIFIED.,.T.,.F.,(1,1,1,
1,1,1,1,1,1,1,1,1,1,1,1,1,1,1,1,1,1,1,1,1,1,1,1,1,1,1,1,1,1,1,1,1,1,1,1,
1,1,1,1,1,1,1,1,1,1,1,1,1,1),(-0.0300600510402911,-0.0225450382802183,-0.0150300255201455,
0.,0.0150300255201455,0.0300600510402911,0.0375750638003638,0.0450900765604366,
0.0601201020805821,0.0751501276007276,0.0901801531208732,0.097695165880946,
0.105210178641019,0.112725191401091,0.120240204161164,0.13527022968131,
0.150300255201455,0.165330280721601,0.172845293481674,0.180360306241746,
0.187875319001819,0.195390331761892,0.202905344521965,0.210420357282037,
0.21793537004211,0.225450382802183,0.240480408322328,0.255510433842474,
0.27054045936262,0.278055472122692,0.285570484882765,0.293085497642838,
0.300600510402911,0.315630535923056,0.330660561443202,0.345690586963347,
0.35320559972342,0.360720612483493,0.368235625243566,0.375750638003638,
0.383265650763711,0.390780663523784,0.398295676283857,0.405810689043929,
0.420840714564075,0.43587074008422,0.450900765604366,0.458415778364439,
0.465930791124511,0.480960816644657,0.495990842164802,0.511020867684948,
0.518535880445021),.UNSPECIFIED.);
#1623=B_SPLINE_CURVE_WITH_KNOTS('',3,(#5993,#5994,#5995,#5996,#5997,#5998,
#5999,#6000,#6001,#6002,#6003,#6004,#6005,#6006,#6007,#6008,#6009,#6010,
#6011),.UNSPECIFIED.,.T.,.F.,(1,1,1,1,1,1,1,1,1,1,1,1,1,1,1,1,1,1,1,1,1,
1,1),(-0.1875,-0.125,-0.0625,0.,0.0625,0.125,0.1875,0.25,0.3125,0.375,0.4375,
0.5,0.5625,0.625,0.6875,0.75,0.8125,0.875,0.9375,1.,1.0625,1.125,1.1875),
 .UNSPECIFIED.);
#1624=B_SPLINE_CURVE_WITH_KNOTS('',3,(#6013,#6014,#6015,#6016),
 .UNSPECIFIED.,.F.,.F.,(4,4),(1.1242327978663E-13,0.0796368057990957),
 .UNSPECIFIED.);
#1625=B_SPLINE_CURVE_WITH_KNOTS('',3,(#6019,#6020,#6021,#6022,#6023,#6024,
#6025),.UNSPECIFIED.,.F.,.F.,(4,1,1,1,4),(0.,0.00549144038898001,0.01098288077796,
0.02196576155592,0.0439315231118401),.UNSPECIFIED.);
#1626=B_SPLINE_CURVE_WITH_KNOTS('',3,(#6027,#6028,#6029,#6030),
 .UNSPECIFIED.,.F.,.F.,(4,4),(2.77555756156289E-17,0.0761999999999926),
 .UNSPECIFIED.);
#1627=B_SPLINE_CURVE_WITH_KNOTS('',3,(#6032,#6033,#6034,#6035,#6036,#6037,
#6038),.UNSPECIFIED.,.F.,.F.,(4,1,1,1,4),(5.7219584981528E-17,0.0109856239638153,
0.0219712479276305,0.0329568718914457,0.0439424958552609),.UNSPECIFIED.);
#1628=B_SPLINE_CURVE_WITH_KNOTS('',3,(#6040,#6041,#6042,#6043),
 .UNSPECIFIED.,.F.,.F.,(4,4),(1.24126707662364E-16,0.0796368058009224),
 .UNSPECIFIED.);
#1629=B_SPLINE_CURVE_WITH_KNOTS('',3,(#6045,#6046,#6047,#6048,#6049,#6050,
#6051,#6052),.UNSPECIFIED.,.F.,.F.,(4,1,1,1,1,4),(2.80403727953668E-13,
0.00534049252278915,0.0106809850452979,0.0213619700903154,0.0320429551353329,
0.0427239401803504),.UNSPECIFIED.);
#1630=B_SPLINE_CURVE_WITH_KNOTS('',3,(#6054,#6055,#6056,#6057),
 .UNSPECIFIED.,.F.,.F.,(4,4),(6.93889390390723E-18,0.0761999999999926),
 .UNSPECIFIED.);
#1631=B_SPLINE_CURVE_WITH_KNOTS('',3,(#6059,#6060,#6061,#6062,#6063,#6064,
#6065,#6066),.UNSPECIFIED.,.F.,.F.,(4,1,1,1,1,4),(0.,0.00533998318356496,
0.0106799663671299,0.0213599327342598,0.0320398991013897,0.0427198654685196),
 .UNSPECIFIED.);
#1632=B_SPLINE_CURVE_WITH_KNOTS('',3,(#6522,#6523,#6524,#6525,#6526,#6527,
#6528,#6529,#6530,#6531,#6532,#6533,#6534,#6535,#6536,#6537,#6538,#6539,
#6540,#6541,#6542,#6543,#6544,#6545,#6546,#6547,#6548,#6549,#6550,#6551,
#6552,#6553,#6554,#6555,#6556,#6557,#6558,#6559,#6560,#6561,#6562,#6563,
#6564,#6565,#6566,#6567,#6568,#6569,#6570,#6571,#6572,#6573,#6574,#6575,
#6576,#6577,#6578,#6579,#6580,#6581,#6582,#6583,#6584),.UNSPECIFIED.,.T.,
 .F.,(1,1,1,1,1,1,1,1,1,1,1,1,1,1,1,1,1,1,1,1,1,1,1,1,1,1,1,1,1,1,1,1,1,
1,1,1,1,1,1,1,1,1,1,1,1,1,1,1,1,1,1,1,1,1,1,1,1,1,1,1,1,1,1,1,1,1,1),(-0.0653851574028477,
-0.0435901049352316,-0.0217950524676156,6.37328260941964E-16,0.0217950524676167,
0.0435901049352328,0.0653851574028489,0.087180209870465,0.130770314805697,
0.152565367273313,0.174360419740929,0.196155472208546,0.217950524676162,
0.239745577143778,0.261540629611394,0.28333568207901,0.305130734546626,
0.326925787014242,0.348720839481858,0.370515891949474,0.39231094441709,
0.435901049352323,0.457696101819939,0.479491154287555,0.501286206755171,
0.523081259222787,0.544876311690403,0.566671364158019,0.588466416625635,
0.610261469093252,0.632056521560868,0.653851574028484,0.6756466264961,0.697441678963716,
0.719236731431332,0.741031783898948,0.762826836366564,0.78462188883418,
0.806416941301796,0.828211993769412,0.850007046237029,0.871802098704645,
0.893597151172261,0.915392203639877,0.958982308575109,0.980777361042725,
1.00257241351034,1.02436746597796,1.04616251844557,1.06795757091319,1.08975262338081,
1.11154767584842,1.13334272831604,1.15513778078365,1.17693283325127,1.2205229381865,
1.24231799065412,1.26411304312173,1.28590809558935,1.30770314805697,1.32949820052458,
1.3512932529922,1.37308830545981,1.39488335792743,1.41667841039505,1.43847346286266,
1.46026851533028),.UNSPECIFIED.);
#1633=B_SPLINE_CURVE_WITH_KNOTS('',3,(#6586,#6587,#6588,#6589,#6590,#6591,
#6592,#6593,#6594,#6595,#6596,#6597,#6598,#6599,#6600,#6601),
 .UNSPECIFIED.,.F.,.F.,(4,1,1,1,1,1,1,1,1,1,1,1,1,4),(8.77708367144175E-17,
0.0159743634283226,0.0239615451424838,0.031948726856645,0.0399359085708062,
0.0479230902849675,0.0559102719991287,0.0638974537132899,0.0798718171416124,
0.0878589988557736,0.0958461805699349,0.103833362284096,0.111820543998257,
0.12779490742658),.UNSPECIFIED.);
#1634=B_SPLINE_CURVE_WITH_KNOTS('',3,(#6604,#6605,#6606,#6607,#6608,#6609,
#6610),.UNSPECIFIED.,.F.,.F.,(4,1,1,1,4),(0.,0.154413241633529,0.308826483267057,
0.463239724900586,0.617652966534115),.UNSPECIFIED.);
#1635=B_SPLINE_CURVE_WITH_KNOTS('',3,(#6612,#6613,#6614,#6615,#6616,#6617,
#6618,#6619,#6620,#6621,#6622,#6623,#6624),.UNSPECIFIED.,.F.,.F.,(4,1,1,
1,1,1,1,1,1,1,4),(4.16333634234434E-17,0.0158912239886039,0.0317824479772078,
0.0476736719658116,0.0556192839601136,0.0635648959544155,0.0715105079487174,
0.0794561199430194,0.0953473439316232,0.111238567920227,0.127129791908831),
 .UNSPECIFIED.);
#1636=B_SPLINE_CURVE_WITH_KNOTS('',3,(#6626,#6627,#6628,#6629,#6630,#6631,
#6632,#6633),.UNSPECIFIED.,.F.,.F.,(4,1,1,1,1,4),(2.77555756156289E-17,
0.0511600302047739,0.102320060409548,0.127900075511935,0.153480090614322,
0.204640120819096),.UNSPECIFIED.);
#1637=B_SPLINE_CURVE_WITH_KNOTS('',3,(#6635,#6636,#6637,#6638,#6639,#6640,
#6641,#6642,#6643,#6644,#6645,#6646),.UNSPECIFIED.,.F.,.F.,(4,1,1,1,1,1,
1,1,1,4),(5.64785044985378E-17,0.0158966326327787,0.023844948949168,0.0317932652655573,
0.0476898978983358,0.0635865305311144,0.079483163163893,0.0953797957966716,
0.11127642842945,0.127173061062229),.UNSPECIFIED.);
#1638=B_SPLINE_CURVE_WITH_KNOTS('',3,(#6648,#6649,#6650,#6651,#6652,#6653,
#6654),.UNSPECIFIED.,.F.,.F.,(4,1,1,1,4),(1.38777878078145E-17,0.154413241633529,
0.308826483267057,0.463239724900586,0.617652966534115),.UNSPECIFIED.);
#1639=B_SPLINE_CURVE_WITH_KNOTS('',3,(#6656,#6657,#6658,#6659,#6660,#6661,
#6662,#6663,#6664,#6665,#6666,#6667,#6668),.UNSPECIFIED.,.F.,.F.,(4,1,1,
1,1,1,1,1,1,1,4),(1.66199070384467E-13,0.0159870162852356,0.0239805244277702,
0.0319740325703049,0.0479610488553742,0.0559545569979089,0.0639480651404436,
0.0799350814255129,0.0959220977105823,0.111909113995652,0.127896130280721),
 .UNSPECIFIED.);
#1640=B_SPLINE_CURVE_WITH_KNOTS('',3,(#6670,#6671,#6672,#6673,#6674,#6675,
#6676,#6677,#6678,#6679),.UNSPECIFIED.,.F.,.F.,(4,1,1,1,1,1,1,4),(2.77555756156289E-17,
0.0259451471953746,0.0518902943907493,0.0778354415861239,0.103780588781498,
0.155670883172248,0.181616030367622,0.207561177562997),.UNSPECIFIED.);
#1641=B_SPLINE_CURVE_WITH_KNOTS('',3,(#7345,#7346,#7347,#7348,#7349,#7350,
#7351,#7352,#7353,#7354,#7355,#7356,#7357,#7358,#7359,#7360,#7361,#7362,
#7363,#7364,#7365,#7366,#7367,#7368,#7369,#7370,#7371,#7372,#7373,#7374,
#7375,#7376,#7377,#7378,#7379,#7380,#7381,#7382,#7383,#7384,#7385,#7386,
#7387,#7388,#7389,#7390,#7391,#7392,#7393,#7394,#7395,#7396,#7397,#7398,
#7399,#7400,#7401,#7402,#7403,#7404,#7405,#7406,#7407),.UNSPECIFIED.,.T.,
 .F.,(1,1,1,1,1,1,1,1,1,1,1,1,1,1,1,1,1,1,1,1,1,1,1,1,1,1,1,1,1,1,1,1,1,
1,1,1,1,1,1,1,1,1,1,1,1,1,1,1,1,1,1,1,1,1,1,1,1,1,1,1,1,1,1,1,1,1,1),(-0.0682727239692043,
-0.0455151493128028,-0.0227575746564013,0.,0.0227575746564014,0.0455151493128028,
0.0682727239692043,0.0910302986256057,0.136545447938409,0.15930302259481,
0.182060597251211,0.204818171907613,0.227575746564014,0.250333321220416,
0.273090895876817,0.295848470533218,0.31860604518962,0.341363619846021,
0.364121194502423,0.386878769158824,0.409636343815226,0.455151493128028,
0.47790906778443,0.500666642440831,0.523424217097233,0.546181791753634,
0.568939366410036,0.591696941066437,0.614454515722838,0.63721209037924,
0.659969665035641,0.682727239692043,0.705484814348444,0.728242389004845,
0.750999963661247,0.773757538317648,0.79651511297405,0.819272687630451,
0.842030262286853,0.864787836943254,0.887545411599655,0.910302986256057,
0.933060560912458,0.95581813556886,1.00133328488166,1.02409085953806,1.04684843419447,
1.06960600885087,1.09236358350727,1.11512115816367,1.13787873282007,1.16063630747647,
1.18339388213287,1.20615145678928,1.22890903144568,1.27442418075848,1.29718175541488,
1.31993933007128,1.34269690472768,1.36545447938409,1.38821205404049,1.41096962869689,
1.43372720335329,1.45648477800969,1.47924235266609,1.50199992732249,1.5247575019789),
 .UNSPECIFIED.);
#1642=B_SPLINE_CURVE_WITH_KNOTS('',3,(#7409,#7410,#7411,#7412,#7413,#7414,
#7415),.UNSPECIFIED.,.F.,.F.,(4,1,1,1,4),(0.,0.154346209411667,0.308692418823333,
0.463038628235,0.617384837646667),.UNSPECIFIED.);
#1643=B_SPLINE_CURVE_WITH_KNOTS('',3,(#7418,#7419,#7420,#7421,#7422,#7423,
#7424,#7425,#7426,#7427,#7428,#7429,#7430,#7431,#7432),.UNSPECIFIED.,.F.,
 .F.,(4,1,1,1,1,1,1,1,1,1,1,1,4),(0.,0.0158911288676774,0.0238366933015162,
0.0317822577353549,0.0476733866030323,0.055618951036871,0.0635645154707097,
0.0794556443383872,0.0874012087722259,0.0953467732060646,0.103292337639903,
0.111237902073742,0.127129030941419),.UNSPECIFIED.);
#1644=B_SPLINE_CURVE_WITH_KNOTS('',3,(#7434,#7435,#7436,#7437,#7438,#7439,
#7440,#7441,#7442,#7443),.UNSPECIFIED.,.F.,.F.,(4,1,1,1,1,1,1,4),(5.55111512312578E-17,
0.0258967400221458,0.0517934800442916,0.0776902200664374,0.103586960088583,
0.129483700110729,0.155380440132875,0.207173920177166),.UNSPECIFIED.);
#1645=B_SPLINE_CURVE_WITH_KNOTS('',3,(#7445,#7446,#7447,#7448,#7449,#7450,
#7451,#7452,#7453,#7454,#7455,#7456,#7457,#7458),.UNSPECIFIED.,.F.,.F.,
(4,1,1,1,1,1,1,1,1,1,1,4),(1.69823702302898E-13,0.0159035483880772,0.0238553225820309,
0.0318070967759845,0.0397588709699382,0.0477106451638919,0.0556624193578456,
0.0636141935517993,0.0795177419397066,0.095421290327614,0.111324838715521,
0.127228387103429),.UNSPECIFIED.);
#1646=B_SPLINE_CURVE_WITH_KNOTS('',3,(#7460,#7461,#7462,#7463,#7464,#7465,
#7466),.UNSPECIFIED.,.F.,.F.,(4,1,1,1,4),(2.77555756156289E-17,0.154346209411667,
0.308692418823333,0.463038628235,0.617384837646667),.UNSPECIFIED.);
#1647=B_SPLINE_CURVE_WITH_KNOTS('',3,(#7468,#7469,#7470,#7471,#7472,#7473,
#7474,#7475,#7476,#7477,#7478,#7479),.UNSPECIFIED.,.F.,.F.,(4,1,1,1,1,1,
1,1,1,4),(2.82392522492689E-17,0.0158560217015974,0.0237840325523961,0.0317120434031948,
0.0475680651047923,0.0634240868063897,0.0792801085079871,0.0951361302095845,
0.110992151911182,0.126848173612779),.UNSPECIFIED.);
#1648=B_SPLINE_CURVE_WITH_KNOTS('',3,(#7481,#7482,#7483,#7484,#7485,#7486,
#7487,#7488),.UNSPECIFIED.,.F.,.F.,(4,1,1,1,1,4),(4.16333634234434E-17,
0.0511149740557946,0.102229948111589,0.127787435139487,0.153344922167384,
0.204459896223178),.UNSPECIFIED.);
#1649=B_SPLINE_CURVE_WITH_KNOTS('',3,(#7490,#7491,#7492,#7493,#7494,#7495,
#7496,#7497,#7498,#7499,#7500,#7501,#7502),.UNSPECIFIED.,.F.,.F.,(4,1,1,
1,1,1,1,1,1,1,4),(1.38777878078145E-17,0.0158512212635233,0.0317024425270467,
0.04755366379057,0.0554792744223317,0.0634048850540933,0.071330495685855,
0.0792561063176167,0.09510732758114,0.110958548844663,0.126809770108187),
 .UNSPECIFIED.);
#1650=EDGE_LOOP('',(#1144,#1145,#1146,#1147,#1148,#1149,#1150,#1151));
#1651=EDGE_LOOP('',(#1152,#1153,#1154,#1155));
#1652=EDGE_LOOP('',(#1156,#1157,#1158,#1159,#1160,#1161,#1162,#1163));
#1653=EDGE_LOOP('',(#1164,#1165,#1166,#1167));
#1654=EDGE_LOOP('',(#1168,#1169,#1170,#1171));
#1655=EDGE_LOOP('',(#1172,#1173,#1174,#1175));
#1656=EDGE_LOOP('',(#1176,#1177,#1178,#1179));
#1657=EDGE_LOOP('',(#1180,#1181,#1182,#1183));
#1658=EDGE_LOOP('',(#1184,#1185,#1186,#1187));
#1659=EDGE_LOOP('',(#1188,#1189,#1190,#1191));
#1660=EDGE_LOOP('',(#1192,#1193,#1194,#1195));
#1661=EDGE_LOOP('',(#1196,#1197,#1198,#1199));
#1662=EDGE_LOOP('',(#1200,#1201,#1202,#1203));
#1663=EDGE_LOOP('',(#1204,#1205,#1206,#1207));
#1664=EDGE_LOOP('',(#1208,#1209,#1210,#1211));
#1665=EDGE_LOOP('',(#1212,#1213,#1214,#1215));
#1666=EDGE_LOOP('',(#1216));
#1667=EDGE_LOOP('',(#1217));
#1668=EDGE_LOOP('',(#1218));
#1669=EDGE_LOOP('',(#1219));
#1670=EDGE_LOOP('',(#1220,#1221,#1222,#1223,#1224,#1225,#1226,#1227));
#1671=EDGE_LOOP('',(#1228,#1229,#1230,#1231));
#1672=EDGE_LOOP('',(#1232,#1233,#1234,#1235));
#1673=EDGE_LOOP('',(#1236,#1237,#1238,#1239));
#1674=EDGE_LOOP('',(#1240,#1241,#1242,#1243));
#1675=EDGE_LOOP('',(#1244,#1245,#1246,#1247));
#1676=EDGE_LOOP('',(#1248,#1249,#1250,#1251));
#1677=EDGE_LOOP('',(#1252,#1253,#1254,#1255));
#1678=EDGE_LOOP('',(#1256,#1257,#1258,#1259));
#1679=EDGE_LOOP('',(#1260,#1261,#1262,#1263,#1264,#1265,#1266,#1267));
#1680=EDGE_LOOP('',(#1268));
#1681=EDGE_LOOP('',(#1269));
#1682=EDGE_LOOP('',(#1270,#1271,#1272,#1273,#1274,#1275,#1276,#1277));
#1683=EDGE_LOOP('',(#1278));
#1684=EDGE_LOOP('',(#1279));
#1685=EDGE_LOOP('',(#1280,#1281,#1282,#1283,#1284,#1285,#1286,#1287));
#1686=EDGE_LOOP('',(#1288));
#1687=EDGE_LOOP('',(#1289));
#1688=EDGE_LOOP('',(#1290,#1291,#1292,#1293,#1294,#1295,#1296,#1297));
#1689=EDGE_LOOP('',(#1298));
#1690=EDGE_LOOP('',(#1299));
#1691=EDGE_LOOP('',(#1300,#1301,#1302,#1303,#1304,#1305,#1306,#1307));
#1692=EDGE_LOOP('',(#1308));
#1693=EDGE_LOOP('',(#1309));
#1694=EDGE_LOOP('',(#1310));
#1695=EDGE_LOOP('',(#1311));
#1696=EDGE_LOOP('',(#1312,#1313,#1314,#1315));
#1697=EDGE_LOOP('',(#1316,#1317,#1318,#1319));
#1698=EDGE_LOOP('',(#1320,#1321,#1322,#1323));
#1699=EDGE_LOOP('',(#1324,#1325,#1326,#1327));
#1700=EDGE_LOOP('',(#1328,#1329,#1330,#1331));
#1701=EDGE_LOOP('',(#1332,#1333,#1334,#1335));
#1702=EDGE_LOOP('',(#1336,#1337,#1338,#1339));
#1703=EDGE_LOOP('',(#1340,#1341,#1342,#1343));
#1704=EDGE_LOOP('',(#1344,#1345,#1346,#1347));
#1705=EDGE_LOOP('',(#1348,#1349,#1350,#1351));
#1706=EDGE_LOOP('',(#1352,#1353,#1354,#1355));
#1707=EDGE_LOOP('',(#1356,#1357,#1358,#1359));
#1708=EDGE_LOOP('',(#1360,#1361,#1362,#1363));
#1709=EDGE_LOOP('',(#1364,#1365,#1366,#1367));
#1710=EDGE_LOOP('',(#1368,#1369,#1370,#1371));
#1711=EDGE_LOOP('',(#1372,#1373,#1374,#1375));
#1712=FACE_BOUND('',#1650,.T.);
#1713=FACE_BOUND('',#1651,.T.);
#1714=FACE_BOUND('',#1652,.T.);
#1715=FACE_BOUND('',#1653,.T.);
#1716=FACE_BOUND('',#1654,.T.);
#1717=FACE_BOUND('',#1655,.T.);
#1718=FACE_BOUND('',#1656,.T.);
#1719=FACE_BOUND('',#1657,.T.);
#1720=FACE_BOUND('',#1658,.T.);
#1721=FACE_BOUND('',#1659,.T.);
#1722=FACE_BOUND('',#1660,.T.);
#1723=FACE_BOUND('',#1661,.T.);
#1724=FACE_BOUND('',#1662,.T.);
#1725=FACE_BOUND('',#1663,.T.);
#1726=FACE_BOUND('',#1664,.T.);
#1727=FACE_BOUND('',#1665,.T.);
#1728=FACE_BOUND('',#1666,.T.);
#1729=FACE_BOUND('',#77,.T.);
#1730=FACE_BOUND('',#1667,.T.);
#1731=FACE_BOUND('',#1668,.T.);
#1732=FACE_BOUND('',#1669,.T.);
#1733=FACE_BOUND('',#78,.T.);
#1734=FACE_BOUND('',#1670,.T.);
#1735=FACE_BOUND('',#1671,.T.);
#1736=FACE_BOUND('',#1672,.T.);
#1737=FACE_BOUND('',#1673,.T.);
#1738=FACE_BOUND('',#1674,.T.);
#1739=FACE_BOUND('',#1675,.T.);
#1740=FACE_BOUND('',#1676,.T.);
#1741=FACE_BOUND('',#1677,.T.);
#1742=FACE_BOUND('',#1678,.T.);
#1743=FACE_BOUND('',#1679,.T.);
#1744=FACE_BOUND('',#1680,.T.);
#1745=FACE_BOUND('',#1681,.T.);
#1746=FACE_BOUND('',#1682,.T.);
#1747=FACE_BOUND('',#1683,.T.);
#1748=FACE_BOUND('',#1684,.T.);
#1749=FACE_BOUND('',#1685,.T.);
#1750=FACE_BOUND('',#1686,.T.);
#1751=FACE_BOUND('',#1687,.T.);
#1752=FACE_BOUND('',#1688,.T.);
#1753=FACE_BOUND('',#1689,.T.);
#1754=FACE_BOUND('',#1690,.T.);
#1755=FACE_BOUND('',#1691,.T.);
#1756=FACE_BOUND('',#1692,.T.);
#1757=FACE_BOUND('',#1693,.T.);
#1758=FACE_BOUND('',#1694,.T.);
#1759=FACE_BOUND('',#1695,.T.);
#1760=FACE_BOUND('',#1696,.T.);
#1761=FACE_BOUND('',#1697,.T.);
#1762=FACE_BOUND('',#1698,.T.);
#1763=FACE_BOUND('',#1699,.T.);
#1764=FACE_BOUND('',#1700,.T.);
#1765=FACE_BOUND('',#1701,.T.);
#1766=FACE_BOUND('',#1702,.T.);
#1767=FACE_BOUND('',#1703,.T.);
#1768=FACE_BOUND('',#1704,.T.);
#1769=FACE_BOUND('',#1705,.T.);
#1770=FACE_BOUND('',#1706,.T.);
#1771=FACE_BOUND('',#1707,.T.);
#1772=FACE_BOUND('',#1708,.T.);
#1773=FACE_BOUND('',#1709,.T.);
#1774=FACE_BOUND('',#1710,.T.);
#1775=FACE_BOUND('',#1711,.T.);
#1776=B_SPLINE_SURFACE_WITH_KNOTS('',3,3,((#2673,#2674,#2675,#2676,#2677),
(#2678,#2679,#2680,#2681,#2682),(#2683,#2684,#2685,#2686,#2687),(#2688,
#2689,#2690,#2691,#2692),(#2693,#2694,#2695,#2696,#2697)),.UNSPECIFIED.,
 .F.,.F.,.F.,(4,1,4),(4,1,4),(0.301614795124244,0.349520707578656,0.397426620033067),
(6.03824416989725,6.28312004202713,6.52799591415702),.UNSPECIFIED.);
#1777=B_SPLINE_SURFACE_WITH_KNOTS('',3,3,((#2772,#2773,#2774,#2775,#2776,
#2777,#2778,#2779,#2780),(#2781,#2782,#2783,#2784,#2785,#2786,#2787,#2788,
#2789),(#2790,#2791,#2792,#2793,#2794,#2795,#2796,#2797,#2798),(#2799,#2800,
#2801,#2802,#2803,#2804,#2805,#2806,#2807)),.UNSPECIFIED.,.F.,.F.,.F.,(4,
4),(4,1,3,1,4),(0.299805400798787,0.394610922636676),(6.04730422845684,
6.08683576633022,6.28318530717959,6.47953484802895,6.51894342687165),
 .UNSPECIFIED.);
#1778=B_SPLINE_SURFACE_WITH_KNOTS('',3,3,((#3071,#3072,#3073,#3074,#3075,
#3076,#3077,#3078,#3079,#3080,#3081,#3082,#3083,#3084,#3085,#3086,#3087,
#3088,#3089,#3090,#3091,#3092,#3093,#3094,#3095,#3096,#3097,#3098,#3099,
#3100,#3101,#3102,#3103,#3104,#3105),(#3106,#3107,#3108,#3109,#3110,#3111,
#3112,#3113,#3114,#3115,#3116,#3117,#3118,#3119,#3120,#3121,#3122,#3123,
#3124,#3125,#3126,#3127,#3128,#3129,#3130,#3131,#3132,#3133,#3134,#3135,
#3136,#3137,#3138,#3139,#3140),(#3141,#3142,#3143,#3144,#3145,#3146,#3147,
#3148,#3149,#3150,#3151,#3152,#3153,#3154,#3155,#3156,#3157,#3158,#3159,
#3160,#3161,#3162,#3163,#3164,#3165,#3166,#3167,#3168,#3169,#3170,#3171,
#3172,#3173,#3174,#3175),(#3176,#3177,#3178,#3179,#3180,#3181,#3182,#3183,
#3184,#3185,#3186,#3187,#3188,#3189,#3190,#3191,#3192,#3193,#3194,#3195,
#3196,#3197,#3198,#3199,#3200,#3201,#3202,#3203,#3204,#3205,#3206,#3207,
#3208,#3209,#3210),(#3211,#3212,#3213,#3214,#3215,#3216,#3217,#3218,#3219,
#3220,#3221,#3222,#3223,#3224,#3225,#3226,#3227,#3228,#3229,#3230,#3231,
#3232,#3233,#3234,#3235,#3236,#3237,#3238,#3239,#3240,#3241,#3242,#3243,
#3244,#3245),(#3246,#3247,#3248,#3249,#3250,#3251,#3252,#3253,#3254,#3255,
#3256,#3257,#3258,#3259,#3260,#3261,#3262,#3263,#3264,#3265,#3266,#3267,
#3268,#3269,#3270,#3271,#3272,#3273,#3274,#3275,#3276,#3277,#3278,#3279,
#3280),(#3281,#3282,#3283,#3284,#3285,#3286,#3287,#3288,#3289,#3290,#3291,
#3292,#3293,#3294,#3295,#3296,#3297,#3298,#3299,#3300,#3301,#3302,#3303,
#3304,#3305,#3306,#3307,#3308,#3309,#3310,#3311,#3312,#3313,#3314,#3315),
(#3316,#3317,#3318,#3319,#3320,#3321,#3322,#3323,#3324,#3325,#3326,#3327,
#3328,#3329,#3330,#3331,#3332,#3333,#3334,#3335,#3336,#3337,#3338,#3339,
#3340,#3341,#3342,#3343,#3344,#3345,#3346,#3347,#3348,#3349,#3350),(#3351,
#3352,#3353,#3354,#3355,#3356,#3357,#3358,#3359,#3360,#3361,#3362,#3363,
#3364,#3365,#3366,#3367,#3368,#3369,#3370,#3371,#3372,#3373,#3374,#3375,
#3376,#3377,#3378,#3379,#3380,#3381,#3382,#3383,#3384,#3385),(#3386,#3387,
#3388,#3389,#3390,#3391,#3392,#3393,#3394,#3395,#3396,#3397,#3398,#3399,
#3400,#3401,#3402,#3403,#3404,#3405,#3406,#3407,#3408,#3409,#3410,#3411,
#3412,#3413,#3414,#3415,#3416,#3417,#3418,#3419,#3420),(#3421,#3422,#3423,
#3424,#3425,#3426,#3427,#3428,#3429,#3430,#3431,#3432,#3433,#3434,#3435,
#3436,#3437,#3438,#3439,#3440,#3441,#3442,#3443,#3444,#3445,#3446,#3447,
#3448,#3449,#3450,#3451,#3452,#3453,#3454,#3455)),.UNSPECIFIED.,.F.,.T.,
 .F.,(4,1,1,1,1,1,1,1,4),(1,1,1,1,1,1,1,1,1,1,1,1,1,1,1,1,1,1,1,1,1,1,1,
1,1,1,1,1,1,1,1,1,1,1,1,1,1,1,1),(0.,0.0439249329142174,0.0658873993713261,
0.0951706879808044,0.131774798742652,0.17569973165687,0.219624664571087,
0.263549597485304,0.351399463313739),(-0.589048622548087,-0.392699081698725,
-0.196349540849362,0.,0.196349540849362,0.392699081698724,0.589048622548087,
0.785398163397449,0.981747704246811,1.17809724509617,1.37444678594554,1.5707963267949,
1.76714586764426,1.96349540849362,2.15984494934298,2.35619449019235,2.55254403104171,
2.74889357189107,2.94524311274043,3.14159265358979,3.33794219443916,3.53429173528852,
3.73064127613788,3.92699081698724,4.12334035783661,4.31968989868597,4.51603943953533,
4.71238898038469,4.90873852123405,5.10508806208342,5.30143760293278,5.49778714378214,
5.6941366846315,5.89048622548087,6.08683576633023,6.28318530717959,6.47953484802895,
6.67588438887831,6.87223392972768),.UNSPECIFIED.);
#1779=B_SPLINE_SURFACE_WITH_KNOTS('',3,3,((#3586,#3587,#3588,#3589,#3590,
#3591,#3592,#3593,#3594,#3595,#3596,#3597,#3598,#3599,#3600,#3601,#3602,
#3603,#3604,#3605,#3606,#3607,#3608,#3609,#3610,#3611,#3612,#3613,#3614,
#3615,#3616,#3617,#3618,#3619,#3620),(#3621,#3622,#3623,#3624,#3625,#3626,
#3627,#3628,#3629,#3630,#3631,#3632,#3633,#3634,#3635,#3636,#3637,#3638,
#3639,#3640,#3641,#3642,#3643,#3644,#3645,#3646,#3647,#3648,#3649,#3650,
#3651,#3652,#3653,#3654,#3655),(#3656,#3657,#3658,#3659,#3660,#3661,#3662,
#3663,#3664,#3665,#3666,#3667,#3668,#3669,#3670,#3671,#3672,#3673,#3674,
#3675,#3676,#3677,#3678,#3679,#3680,#3681,#3682,#3683,#3684,#3685,#3686,
#3687,#3688,#3689,#3690),(#3691,#3692,#3693,#3694,#3695,#3696,#3697,#3698,
#3699,#3700,#3701,#3702,#3703,#3704,#3705,#3706,#3707,#3708,#3709,#3710,
#3711,#3712,#3713,#3714,#3715,#3716,#3717,#3718,#3719,#3720,#3721,#3722,
#3723,#3724,#3725),(#3726,#3727,#3728,#3729,#3730,#3731,#3732,#3733,#3734,
#3735,#3736,#3737,#3738,#3739,#3740,#3741,#3742,#3743,#3744,#3745,#3746,
#3747,#3748,#3749,#3750,#3751,#3752,#3753,#3754,#3755,#3756,#3757,#3758,
#3759,#3760),(#3761,#3762,#3763,#3764,#3765,#3766,#3767,#3768,#3769,#3770,
#3771,#3772,#3773,#3774,#3775,#3776,#3777,#3778,#3779,#3780,#3781,#3782,
#3783,#3784,#3785,#3786,#3787,#3788,#3789,#3790,#3791,#3792,#3793,#3794,
#3795),(#3796,#3797,#3798,#3799,#3800,#3801,#3802,#3803,#3804,#3805,#3806,
#3807,#3808,#3809,#3810,#3811,#3812,#3813,#3814,#3815,#3816,#3817,#3818,
#3819,#3820,#3821,#3822,#3823,#3824,#3825,#3826,#3827,#3828,#3829,#3830),
(#3831,#3832,#3833,#3834,#3835,#3836,#3837,#3838,#3839,#3840,#3841,#3842,
#3843,#3844,#3845,#3846,#3847,#3848,#3849,#3850,#3851,#3852,#3853,#3854,
#3855,#3856,#3857,#3858,#3859,#3860,#3861,#3862,#3863,#3864,#3865),(#3866,
#3867,#3868,#3869,#3870,#3871,#3872,#3873,#3874,#3875,#3876,#3877,#3878,
#3879,#3880,#3881,#3882,#3883,#3884,#3885,#3886,#3887,#3888,#3889,#3890,
#3891,#3892,#3893,#3894,#3895,#3896,#3897,#3898,#3899,#3900),(#3901,#3902,
#3903,#3904,#3905,#3906,#3907,#3908,#3909,#3910,#3911,#3912,#3913,#3914,
#3915,#3916,#3917,#3918,#3919,#3920,#3921,#3922,#3923,#3924,#3925,#3926,
#3927,#3928,#3929,#3930,#3931,#3932,#3933,#3934,#3935),(#3936,#3937,#3938,
#3939,#3940,#3941,#3942,#3943,#3944,#3945,#3946,#3947,#3948,#3949,#3950,
#3951,#3952,#3953,#3954,#3955,#3956,#3957,#3958,#3959,#3960,#3961,#3962,
#3963,#3964,#3965,#3966,#3967,#3968,#3969,#3970),(#3971,#3972,#3973,#3974,
#3975,#3976,#3977,#3978,#3979,#3980,#3981,#3982,#3983,#3984,#3985,#3986,
#3987,#3988,#3989,#3990,#3991,#3992,#3993,#3994,#3995,#3996,#3997,#3998,
#3999,#4000,#4001,#4002,#4003,#4004,#4005),(#4006,#4007,#4008,#4009,#4010,
#4011,#4012,#4013,#4014,#4015,#4016,#4017,#4018,#4019,#4020,#4021,#4022,
#4023,#4024,#4025,#4026,#4027,#4028,#4029,#4030,#4031,#4032,#4033,#4034,
#4035,#4036,#4037,#4038,#4039,#4040),(#4041,#4042,#4043,#4044,#4045,#4046,
#4047,#4048,#4049,#4050,#4051,#4052,#4053,#4054,#4055,#4056,#4057,#4058,
#4059,#4060,#4061,#4062,#4063,#4064,#4065,#4066,#4067,#4068,#4069,#4070,
#4071,#4072,#4073,#4074,#4075),(#4076,#4077,#4078,#4079,#4080,#4081,#4082,
#4083,#4084,#4085,#4086,#4087,#4088,#4089,#4090,#4091,#4092,#4093,#4094,
#4095,#4096,#4097,#4098,#4099,#4100,#4101,#4102,#4103,#4104,#4105,#4106,
#4107,#4108,#4109,#4110),(#4111,#4112,#4113,#4114,#4115,#4116,#4117,#4118,
#4119,#4120,#4121,#4122,#4123,#4124,#4125,#4126,#4127,#4128,#4129,#4130,
#4131,#4132,#4133,#4134,#4135,#4136,#4137,#4138,#4139,#4140,#4141,#4142,
#4143,#4144,#4145),(#4146,#4147,#4148,#4149,#4150,#4151,#4152,#4153,#4154,
#4155,#4156,#4157,#4158,#4159,#4160,#4161,#4162,#4163,#4164,#4165,#4166,
#4167,#4168,#4169,#4170,#4171,#4172,#4173,#4174,#4175,#4176,#4177,#4178,
#4179,#4180),(#4181,#4182,#4183,#4184,#4185,#4186,#4187,#4188,#4189,#4190,
#4191,#4192,#4193,#4194,#4195,#4196,#4197,#4198,#4199,#4200,#4201,#4202,
#4203,#4204,#4205,#4206,#4207,#4208,#4209,#4210,#4211,#4212,#4213,#4214,
#4215),(#4216,#4217,#4218,#4219,#4220,#4221,#4222,#4223,#4224,#4225,#4226,
#4227,#4228,#4229,#4230,#4231,#4232,#4233,#4234,#4235,#4236,#4237,#4238,
#4239,#4240,#4241,#4242,#4243,#4244,#4245,#4246,#4247,#4248,#4249,#4250)),
 .UNSPECIFIED.,.F.,.T.,.F.,(4,1,1,1,1,1,1,1,1,1,1,1,1,1,1,1,4),(1,1,1,1,
1,1,1,1,1,1,1,1,1,1,1,1,1,1,1,1,1,1,1,1,1,1,1,1,1,1,1,1,1,1,1,1,1,1,1),
(0.,0.1875,0.25,0.302083333333333,0.34375,0.375,0.40625,0.4375,0.46875,
0.5,0.53125,0.5625,0.59375,0.635416666666667,0.6875,0.75,1.),(-0.589048622548086,
-0.392699081698725,-0.196349540849362,0.,0.196349540849362,0.392699081698724,
0.589048622548086,0.785398163397448,0.98174770424681,1.17809724509617,1.37444678594553,
1.5707963267949,1.76714586764426,1.96349540849362,2.15984494934298,2.35619449019234,
2.55254403104171,2.74889357189107,2.94524311274043,3.14159265358979,3.33794219443916,
3.53429173528852,3.73064127613788,3.92699081698724,4.1233403578366,4.31968989868597,
4.51603943953533,4.71238898038469,4.90873852123405,5.10508806208341,5.30143760293278,
5.49778714378214,5.6941366846315,5.89048622548086,6.08683576633022,6.28318530717959,
6.47953484802895,6.67588438887831,6.87223392972767),.UNSPECIFIED.);
#1780=B_SPLINE_SURFACE_WITH_KNOTS('',3,3,((#4267,#4268,#4269,#4270,#4271,
#4272,#4273,#4274,#4275,#4276,#4277,#4278,#4279,#4280,#4281,#4282,#4283,
#4284,#4285,#4286,#4287,#4288,#4289,#4290,#4291,#4292,#4293,#4294,#4295,
#4296,#4297,#4298,#4299,#4300,#4301),(#4302,#4303,#4304,#4305,#4306,#4307,
#4308,#4309,#4310,#4311,#4312,#4313,#4314,#4315,#4316,#4317,#4318,#4319,
#4320,#4321,#4322,#4323,#4324,#4325,#4326,#4327,#4328,#4329,#4330,#4331,
#4332,#4333,#4334,#4335,#4336),(#4337,#4338,#4339,#4340,#4341,#4342,#4343,
#4344,#4345,#4346,#4347,#4348,#4349,#4350,#4351,#4352,#4353,#4354,#4355,
#4356,#4357,#4358,#4359,#4360,#4361,#4362,#4363,#4364,#4365,#4366,#4367,
#4368,#4369,#4370,#4371),(#4372,#4373,#4374,#4375,#4376,#4377,#4378,#4379,
#4380,#4381,#4382,#4383,#4384,#4385,#4386,#4387,#4388,#4389,#4390,#4391,
#4392,#4393,#4394,#4395,#4396,#4397,#4398,#4399,#4400,#4401,#4402,#4403,
#4404,#4405,#4406),(#4407,#4408,#4409,#4410,#4411,#4412,#4413,#4414,#4415,
#4416,#4417,#4418,#4419,#4420,#4421,#4422,#4423,#4424,#4425,#4426,#4427,
#4428,#4429,#4430,#4431,#4432,#4433,#4434,#4435,#4436,#4437,#4438,#4439,
#4440,#4441),(#4442,#4443,#4444,#4445,#4446,#4447,#4448,#4449,#4450,#4451,
#4452,#4453,#4454,#4455,#4456,#4457,#4458,#4459,#4460,#4461,#4462,#4463,
#4464,#4465,#4466,#4467,#4468,#4469,#4470,#4471,#4472,#4473,#4474,#4475,
#4476),(#4477,#4478,#4479,#4480,#4481,#4482,#4483,#4484,#4485,#4486,#4487,
#4488,#4489,#4490,#4491,#4492,#4493,#4494,#4495,#4496,#4497,#4498,#4499,
#4500,#4501,#4502,#4503,#4504,#4505,#4506,#4507,#4508,#4509,#4510,#4511),
(#4512,#4513,#4514,#4515,#4516,#4517,#4518,#4519,#4520,#4521,#4522,#4523,
#4524,#4525,#4526,#4527,#4528,#4529,#4530,#4531,#4532,#4533,#4534,#4535,
#4536,#4537,#4538,#4539,#4540,#4541,#4542,#4543,#4544,#4545,#4546),(#4547,
#4548,#4549,#4550,#4551,#4552,#4553,#4554,#4555,#4556,#4557,#4558,#4559,
#4560,#4561,#4562,#4563,#4564,#4565,#4566,#4567,#4568,#4569,#4570,#4571,
#4572,#4573,#4574,#4575,#4576,#4577,#4578,#4579,#4580,#4581),(#4582,#4583,
#4584,#4585,#4586,#4587,#4588,#4589,#4590,#4591,#4592,#4593,#4594,#4595,
#4596,#4597,#4598,#4599,#4600,#4601,#4602,#4603,#4604,#4605,#4606,#4607,
#4608,#4609,#4610,#4611,#4612,#4613,#4614,#4615,#4616),(#4617,#4618,#4619,
#4620,#4621,#4622,#4623,#4624,#4625,#4626,#4627,#4628,#4629,#4630,#4631,
#4632,#4633,#4634,#4635,#4636,#4637,#4638,#4639,#4640,#4641,#4642,#4643,
#4644,#4645,#4646,#4647,#4648,#4649,#4650,#4651),(#4652,#4653,#4654,#4655,
#4656,#4657,#4658,#4659,#4660,#4661,#4662,#4663,#4664,#4665,#4666,#4667,
#4668,#4669,#4670,#4671,#4672,#4673,#4674,#4675,#4676,#4677,#4678,#4679,
#4680,#4681,#4682,#4683,#4684,#4685,#4686),(#4687,#4688,#4689,#4690,#4691,
#4692,#4693,#4694,#4695,#4696,#4697,#4698,#4699,#4700,#4701,#4702,#4703,
#4704,#4705,#4706,#4707,#4708,#4709,#4710,#4711,#4712,#4713,#4714,#4715,
#4716,#4717,#4718,#4719,#4720,#4721),(#4722,#4723,#4724,#4725,#4726,#4727,
#4728,#4729,#4730,#4731,#4732,#4733,#4734,#4735,#4736,#4737,#4738,#4739,
#4740,#4741,#4742,#4743,#4744,#4745,#4746,#4747,#4748,#4749,#4750,#4751,
#4752,#4753,#4754,#4755,#4756),(#4757,#4758,#4759,#4760,#4761,#4762,#4763,
#4764,#4765,#4766,#4767,#4768,#4769,#4770,#4771,#4772,#4773,#4774,#4775,
#4776,#4777,#4778,#4779,#4780,#4781,#4782,#4783,#4784,#4785,#4786,#4787,
#4788,#4789,#4790,#4791),(#4792,#4793,#4794,#4795,#4796,#4797,#4798,#4799,
#4800,#4801,#4802,#4803,#4804,#4805,#4806,#4807,#4808,#4809,#4810,#4811,
#4812,#4813,#4814,#4815,#4816,#4817,#4818,#4819,#4820,#4821,#4822,#4823,
#4824,#4825,#4826),(#4827,#4828,#4829,#4830,#4831,#4832,#4833,#4834,#4835,
#4836,#4837,#4838,#4839,#4840,#4841,#4842,#4843,#4844,#4845,#4846,#4847,
#4848,#4849,#4850,#4851,#4852,#4853,#4854,#4855,#4856,#4857,#4858,#4859,
#4860,#4861),(#4862,#4863,#4864,#4865,#4866,#4867,#4868,#4869,#4870,#4871,
#4872,#4873,#4874,#4875,#4876,#4877,#4878,#4879,#4880,#4881,#4882,#4883,
#4884,#4885,#4886,#4887,#4888,#4889,#4890,#4891,#4892,#4893,#4894,#4895,
#4896),(#4897,#4898,#4899,#4900,#4901,#4902,#4903,#4904,#4905,#4906,#4907,
#4908,#4909,#4910,#4911,#4912,#4913,#4914,#4915,#4916,#4917,#4918,#4919,
#4920,#4921,#4922,#4923,#4924,#4925,#4926,#4927,#4928,#4929,#4930,#4931)),
 .UNSPECIFIED.,.F.,.T.,.F.,(4,1,1,1,1,1,1,1,1,1,1,1,1,1,1,1,4),(1,1,1,1,
1,1,1,1,1,1,1,1,1,1,1,1,1,1,1,1,1,1,1,1,1,1,1,1,1,1,1,1,1,1,1,1,1,1,1),
(0.,0.1875,0.25,0.302083333333333,0.34375,0.375,0.40625,0.4375,0.46875,
0.5,0.53125,0.5625,0.59375,0.635416666666667,0.6875,0.75,1.),(-0.589048622548086,
-0.392699081698725,-0.196349540849362,0.,0.196349540849362,0.392699081698724,
0.589048622548086,0.785398163397448,0.98174770424681,1.17809724509617,1.37444678594553,
1.5707963267949,1.76714586764426,1.96349540849362,2.15984494934298,2.35619449019234,
2.55254403104171,2.74889357189107,2.94524311274043,3.14159265358979,3.33794219443916,
3.53429173528852,3.73064127613788,3.92699081698724,4.1233403578366,4.31968989868597,
4.51603943953533,4.71238898038469,4.90873852123405,5.10508806208341,5.30143760293278,
5.49778714378214,5.6941366846315,5.89048622548086,6.08683576633022,6.28318530717959,
6.47953484802895,6.67588438887831,6.87223392972767),.UNSPECIFIED.);
#1781=B_SPLINE_SURFACE_WITH_KNOTS('',3,3,((#5136,#5137,#5138,#5139,#5140,
#5141,#5142,#5143,#5144),(#5145,#5146,#5147,#5148,#5149,#5150,#5151,#5152,
#5153),(#5154,#5155,#5156,#5157,#5158,#5159,#5160,#5161,#5162),(#5163,#5164,
#5165,#5166,#5167,#5168,#5169,#5170,#5171),(#5172,#5173,#5174,#5175,#5176,
#5177,#5178,#5179,#5180),(#5181,#5182,#5183,#5184,#5185,#5186,#5187,#5188,
#5189),(#5190,#5191,#5192,#5193,#5194,#5195,#5196,#5197,#5198),(#5199,#5200,
#5201,#5202,#5203,#5204,#5205,#5206,#5207),(#5208,#5209,#5210,#5211,#5212,
#5213,#5214,#5215,#5216),(#5217,#5218,#5219,#5220,#5221,#5222,#5223,#5224,
#5225)),.UNSPECIFIED.,.F.,.F.,.F.,(4,1,1,1,1,1,1,4),(4,1,1,1,1,1,4),(0.442037621605859,
0.480140579575316,0.507356978124928,0.540016656384463,0.583562894063843,
0.637995691163068,0.725088166521827,0.964592473758416),(3.99622762746621,
4.35485774078188,4.53417279743971,4.71348785409754,4.89280291075538,5.07211796741321,
5.43074808072888),.UNSPECIFIED.);
#1782=B_SPLINE_SURFACE_WITH_KNOTS('',3,3,((#5226,#5227,#5228,#5229,#5230,
#5231,#5232,#5233,#5234,#5235,#5236,#5237,#5238,#5239,#5240,#5241,#5242,
#5243,#5244,#5245,#5246,#5247,#5248,#5249,#5250,#5251,#5252,#5253,#5254,
#5255,#5256,#5257,#5258,#5259,#5260),(#5261,#5262,#5263,#5264,#5265,#5266,
#5267,#5268,#5269,#5270,#5271,#5272,#5273,#5274,#5275,#5276,#5277,#5278,
#5279,#5280,#5281,#5282,#5283,#5284,#5285,#5286,#5287,#5288,#5289,#5290,
#5291,#5292,#5293,#5294,#5295),(#5296,#5297,#5298,#5299,#5300,#5301,#5302,
#5303,#5304,#5305,#5306,#5307,#5308,#5309,#5310,#5311,#5312,#5313,#5314,
#5315,#5316,#5317,#5318,#5319,#5320,#5321,#5322,#5323,#5324,#5325,#5326,
#5327,#5328,#5329,#5330),(#5331,#5332,#5333,#5334,#5335,#5336,#5337,#5338,
#5339,#5340,#5341,#5342,#5343,#5344,#5345,#5346,#5347,#5348,#5349,#5350,
#5351,#5352,#5353,#5354,#5355,#5356,#5357,#5358,#5359,#5360,#5361,#5362,
#5363,#5364,#5365),(#5366,#5367,#5368,#5369,#5370,#5371,#5372,#5373,#5374,
#5375,#5376,#5377,#5378,#5379,#5380,#5381,#5382,#5383,#5384,#5385,#5386,
#5387,#5388,#5389,#5390,#5391,#5392,#5393,#5394,#5395,#5396,#5397,#5398,
#5399,#5400),(#5401,#5402,#5403,#5404,#5405,#5406,#5407,#5408,#5409,#5410,
#5411,#5412,#5413,#5414,#5415,#5416,#5417,#5418,#5419,#5420,#5421,#5422,
#5423,#5424,#5425,#5426,#5427,#5428,#5429,#5430,#5431,#5432,#5433,#5434,
#5435),(#5436,#5437,#5438,#5439,#5440,#5441,#5442,#5443,#5444,#5445,#5446,
#5447,#5448,#5449,#5450,#5451,#5452,#5453,#5454,#5455,#5456,#5457,#5458,
#5459,#5460,#5461,#5462,#5463,#5464,#5465,#5466,#5467,#5468,#5469,#5470),
(#5471,#5472,#5473,#5474,#5475,#5476,#5477,#5478,#5479,#5480,#5481,#5482,
#5483,#5484,#5485,#5486,#5487,#5488,#5489,#5490,#5491,#5492,#5493,#5494,
#5495,#5496,#5497,#5498,#5499,#5500,#5501,#5502,#5503,#5504,#5505),(#5506,
#5507,#5508,#5509,#5510,#5511,#5512,#5513,#5514,#5515,#5516,#5517,#5518,
#5519,#5520,#5521,#5522,#5523,#5524,#5525,#5526,#5527,#5528,#5529,#5530,
#5531,#5532,#5533,#5534,#5535,#5536,#5537,#5538,#5539,#5540),(#5541,#5542,
#5543,#5544,#5545,#5546,#5547,#5548,#5549,#5550,#5551,#5552,#5553,#5554,
#5555,#5556,#5557,#5558,#5559,#5560,#5561,#5562,#5563,#5564,#5565,#5566,
#5567,#5568,#5569,#5570,#5571,#5572,#5573,#5574,#5575),(#5576,#5577,#5578,
#5579,#5580,#5581,#5582,#5583,#5584,#5585,#5586,#5587,#5588,#5589,#5590,
#5591,#5592,#5593,#5594,#5595,#5596,#5597,#5598,#5599,#5600,#5601,#5602,
#5603,#5604,#5605,#5606,#5607,#5608,#5609,#5610),(#5611,#5612,#5613,#5614,
#5615,#5616,#5617,#5618,#5619,#5620,#5621,#5622,#5623,#5624,#5625,#5626,
#5627,#5628,#5629,#5630,#5631,#5632,#5633,#5634,#5635,#5636,#5637,#5638,
#5639,#5640,#5641,#5642,#5643,#5644,#5645),(#5646,#5647,#5648,#5649,#5650,
#5651,#5652,#5653,#5654,#5655,#5656,#5657,#5658,#5659,#5660,#5661,#5662,
#5663,#5664,#5665,#5666,#5667,#5668,#5669,#5670,#5671,#5672,#5673,#5674,
#5675,#5676,#5677,#5678,#5679,#5680)),.UNSPECIFIED.,.F.,.T.,.F.,(4,1,1,
1,1,1,1,1,1,1,4),(1,1,1,1,1,1,1,1,1,1,1,1,1,1,1,1,1,1,1,1,1,1,1,1,1,1,1,
1,1,1,1,1,1,1,1,1,1,1,1),(6.34406044314351E-18,0.241523482252231,0.362285223378347,
0.483046964504463,0.603808705630578,0.704443489902341,0.784951317319752,
0.835268709455633,0.875522623164338,0.905713058445867,0.966093929008925),
(-0.589048622548087,-0.392699081698725,-0.196349540849362,0.,0.196349540849362,
0.392699081698724,0.589048622548087,0.785398163397449,0.981747704246811,
1.17809724509617,1.37444678594554,1.5707963267949,1.76714586764426,1.96349540849362,
2.15984494934298,2.35619449019235,2.55254403104171,2.74889357189107,2.94524311274043,
3.14159265358979,3.33794219443916,3.53429173528852,3.73064127613788,3.92699081698724,
4.12334035783661,4.31968989868597,4.51603943953533,4.71238898038469,4.90873852123405,
5.10508806208342,5.30143760293278,5.49778714378214,5.6941366846315,5.89048622548087,
6.08683576633023,6.28318530717959,6.47953484802895,6.67588438887831,6.87223392972768),
 .UNSPECIFIED.);
#1783=B_SPLINE_SURFACE_WITH_KNOTS('',3,3,((#5803,#5804,#5805,#5806,#5807,
#5808,#5809,#5810,#5811,#5812,#5813,#5814,#5815,#5816,#5817,#5818,#5819,
#5820,#5821,#5822,#5823,#5824,#5825,#5826,#5827,#5828,#5829,#5830,#5831,
#5832,#5833,#5834,#5835,#5836,#5837),(#5838,#5839,#5840,#5841,#5842,#5843,
#5844,#5845,#5846,#5847,#5848,#5849,#5850,#5851,#5852,#5853,#5854,#5855,
#5856,#5857,#5858,#5859,#5860,#5861,#5862,#5863,#5864,#5865,#5866,#5867,
#5868,#5869,#5870,#5871,#5872),(#5873,#5874,#5875,#5876,#5877,#5878,#5879,
#5880,#5881,#5882,#5883,#5884,#5885,#5886,#5887,#5888,#5889,#5890,#5891,
#5892,#5893,#5894,#5895,#5896,#5897,#5898,#5899,#5900,#5901,#5902,#5903,
#5904,#5905,#5906,#5907),(#5908,#5909,#5910,#5911,#5912,#5913,#5914,#5915,
#5916,#5917,#5918,#5919,#5920,#5921,#5922,#5923,#5924,#5925,#5926,#5927,
#5928,#5929,#5930,#5931,#5932,#5933,#5934,#5935,#5936,#5937,#5938,#5939,
#5940,#5941,#5942)),.UNSPECIFIED.,.F.,.T.,.F.,(4,4),(1,1,1,1,1,1,1,1,1,
1,1,1,1,1,1,1,1,1,1,1,1,1,1,1,1,1,1,1,1,1,1,1,1,1,1,1,1,1,1),(0.,1.),(-0.589048622548086,
-0.392699081698725,-0.196349540849362,0.,0.196349540849362,0.392699081698724,
0.589048622548086,0.785398163397448,0.98174770424681,1.17809724509617,1.37444678594553,
1.5707963267949,1.76714586764426,1.96349540849362,2.15984494934298,2.35619449019234,
2.55254403104171,2.74889357189107,2.94524311274043,3.14159265358979,3.33794219443916,
3.53429173528852,3.73064127613788,3.92699081698724,4.1233403578366,4.31968989868597,
4.51603943953533,4.71238898038469,4.90873852123405,5.10508806208341,5.30143760293278,
5.49778714378214,5.6941366846315,5.89048622548086,6.08683576633022,6.28318530717959,
6.47953484802895,6.67588438887831,6.87223392972767),.UNSPECIFIED.);
#1784=B_SPLINE_SURFACE_WITH_KNOTS('',3,3,((#6067,#6068,#6069,#6070,#6071,
#6072,#6073,#6074,#6075,#6076,#6077,#6078,#6079,#6080,#6081,#6082,#6083,
#6084,#6085,#6086,#6087,#6088,#6089,#6090,#6091,#6092,#6093,#6094,#6095,
#6096,#6097,#6098,#6099,#6100,#6101),(#6102,#6103,#6104,#6105,#6106,#6107,
#6108,#6109,#6110,#6111,#6112,#6113,#6114,#6115,#6116,#6117,#6118,#6119,
#6120,#6121,#6122,#6123,#6124,#6125,#6126,#6127,#6128,#6129,#6130,#6131,
#6132,#6133,#6134,#6135,#6136),(#6137,#6138,#6139,#6140,#6141,#6142,#6143,
#6144,#6145,#6146,#6147,#6148,#6149,#6150,#6151,#6152,#6153,#6154,#6155,
#6156,#6157,#6158,#6159,#6160,#6161,#6162,#6163,#6164,#6165,#6166,#6167,
#6168,#6169,#6170,#6171),(#6172,#6173,#6174,#6175,#6176,#6177,#6178,#6179,
#6180,#6181,#6182,#6183,#6184,#6185,#6186,#6187,#6188,#6189,#6190,#6191,
#6192,#6193,#6194,#6195,#6196,#6197,#6198,#6199,#6200,#6201,#6202,#6203,
#6204,#6205,#6206),(#6207,#6208,#6209,#6210,#6211,#6212,#6213,#6214,#6215,
#6216,#6217,#6218,#6219,#6220,#6221,#6222,#6223,#6224,#6225,#6226,#6227,
#6228,#6229,#6230,#6231,#6232,#6233,#6234,#6235,#6236,#6237,#6238,#6239,
#6240,#6241),(#6242,#6243,#6244,#6245,#6246,#6247,#6248,#6249,#6250,#6251,
#6252,#6253,#6254,#6255,#6256,#6257,#6258,#6259,#6260,#6261,#6262,#6263,
#6264,#6265,#6266,#6267,#6268,#6269,#6270,#6271,#6272,#6273,#6274,#6275,
#6276),(#6277,#6278,#6279,#6280,#6281,#6282,#6283,#6284,#6285,#6286,#6287,
#6288,#6289,#6290,#6291,#6292,#6293,#6294,#6295,#6296,#6297,#6298,#6299,
#6300,#6301,#6302,#6303,#6304,#6305,#6306,#6307,#6308,#6309,#6310,#6311),
(#6312,#6313,#6314,#6315,#6316,#6317,#6318,#6319,#6320,#6321,#6322,#6323,
#6324,#6325,#6326,#6327,#6328,#6329,#6330,#6331,#6332,#6333,#6334,#6335,
#6336,#6337,#6338,#6339,#6340,#6341,#6342,#6343,#6344,#6345,#6346),(#6347,
#6348,#6349,#6350,#6351,#6352,#6353,#6354,#6355,#6356,#6357,#6358,#6359,
#6360,#6361,#6362,#6363,#6364,#6365,#6366,#6367,#6368,#6369,#6370,#6371,
#6372,#6373,#6374,#6375,#6376,#6377,#6378,#6379,#6380,#6381),(#6382,#6383,
#6384,#6385,#6386,#6387,#6388,#6389,#6390,#6391,#6392,#6393,#6394,#6395,
#6396,#6397,#6398,#6399,#6400,#6401,#6402,#6403,#6404,#6405,#6406,#6407,
#6408,#6409,#6410,#6411,#6412,#6413,#6414,#6415,#6416),(#6417,#6418,#6419,
#6420,#6421,#6422,#6423,#6424,#6425,#6426,#6427,#6428,#6429,#6430,#6431,
#6432,#6433,#6434,#6435,#6436,#6437,#6438,#6439,#6440,#6441,#6442,#6443,
#6444,#6445,#6446,#6447,#6448,#6449,#6450,#6451),(#6452,#6453,#6454,#6455,
#6456,#6457,#6458,#6459,#6460,#6461,#6462,#6463,#6464,#6465,#6466,#6467,
#6468,#6469,#6470,#6471,#6472,#6473,#6474,#6475,#6476,#6477,#6478,#6479,
#6480,#6481,#6482,#6483,#6484,#6485,#6486),(#6487,#6488,#6489,#6490,#6491,
#6492,#6493,#6494,#6495,#6496,#6497,#6498,#6499,#6500,#6501,#6502,#6503,
#6504,#6505,#6506,#6507,#6508,#6509,#6510,#6511,#6512,#6513,#6514,#6515,
#6516,#6517,#6518,#6519,#6520,#6521)),.UNSPECIFIED.,.F.,.T.,.F.,(4,1,1,
1,1,1,1,1,1,1,4),(1,1,1,1,1,1,1,1,1,1,1,1,1,1,1,1,1,1,1,1,1,1,1,1,1,1,1,
1,1,1,1,1,1,1,1,1,1,1,1),(0.345399443042465,0.427224512662156,0.468137047472002,
0.509049582281848,0.549962117091694,0.59087465190154,0.631787186711386,
0.686337233124514,0.754524791140924,0.836349860760616,1.),(-0.589048622548087,
-0.392699081698725,-0.196349540849362,0.,0.196349540849362,0.392699081698724,
0.589048622548087,0.785398163397449,0.981747704246811,1.17809724509617,
1.37444678594554,1.5707963267949,1.76714586764426,1.96349540849362,2.15984494934298,
2.35619449019235,2.55254403104171,2.74889357189107,2.94524311274043,3.14159265358979,
3.33794219443916,3.53429173528852,3.73064127613788,3.92699081698724,4.12334035783661,
4.31968989868597,4.51603943953533,4.71238898038469,4.90873852123405,5.10508806208342,
5.30143760293278,5.49778714378214,5.6941366846315,5.89048622548087,6.08683576633023,
6.28318530717959,6.47953484802895,6.67588438887831,6.87223392972768),
 .UNSPECIFIED.);
#1785=B_SPLINE_SURFACE_WITH_KNOTS('',3,3,((#6680,#6681,#6682,#6683,#6684,
#6685,#6686,#6687,#6688,#6689,#6690,#6691,#6692,#6693,#6694,#6695,#6696,
#6697,#6698,#6699,#6700,#6701,#6702,#6703,#6704,#6705,#6706,#6707,#6708,
#6709,#6710,#6711,#6712,#6713,#6714),(#6715,#6716,#6717,#6718,#6719,#6720,
#6721,#6722,#6723,#6724,#6725,#6726,#6727,#6728,#6729,#6730,#6731,#6732,
#6733,#6734,#6735,#6736,#6737,#6738,#6739,#6740,#6741,#6742,#6743,#6744,
#6745,#6746,#6747,#6748,#6749),(#6750,#6751,#6752,#6753,#6754,#6755,#6756,
#6757,#6758,#6759,#6760,#6761,#6762,#6763,#6764,#6765,#6766,#6767,#6768,
#6769,#6770,#6771,#6772,#6773,#6774,#6775,#6776,#6777,#6778,#6779,#6780,
#6781,#6782,#6783,#6784),(#6785,#6786,#6787,#6788,#6789,#6790,#6791,#6792,
#6793,#6794,#6795,#6796,#6797,#6798,#6799,#6800,#6801,#6802,#6803,#6804,
#6805,#6806,#6807,#6808,#6809,#6810,#6811,#6812,#6813,#6814,#6815,#6816,
#6817,#6818,#6819),(#6820,#6821,#6822,#6823,#6824,#6825,#6826,#6827,#6828,
#6829,#6830,#6831,#6832,#6833,#6834,#6835,#6836,#6837,#6838,#6839,#6840,
#6841,#6842,#6843,#6844,#6845,#6846,#6847,#6848,#6849,#6850,#6851,#6852,
#6853,#6854),(#6855,#6856,#6857,#6858,#6859,#6860,#6861,#6862,#6863,#6864,
#6865,#6866,#6867,#6868,#6869,#6870,#6871,#6872,#6873,#6874,#6875,#6876,
#6877,#6878,#6879,#6880,#6881,#6882,#6883,#6884,#6885,#6886,#6887,#6888,
#6889),(#6890,#6891,#6892,#6893,#6894,#6895,#6896,#6897,#6898,#6899,#6900,
#6901,#6902,#6903,#6904,#6905,#6906,#6907,#6908,#6909,#6910,#6911,#6912,
#6913,#6914,#6915,#6916,#6917,#6918,#6919,#6920,#6921,#6922,#6923,#6924),
(#6925,#6926,#6927,#6928,#6929,#6930,#6931,#6932,#6933,#6934,#6935,#6936,
#6937,#6938,#6939,#6940,#6941,#6942,#6943,#6944,#6945,#6946,#6947,#6948,
#6949,#6950,#6951,#6952,#6953,#6954,#6955,#6956,#6957,#6958,#6959),(#6960,
#6961,#6962,#6963,#6964,#6965,#6966,#6967,#6968,#6969,#6970,#6971,#6972,
#6973,#6974,#6975,#6976,#6977,#6978,#6979,#6980,#6981,#6982,#6983,#6984,
#6985,#6986,#6987,#6988,#6989,#6990,#6991,#6992,#6993,#6994),(#6995,#6996,
#6997,#6998,#6999,#7000,#7001,#7002,#7003,#7004,#7005,#7006,#7007,#7008,
#7009,#7010,#7011,#7012,#7013,#7014,#7015,#7016,#7017,#7018,#7019,#7020,
#7021,#7022,#7023,#7024,#7025,#7026,#7027,#7028,#7029),(#7030,#7031,#7032,
#7033,#7034,#7035,#7036,#7037,#7038,#7039,#7040,#7041,#7042,#7043,#7044,
#7045,#7046,#7047,#7048,#7049,#7050,#7051,#7052,#7053,#7054,#7055,#7056,
#7057,#7058,#7059,#7060,#7061,#7062,#7063,#7064),(#7065,#7066,#7067,#7068,
#7069,#7070,#7071,#7072,#7073,#7074,#7075,#7076,#7077,#7078,#7079,#7080,
#7081,#7082,#7083,#7084,#7085,#7086,#7087,#7088,#7089,#7090,#7091,#7092,
#7093,#7094,#7095,#7096,#7097,#7098,#7099),(#7100,#7101,#7102,#7103,#7104,
#7105,#7106,#7107,#7108,#7109,#7110,#7111,#7112,#7113,#7114,#7115,#7116,
#7117,#7118,#7119,#7120,#7121,#7122,#7123,#7124,#7125,#7126,#7127,#7128,
#7129,#7130,#7131,#7132,#7133,#7134),(#7135,#7136,#7137,#7138,#7139,#7140,
#7141,#7142,#7143,#7144,#7145,#7146,#7147,#7148,#7149,#7150,#7151,#7152,
#7153,#7154,#7155,#7156,#7157,#7158,#7159,#7160,#7161,#7162,#7163,#7164,
#7165,#7166,#7167,#7168,#7169),(#7170,#7171,#7172,#7173,#7174,#7175,#7176,
#7177,#7178,#7179,#7180,#7181,#7182,#7183,#7184,#7185,#7186,#7187,#7188,
#7189,#7190,#7191,#7192,#7193,#7194,#7195,#7196,#7197,#7198,#7199,#7200,
#7201,#7202,#7203,#7204),(#7205,#7206,#7207,#7208,#7209,#7210,#7211,#7212,
#7213,#7214,#7215,#7216,#7217,#7218,#7219,#7220,#7221,#7222,#7223,#7224,
#7225,#7226,#7227,#7228,#7229,#7230,#7231,#7232,#7233,#7234,#7235,#7236,
#7237,#7238,#7239),(#7240,#7241,#7242,#7243,#7244,#7245,#7246,#7247,#7248,
#7249,#7250,#7251,#7252,#7253,#7254,#7255,#7256,#7257,#7258,#7259,#7260,
#7261,#7262,#7263,#7264,#7265,#7266,#7267,#7268,#7269,#7270,#7271,#7272,
#7273,#7274),(#7275,#7276,#7277,#7278,#7279,#7280,#7281,#7282,#7283,#7284,
#7285,#7286,#7287,#7288,#7289,#7290,#7291,#7292,#7293,#7294,#7295,#7296,
#7297,#7298,#7299,#7300,#7301,#7302,#7303,#7304,#7305,#7306,#7307,#7308,
#7309),(#7310,#7311,#7312,#7313,#7314,#7315,#7316,#7317,#7318,#7319,#7320,
#7321,#7322,#7323,#7324,#7325,#7326,#7327,#7328,#7329,#7330,#7331,#7332,
#7333,#7334,#7335,#7336,#7337,#7338,#7339,#7340,#7341,#7342,#7343,#7344)),
 .UNSPECIFIED.,.F.,.T.,.F.,(4,1,1,1,1,1,1,1,1,1,1,1,1,1,1,1,4),(1,1,1,1,
1,1,1,1,1,1,1,1,1,1,1,1,1,1,1,1,1,1,1,1,1,1,1,1,1,1,1,1,1,1,1,1,1,1,1),
(0.,0.1875,0.25,0.302083333333333,0.34375,0.375,0.40625,0.4375,0.46875,
0.5,0.53125,0.5625,0.59375,0.635416666666667,0.6875,0.75,1.),(-0.589048622548086,
-0.392699081698725,-0.196349540849362,0.,0.196349540849362,0.392699081698724,
0.589048622548086,0.785398163397448,0.98174770424681,1.17809724509617,1.37444678594553,
1.5707963267949,1.76714586764426,1.96349540849362,2.15984494934298,2.35619449019234,
2.55254403104171,2.74889357189107,2.94524311274043,3.14159265358979,3.33794219443916,
3.53429173528852,3.73064127613788,3.92699081698724,4.1233403578366,4.31968989868597,
4.51603943953533,4.71238898038469,4.90873852123405,5.10508806208341,5.30143760293278,
5.49778714378214,5.6941366846315,5.89048622548086,6.08683576633022,6.28318530717959,
6.47953484802895,6.67588438887831,6.87223392972767),.UNSPECIFIED.);
#1786=ADVANCED_FACE('',(#1712,#1713),#1776,.T.);
#1787=ADVANCED_FACE('',(#1714),#1777,.F.);
#1788=ADVANCED_FACE('',(#1715),#1128,.T.);
#1789=ADVANCED_FACE('',(#1716),#709,.T.);
#1790=ADVANCED_FACE('',(#1717),#1129,.T.);
#1791=ADVANCED_FACE('',(#1718),#710,.T.);
#1792=ADVANCED_FACE('',(#1719),#1130,.T.);
#1793=ADVANCED_FACE('',(#1720),#711,.T.);
#1794=ADVANCED_FACE('',(#1721),#1131,.T.);
#1795=ADVANCED_FACE('',(#1722),#712,.T.);
#1796=ADVANCED_FACE('',(#1723),#713,.F.);
#1797=ADVANCED_FACE('',(#1724),#714,.F.);
#1798=ADVANCED_FACE('',(#1725),#715,.F.);
#1799=ADVANCED_FACE('',(#1726),#716,.F.);
#1800=ADVANCED_FACE('',(#1727),#717,.F.);
#1801=ADVANCED_FACE('',(#1728,#1729),#1778,.T.);
#1802=ADVANCED_FACE('',(#1730,#1731),#718,.F.);
#1803=ADVANCED_FACE('',(#1732,#1733),#1779,.F.);
#1804=ADVANCED_FACE('',(#1734),#1780,.F.);
#1805=ADVANCED_FACE('',(#1735),#1132,.T.);
#1806=ADVANCED_FACE('',(#1736),#719,.T.);
#1807=ADVANCED_FACE('',(#1737),#1133,.T.);
#1808=ADVANCED_FACE('',(#1738),#720,.T.);
#1809=ADVANCED_FACE('',(#1739),#1134,.T.);
#1810=ADVANCED_FACE('',(#1740),#721,.T.);
#1811=ADVANCED_FACE('',(#1741),#1135,.T.);
#1812=ADVANCED_FACE('',(#1742),#722,.T.);
#1813=ADVANCED_FACE('',(#1743),#1781,.T.);
#1814=ADVANCED_FACE('',(#1744,#1745,#1746),#1782,.T.);
#1815=ADVANCED_FACE('',(#1747,#1748,#1749),#1783,.F.);
#1816=ADVANCED_FACE('',(#1750,#1751,#1752),#1784,.T.);
#1817=ADVANCED_FACE('',(#1753,#1754,#1755),#1785,.F.);
#1818=ADVANCED_FACE('',(#1756),#723,.F.);
#1819=ADVANCED_FACE('',(#1757,#1758),#724,.T.);
#1820=ADVANCED_FACE('',(#1759),#725,.T.);
#1821=ADVANCED_FACE('',(#1760),#726,.T.);
#1822=ADVANCED_FACE('',(#1761),#1136,.F.);
#1823=ADVANCED_FACE('',(#1762),#727,.T.);
#1824=ADVANCED_FACE('',(#1763),#1137,.F.);
#1825=ADVANCED_FACE('',(#1764),#728,.T.);
#1826=ADVANCED_FACE('',(#1765),#1138,.F.);
#1827=ADVANCED_FACE('',(#1766),#729,.T.);
#1828=ADVANCED_FACE('',(#1767),#1139,.F.);
#1829=ADVANCED_FACE('',(#1768),#730,.T.);
#1830=ADVANCED_FACE('',(#1769),#1140,.F.);
#1831=ADVANCED_FACE('',(#1770),#731,.T.);
#1832=ADVANCED_FACE('',(#1771),#1141,.F.);
#1833=ADVANCED_FACE('',(#1772),#732,.T.);
#1834=ADVANCED_FACE('',(#1773),#1142,.F.);
#1835=ADVANCED_FACE('',(#1774),#733,.T.);
#1836=ADVANCED_FACE('',(#1775),#1143,.F.);
#1837=CLOSED_SHELL('',(#1786,#1787,#1788,#1789,#1790,#1791,#1792,#1793,
#1794,#1795,#1796,#1797,#1798,#1799,#1800));
#1838=CLOSED_SHELL('',(#1801,#1802,#1803));
#1839=CLOSED_SHELL('',(#1804,#1805,#1806,#1807,#1808,#1809,#1810,#1811,
#1812,#1813));
#1840=CLOSED_SHELL('',(#1814,#1815,#1816,#1817,#1818,#1819,#1820,#1821,
#1822,#1823,#1824,#1825,#1826,#1827,#1828,#1829,#1830,#1831,#1832,#1833,
#1834,#1835,#1836));
#1841=STYLED_ITEM('',(#2024),#2229);
#1842=STYLED_ITEM('',(#2025),#438);
#1843=STYLED_ITEM('',(#2026),#439);
#1844=STYLED_ITEM('',(#2027),#440);
#1845=STYLED_ITEM('',(#2028),#441);
#1846=STYLED_ITEM('',(#2029),#442);
#1847=STYLED_ITEM('',(#2030),#443);
#1848=STYLED_ITEM('',(#2031),#444);
#1849=STYLED_ITEM('',(#2032),#445);
#1850=STYLED_ITEM('',(#2033),#446);
#1851=STYLED_ITEM('',(#2034),#447);
#1852=STYLED_ITEM('',(#2035),#448);
#1853=STYLED_ITEM('',(#2036),#449);
#1854=STYLED_ITEM('',(#2037),#450);
#1855=STYLED_ITEM('',(#2038),#451);
#1856=STYLED_ITEM('',(#2039),#452);
#1857=STYLED_ITEM('',(#2040),#453);
#1858=STYLED_ITEM('',(#2041),#454);
#1859=STYLED_ITEM('',(#2042),#455);
#1860=STYLED_ITEM('',(#2043),#456);
#1861=STYLED_ITEM('',(#2044),#457);
#1862=STYLED_ITEM('',(#2045),#458);
#1863=STYLED_ITEM('',(#2046),#459);
#1864=STYLED_ITEM('',(#2047),#460);
#1865=STYLED_ITEM('',(#2048),#461);
#1866=STYLED_ITEM('',(#2049),#462);
#1867=STYLED_ITEM('',(#2050),#463);
#1868=STYLED_ITEM('',(#2051),#464);
#1869=STYLED_ITEM('',(#2052),#465);
#1870=STYLED_ITEM('',(#2053),#466);
#1871=STYLED_ITEM('',(#2054),#467);
#1872=STYLED_ITEM('',(#2055),#468);
#1873=STYLED_ITEM('',(#2056),#469);
#1874=STYLED_ITEM('',(#2057),#470);
#1875=STYLED_ITEM('',(#2058),#471);
#1876=STYLED_ITEM('',(#2059),#472);
#1877=STYLED_ITEM('',(#2060),#473);
#1878=STYLED_ITEM('',(#2061),#474);
#1879=STYLED_ITEM('',(#2062),#475);
#1880=STYLED_ITEM('',(#2063),#476);
#1881=STYLED_ITEM('',(#2064),#477);
#1882=STYLED_ITEM('',(#2065),#478);
#1883=STYLED_ITEM('',(#2066),#479);
#1884=STYLED_ITEM('',(#2067),#480);
#1885=STYLED_ITEM('',(#2068),#481);
#1886=STYLED_ITEM('',(#2069),#482);
#1887=STYLED_ITEM('',(#2070),#483);
#1888=STYLED_ITEM('',(#2071),#484);
#1889=STYLED_ITEM('',(#2072),#485);
#1890=STYLED_ITEM('',(#2073),#486);
#1891=STYLED_ITEM('',(#2074),#487);
#1892=STYLED_ITEM('',(#2075),#488);
#1893=STYLED_ITEM('',(#2076),#489);
#1894=STYLED_ITEM('',(#2077),#490);
#1895=STYLED_ITEM('',(#2078),#491);
#1896=STYLED_ITEM('',(#2079),#492);
#1897=STYLED_ITEM('',(#2080),#493);
#1898=STYLED_ITEM('',(#2081),#494);
#1899=STYLED_ITEM('',(#2082),#495);
#1900=STYLED_ITEM('',(#2083),#496);
#1901=STYLED_ITEM('',(#2084),#497);
#1902=STYLED_ITEM('',(#2085),#498);
#1903=STYLED_ITEM('',(#2086),#499);
#1904=STYLED_ITEM('',(#2087),#500);
#1905=STYLED_ITEM('',(#2088),#501);
#1906=STYLED_ITEM('',(#2089),#502);
#1907=STYLED_ITEM('',(#2090),#503);
#1908=STYLED_ITEM('',(#2091),#504);
#1909=STYLED_ITEM('',(#2092),#505);
#1910=STYLED_ITEM('',(#2093),#506);
#1911=STYLED_ITEM('',(#2094),#507);
#1912=STYLED_ITEM('',(#2095),#508);
#1913=STYLED_ITEM('',(#2096),#509);
#1914=STYLED_ITEM('',(#2097),#510);
#1915=STYLED_ITEM('',(#2098),#511);
#1916=STYLED_ITEM('',(#2099),#512);
#1917=STYLED_ITEM('',(#2100),#513);
#1918=STYLED_ITEM('',(#2101),#514);
#1919=STYLED_ITEM('',(#2102),#515);
#1920=STYLED_ITEM('',(#2103),#516);
#1921=STYLED_ITEM('',(#2104),#517);
#1922=STYLED_ITEM('',(#2105),#518);
#1923=STYLED_ITEM('',(#2106),#519);
#1924=STYLED_ITEM('',(#2107),#520);
#1925=STYLED_ITEM('',(#2108),#521);
#1926=STYLED_ITEM('',(#2109),#522);
#1927=STYLED_ITEM('',(#2110),#523);
#1928=STYLED_ITEM('',(#2111),#524);
#1929=STYLED_ITEM('',(#2112),#525);
#1930=STYLED_ITEM('',(#2113),#526);
#1931=STYLED_ITEM('',(#2114),#527);
#1932=STYLED_ITEM('',(#2115),#528);
#1933=STYLED_ITEM('',(#2116),#529);
#1934=STYLED_ITEM('',(#2117),#530);
#1935=STYLED_ITEM('',(#2118),#531);
#1936=STYLED_ITEM('',(#2119),#532);
#1937=STYLED_ITEM('',(#2120),#533);
#1938=STYLED_ITEM('',(#2121),#534);
#1939=STYLED_ITEM('',(#2122),#535);
#1940=STYLED_ITEM('',(#2123),#536);
#1941=STYLED_ITEM('',(#2124),#537);
#1942=STYLED_ITEM('',(#2125),#538);
#1943=STYLED_ITEM('',(#2126),#539);
#1944=STYLED_ITEM('',(#2127),#540);
#1945=STYLED_ITEM('',(#2128),#541);
#1946=STYLED_ITEM('',(#2129),#542);
#1947=STYLED_ITEM('',(#2130),#543);
#1948=STYLED_ITEM('',(#2131),#544);
#1949=STYLED_ITEM('',(#2132),#545);
#1950=STYLED_ITEM('',(#2133),#546);
#1951=STYLED_ITEM('',(#2134),#547);
#1952=STYLED_ITEM('',(#2135),#548);
#1953=STYLED_ITEM('',(#2136),#549);
#1954=STYLED_ITEM('',(#2137),#550);
#1955=STYLED_ITEM('',(#2138),#551);
#1956=STYLED_ITEM('',(#2139),#552);
#1957=STYLED_ITEM('',(#2140),#553);
#1958=STYLED_ITEM('',(#2141),#554);
#1959=STYLED_ITEM('',(#2142),#555);
#1960=STYLED_ITEM('',(#2143),#556);
#1961=STYLED_ITEM('',(#2144),#557);
#1962=STYLED_ITEM('',(#2145),#558);
#1963=STYLED_ITEM('',(#2146),#559);
#1964=STYLED_ITEM('',(#2147),#560);
#1965=STYLED_ITEM('',(#2148),#561);
#1966=STYLED_ITEM('',(#2149),#562);
#1967=STYLED_ITEM('',(#2150),#563);
#1968=STYLED_ITEM('',(#2151),#564);
#1969=STYLED_ITEM('',(#2152),#565);
#1970=STYLED_ITEM('',(#2153),#566);
#1971=STYLED_ITEM('',(#2154),#567);
#1972=STYLED_ITEM('',(#2155),#568);
#1973=STYLED_ITEM('',(#2156),#569);
#1974=STYLED_ITEM('',(#2157),#570);
#1975=STYLED_ITEM('',(#2158),#571);
#1976=STYLED_ITEM('',(#2159),#572);
#1977=STYLED_ITEM('',(#2160),#573);
#1978=STYLED_ITEM('',(#2161),#574);
#1979=STYLED_ITEM('',(#2162),#575);
#1980=STYLED_ITEM('',(#2163),#576);
#1981=STYLED_ITEM('',(#2164),#577);
#1982=STYLED_ITEM('',(#2165),#578);
#1983=STYLED_ITEM('',(#2166),#579);
#1984=STYLED_ITEM('',(#2167),#580);
#1985=STYLED_ITEM('',(#2168),#581);
#1986=STYLED_ITEM('',(#2169),#582);
#1987=STYLED_ITEM('',(#2170),#583);
#1988=STYLED_ITEM('',(#2171),#584);
#1989=STYLED_ITEM('',(#2172),#585);
#1990=STYLED_ITEM('',(#2173),#586);
#1991=STYLED_ITEM('',(#2174),#587);
#1992=STYLED_ITEM('',(#2175),#588);
#1993=STYLED_ITEM('',(#2176),#589);
#1994=STYLED_ITEM('',(#2177),#590);
#1995=STYLED_ITEM('',(#2178),#591);
#1996=STYLED_ITEM('',(#2179),#592);
#1997=STYLED_ITEM('',(#2180),#593);
#1998=STYLED_ITEM('',(#2181),#594);
#1999=STYLED_ITEM('',(#2182),#595);
#2000=STYLED_ITEM('',(#2183),#596);
#2001=STYLED_ITEM('',(#2184),#597);
#2002=STYLED_ITEM('',(#2185),#598);
#2003=STYLED_ITEM('',(#2186),#599);
#2004=STYLED_ITEM('',(#2187),#600);
#2005=STYLED_ITEM('',(#2188),#601);
#2006=STYLED_ITEM('',(#2189),#602);
#2007=STYLED_ITEM('',(#2190),#603);
#2008=STYLED_ITEM('',(#2191),#604);
#2009=STYLED_ITEM('',(#2192),#605);
#2010=STYLED_ITEM('',(#2193),#606);
#2011=STYLED_ITEM('',(#2194),#607);
#2012=STYLED_ITEM('',(#2195),#608);
#2013=STYLED_ITEM('',(#2196),#609);
#2014=STYLED_ITEM('',(#2197),#610);
#2015=STYLED_ITEM('',(#2198),#611);
#2016=STYLED_ITEM('',(#2199),#612);
#2017=STYLED_ITEM('',(#2200),#613);
#2018=STYLED_ITEM('',(#2201),#614);
#2019=STYLED_ITEM('',(#2202),#615);
#2020=STYLED_ITEM('',(#2203),#616);
#2021=STYLED_ITEM('',(#2204),#2230);
#2022=STYLED_ITEM('',(#2205),#2231);
#2023=STYLED_ITEM('',(#2206),#2232);
#2024=PRESENTATION_STYLE_ASSIGNMENT((#2207));
#2025=PRESENTATION_STYLE_ASSIGNMENT((#80));
#2026=PRESENTATION_STYLE_ASSIGNMENT((#81));
#2027=PRESENTATION_STYLE_ASSIGNMENT((#82));
#2028=PRESENTATION_STYLE_ASSIGNMENT((#83));
#2029=PRESENTATION_STYLE_ASSIGNMENT((#84));
#2030=PRESENTATION_STYLE_ASSIGNMENT((#85));
#2031=PRESENTATION_STYLE_ASSIGNMENT((#86));
#2032=PRESENTATION_STYLE_ASSIGNMENT((#87));
#2033=PRESENTATION_STYLE_ASSIGNMENT((#88));
#2034=PRESENTATION_STYLE_ASSIGNMENT((#89));
#2035=PRESENTATION_STYLE_ASSIGNMENT((#90));
#2036=PRESENTATION_STYLE_ASSIGNMENT((#91));
#2037=PRESENTATION_STYLE_ASSIGNMENT((#92));
#2038=PRESENTATION_STYLE_ASSIGNMENT((#93));
#2039=PRESENTATION_STYLE_ASSIGNMENT((#94));
#2040=PRESENTATION_STYLE_ASSIGNMENT((#95));
#2041=PRESENTATION_STYLE_ASSIGNMENT((#96));
#2042=PRESENTATION_STYLE_ASSIGNMENT((#97));
#2043=PRESENTATION_STYLE_ASSIGNMENT((#98));
#2044=PRESENTATION_STYLE_ASSIGNMENT((#99));
#2045=PRESENTATION_STYLE_ASSIGNMENT((#100));
#2046=PRESENTATION_STYLE_ASSIGNMENT((#101));
#2047=PRESENTATION_STYLE_ASSIGNMENT((#102));
#2048=PRESENTATION_STYLE_ASSIGNMENT((#103));
#2049=PRESENTATION_STYLE_ASSIGNMENT((#104));
#2050=PRESENTATION_STYLE_ASSIGNMENT((#105));
#2051=PRESENTATION_STYLE_ASSIGNMENT((#106));
#2052=PRESENTATION_STYLE_ASSIGNMENT((#107));
#2053=PRESENTATION_STYLE_ASSIGNMENT((#108));
#2054=PRESENTATION_STYLE_ASSIGNMENT((#109));
#2055=PRESENTATION_STYLE_ASSIGNMENT((#110));
#2056=PRESENTATION_STYLE_ASSIGNMENT((#111));
#2057=PRESENTATION_STYLE_ASSIGNMENT((#112));
#2058=PRESENTATION_STYLE_ASSIGNMENT((#113));
#2059=PRESENTATION_STYLE_ASSIGNMENT((#114));
#2060=PRESENTATION_STYLE_ASSIGNMENT((#115));
#2061=PRESENTATION_STYLE_ASSIGNMENT((#116));
#2062=PRESENTATION_STYLE_ASSIGNMENT((#117));
#2063=PRESENTATION_STYLE_ASSIGNMENT((#118));
#2064=PRESENTATION_STYLE_ASSIGNMENT((#119));
#2065=PRESENTATION_STYLE_ASSIGNMENT((#120));
#2066=PRESENTATION_STYLE_ASSIGNMENT((#121));
#2067=PRESENTATION_STYLE_ASSIGNMENT((#122));
#2068=PRESENTATION_STYLE_ASSIGNMENT((#123));
#2069=PRESENTATION_STYLE_ASSIGNMENT((#124));
#2070=PRESENTATION_STYLE_ASSIGNMENT((#125));
#2071=PRESENTATION_STYLE_ASSIGNMENT((#126));
#2072=PRESENTATION_STYLE_ASSIGNMENT((#127));
#2073=PRESENTATION_STYLE_ASSIGNMENT((#128));
#2074=PRESENTATION_STYLE_ASSIGNMENT((#129));
#2075=PRESENTATION_STYLE_ASSIGNMENT((#130));
#2076=PRESENTATION_STYLE_ASSIGNMENT((#131));
#2077=PRESENTATION_STYLE_ASSIGNMENT((#132));
#2078=PRESENTATION_STYLE_ASSIGNMENT((#133));
#2079=PRESENTATION_STYLE_ASSIGNMENT((#134));
#2080=PRESENTATION_STYLE_ASSIGNMENT((#135));
#2081=PRESENTATION_STYLE_ASSIGNMENT((#136));
#2082=PRESENTATION_STYLE_ASSIGNMENT((#137));
#2083=PRESENTATION_STYLE_ASSIGNMENT((#138));
#2084=PRESENTATION_STYLE_ASSIGNMENT((#139));
#2085=PRESENTATION_STYLE_ASSIGNMENT((#140));
#2086=PRESENTATION_STYLE_ASSIGNMENT((#141));
#2087=PRESENTATION_STYLE_ASSIGNMENT((#142));
#2088=PRESENTATION_STYLE_ASSIGNMENT((#143));
#2089=PRESENTATION_STYLE_ASSIGNMENT((#144));
#2090=PRESENTATION_STYLE_ASSIGNMENT((#145));
#2091=PRESENTATION_STYLE_ASSIGNMENT((#146));
#2092=PRESENTATION_STYLE_ASSIGNMENT((#147));
#2093=PRESENTATION_STYLE_ASSIGNMENT((#148));
#2094=PRESENTATION_STYLE_ASSIGNMENT((#149));
#2095=PRESENTATION_STYLE_ASSIGNMENT((#150));
#2096=PRESENTATION_STYLE_ASSIGNMENT((#151));
#2097=PRESENTATION_STYLE_ASSIGNMENT((#152));
#2098=PRESENTATION_STYLE_ASSIGNMENT((#153));
#2099=PRESENTATION_STYLE_ASSIGNMENT((#154));
#2100=PRESENTATION_STYLE_ASSIGNMENT((#155));
#2101=PRESENTATION_STYLE_ASSIGNMENT((#156));
#2102=PRESENTATION_STYLE_ASSIGNMENT((#157));
#2103=PRESENTATION_STYLE_ASSIGNMENT((#158));
#2104=PRESENTATION_STYLE_ASSIGNMENT((#159));
#2105=PRESENTATION_STYLE_ASSIGNMENT((#160));
#2106=PRESENTATION_STYLE_ASSIGNMENT((#161));
#2107=PRESENTATION_STYLE_ASSIGNMENT((#162));
#2108=PRESENTATION_STYLE_ASSIGNMENT((#163));
#2109=PRESENTATION_STYLE_ASSIGNMENT((#164));
#2110=PRESENTATION_STYLE_ASSIGNMENT((#165));
#2111=PRESENTATION_STYLE_ASSIGNMENT((#166));
#2112=PRESENTATION_STYLE_ASSIGNMENT((#167));
#2113=PRESENTATION_STYLE_ASSIGNMENT((#168));
#2114=PRESENTATION_STYLE_ASSIGNMENT((#169));
#2115=PRESENTATION_STYLE_ASSIGNMENT((#170));
#2116=PRESENTATION_STYLE_ASSIGNMENT((#171));
#2117=PRESENTATION_STYLE_ASSIGNMENT((#172));
#2118=PRESENTATION_STYLE_ASSIGNMENT((#173));
#2119=PRESENTATION_STYLE_ASSIGNMENT((#174));
#2120=PRESENTATION_STYLE_ASSIGNMENT((#175));
#2121=PRESENTATION_STYLE_ASSIGNMENT((#176));
#2122=PRESENTATION_STYLE_ASSIGNMENT((#177));
#2123=PRESENTATION_STYLE_ASSIGNMENT((#178));
#2124=PRESENTATION_STYLE_ASSIGNMENT((#179));
#2125=PRESENTATION_STYLE_ASSIGNMENT((#180));
#2126=PRESENTATION_STYLE_ASSIGNMENT((#181));
#2127=PRESENTATION_STYLE_ASSIGNMENT((#182));
#2128=PRESENTATION_STYLE_ASSIGNMENT((#183));
#2129=PRESENTATION_STYLE_ASSIGNMENT((#184));
#2130=PRESENTATION_STYLE_ASSIGNMENT((#185));
#2131=PRESENTATION_STYLE_ASSIGNMENT((#186));
#2132=PRESENTATION_STYLE_ASSIGNMENT((#187));
#2133=PRESENTATION_STYLE_ASSIGNMENT((#188));
#2134=PRESENTATION_STYLE_ASSIGNMENT((#189));
#2135=PRESENTATION_STYLE_ASSIGNMENT((#190));
#2136=PRESENTATION_STYLE_ASSIGNMENT((#191));
#2137=PRESENTATION_STYLE_ASSIGNMENT((#192));
#2138=PRESENTATION_STYLE_ASSIGNMENT((#193));
#2139=PRESENTATION_STYLE_ASSIGNMENT((#194));
#2140=PRESENTATION_STYLE_ASSIGNMENT((#195));
#2141=PRESENTATION_STYLE_ASSIGNMENT((#196));
#2142=PRESENTATION_STYLE_ASSIGNMENT((#197));
#2143=PRESENTATION_STYLE_ASSIGNMENT((#198));
#2144=PRESENTATION_STYLE_ASSIGNMENT((#199));
#2145=PRESENTATION_STYLE_ASSIGNMENT((#200));
#2146=PRESENTATION_STYLE_ASSIGNMENT((#201));
#2147=PRESENTATION_STYLE_ASSIGNMENT((#202));
#2148=PRESENTATION_STYLE_ASSIGNMENT((#203));
#2149=PRESENTATION_STYLE_ASSIGNMENT((#204));
#2150=PRESENTATION_STYLE_ASSIGNMENT((#205));
#2151=PRESENTATION_STYLE_ASSIGNMENT((#206));
#2152=PRESENTATION_STYLE_ASSIGNMENT((#207));
#2153=PRESENTATION_STYLE_ASSIGNMENT((#208));
#2154=PRESENTATION_STYLE_ASSIGNMENT((#209));
#2155=PRESENTATION_STYLE_ASSIGNMENT((#210));
#2156=PRESENTATION_STYLE_ASSIGNMENT((#211));
#2157=PRESENTATION_STYLE_ASSIGNMENT((#212));
#2158=PRESENTATION_STYLE_ASSIGNMENT((#213));
#2159=PRESENTATION_STYLE_ASSIGNMENT((#214));
#2160=PRESENTATION_STYLE_ASSIGNMENT((#215));
#2161=PRESENTATION_STYLE_ASSIGNMENT((#216));
#2162=PRESENTATION_STYLE_ASSIGNMENT((#217));
#2163=PRESENTATION_STYLE_ASSIGNMENT((#218));
#2164=PRESENTATION_STYLE_ASSIGNMENT((#219));
#2165=PRESENTATION_STYLE_ASSIGNMENT((#220));
#2166=PRESENTATION_STYLE_ASSIGNMENT((#221));
#2167=PRESENTATION_STYLE_ASSIGNMENT((#222));
#2168=PRESENTATION_STYLE_ASSIGNMENT((#223));
#2169=PRESENTATION_STYLE_ASSIGNMENT((#224));
#2170=PRESENTATION_STYLE_ASSIGNMENT((#225));
#2171=PRESENTATION_STYLE_ASSIGNMENT((#226));
#2172=PRESENTATION_STYLE_ASSIGNMENT((#227));
#2173=PRESENTATION_STYLE_ASSIGNMENT((#228));
#2174=PRESENTATION_STYLE_ASSIGNMENT((#229));
#2175=PRESENTATION_STYLE_ASSIGNMENT((#230));
#2176=PRESENTATION_STYLE_ASSIGNMENT((#231));
#2177=PRESENTATION_STYLE_ASSIGNMENT((#232));
#2178=PRESENTATION_STYLE_ASSIGNMENT((#233));
#2179=PRESENTATION_STYLE_ASSIGNMENT((#234));
#2180=PRESENTATION_STYLE_ASSIGNMENT((#235));
#2181=PRESENTATION_STYLE_ASSIGNMENT((#236));
#2182=PRESENTATION_STYLE_ASSIGNMENT((#237));
#2183=PRESENTATION_STYLE_ASSIGNMENT((#238));
#2184=PRESENTATION_STYLE_ASSIGNMENT((#239));
#2185=PRESENTATION_STYLE_ASSIGNMENT((#240));
#2186=PRESENTATION_STYLE_ASSIGNMENT((#241));
#2187=PRESENTATION_STYLE_ASSIGNMENT((#242));
#2188=PRESENTATION_STYLE_ASSIGNMENT((#243));
#2189=PRESENTATION_STYLE_ASSIGNMENT((#244));
#2190=PRESENTATION_STYLE_ASSIGNMENT((#245));
#2191=PRESENTATION_STYLE_ASSIGNMENT((#246));
#2192=PRESENTATION_STYLE_ASSIGNMENT((#247));
#2193=PRESENTATION_STYLE_ASSIGNMENT((#248));
#2194=PRESENTATION_STYLE_ASSIGNMENT((#249));
#2195=PRESENTATION_STYLE_ASSIGNMENT((#250));
#2196=PRESENTATION_STYLE_ASSIGNMENT((#251));
#2197=PRESENTATION_STYLE_ASSIGNMENT((#252));
#2198=PRESENTATION_STYLE_ASSIGNMENT((#253));
#2199=PRESENTATION_STYLE_ASSIGNMENT((#254));
#2200=PRESENTATION_STYLE_ASSIGNMENT((#255));
#2201=PRESENTATION_STYLE_ASSIGNMENT((#256));
#2202=PRESENTATION_STYLE_ASSIGNMENT((#257));
#2203=PRESENTATION_STYLE_ASSIGNMENT((#258));
#2204=PRESENTATION_STYLE_ASSIGNMENT((#2208));
#2205=PRESENTATION_STYLE_ASSIGNMENT((#2209));
#2206=PRESENTATION_STYLE_ASSIGNMENT((#2210));
#2207=SURFACE_STYLE_USAGE(.BOTH.,#2211);
#2208=SURFACE_STYLE_USAGE(.BOTH.,#2212);
#2209=SURFACE_STYLE_USAGE(.BOTH.,#2213);
#2210=SURFACE_STYLE_USAGE(.BOTH.,#2214);
#2211=SURFACE_SIDE_STYLE('',(#2215));
#2212=SURFACE_SIDE_STYLE('',(#2216));
#2213=SURFACE_SIDE_STYLE('',(#2217));
#2214=SURFACE_SIDE_STYLE('',(#2218));
#2215=SURFACE_STYLE_FILL_AREA(#2219);
#2216=SURFACE_STYLE_FILL_AREA(#2220);
#2217=SURFACE_STYLE_FILL_AREA(#2221);
#2218=SURFACE_STYLE_FILL_AREA(#2222);
#2219=FILL_AREA_STYLE('',(#2223));
#2220=FILL_AREA_STYLE('',(#2224));
#2221=FILL_AREA_STYLE('',(#2225));
#2222=FILL_AREA_STYLE('',(#2226));
#2223=FILL_AREA_STYLE_COLOUR('',#2227);
#2224=FILL_AREA_STYLE_COLOUR('',#2227);
#2225=FILL_AREA_STYLE_COLOUR('',#2227);
#2226=FILL_AREA_STYLE_COLOUR('',#2227);
#2227=COLOUR_RGB('',0.596078431372549,0.788235294117647,0.92156862745098);
#2228=COLOUR_RGB('',0.301960796117783,0.427450984716415,0.701960802078247);
#2229=MANIFOLD_SOLID_BREP('Part 1',#1837);
#2230=MANIFOLD_SOLID_BREP('Part 1',#1838);
#2231=MANIFOLD_SOLID_BREP('Part 1',#1839);
#2232=MANIFOLD_SOLID_BREP('Part 1',#1840);
#2233=SHAPE_DEFINITION_REPRESENTATION(#7571,#2234);
#2234=SHAPE_REPRESENTATION('Thin Hull_00200 Allocation',(#2235),#7563);
#2235=AXIS2_PLACEMENT_3D('',#2672,#2315,#2316);
#2236=AXIS2_PLACEMENT_3D('',#2859,#2317,#2318);
#2237=AXIS2_PLACEMENT_3D('',#2862,#2321,#2322);
#2238=AXIS2_PLACEMENT_3D('',#2864,#2324,#2325);
#2239=AXIS2_PLACEMENT_3D('',#2866,#2327,#2328);
#2240=AXIS2_PLACEMENT_3D('',#2868,#2330,#2331);
#2241=AXIS2_PLACEMENT_3D('',#2870,#2333,#2334);
#2242=AXIS2_PLACEMENT_3D('',#2872,#2336,#2337);
#2243=AXIS2_PLACEMENT_3D('',#2874,#2339,#2340);
#2244=AXIS2_PLACEMENT_3D('',#2875,#2341,#2342);
#2245=AXIS2_PLACEMENT_3D('',#2881,#2346,#2347);
#2246=AXIS2_PLACEMENT_3D('',#2885,#2350,#2351);
#2247=AXIS2_PLACEMENT_3D('',#2889,#2354,#2355);
#2248=AXIS2_PLACEMENT_3D('',#2891,#2357,#2358);
#2249=AXIS2_PLACEMENT_3D('',#2892,#2359,#2360);
#2250=AXIS2_PLACEMENT_3D('',#2894,#2362,#2363);
#2251=AXIS2_PLACEMENT_3D('',#2896,#2365,#2366);
#2252=AXIS2_PLACEMENT_3D('',#2898,#2368,#2369);
#2253=AXIS2_PLACEMENT_3D('',#2906,#2377,#2378);
#2254=AXIS2_PLACEMENT_3D('',#2908,#2380,#2381);
#2255=AXIS2_PLACEMENT_3D('',#2910,#2383,#2384);
#2256=AXIS2_PLACEMENT_3D('',#2912,#2386,#2387);
#2257=AXIS2_PLACEMENT_3D('',#2929,#2404,#2405);
#2258=AXIS2_PLACEMENT_3D('',#2930,#2406,#2407);
#2259=AXIS2_PLACEMENT_3D('',#2931,#2408,#2409);
#2260=AXIS2_PLACEMENT_3D('',#3008,#2486,#2487);
#2261=AXIS2_PLACEMENT_3D('',#3031,#2510,#2511);
#2262=AXIS2_PLACEMENT_3D('',#3032,#2512,#2513);
#2263=AXIS2_PLACEMENT_3D('',#3035,#2516,#2517);
#2264=AXIS2_PLACEMENT_3D('',#3037,#2519,#2520);
#2265=AXIS2_PLACEMENT_3D('',#3039,#2522,#2523);
#2266=AXIS2_PLACEMENT_3D('',#3041,#2525,#2526);
#2267=AXIS2_PLACEMENT_3D('',#3044,#2529,#2530);
#2268=AXIS2_PLACEMENT_3D('',#3046,#2532,#2533);
#2269=AXIS2_PLACEMENT_3D('',#3048,#2535,#2536);
#2270=AXIS2_PLACEMENT_3D('',#3050,#2538,#2539);
#2271=AXIS2_PLACEMENT_3D('',#3521,#2560,#2561);
#2272=AXIS2_PLACEMENT_3D('',#5026,#2562,#2563);
#2273=AXIS2_PLACEMENT_3D('',#5043,#2566,#2567);
#2274=AXIS2_PLACEMENT_3D('',#5054,#2569,#2570);
#2275=AXIS2_PLACEMENT_3D('',#5070,#2572,#2573);
#2276=AXIS2_PLACEMENT_3D('',#5080,#2575,#2576);
#2277=AXIS2_PLACEMENT_3D('',#5099,#2578,#2579);
#2278=AXIS2_PLACEMENT_3D('',#5112,#2581,#2582);
#2279=AXIS2_PLACEMENT_3D('',#5128,#2584,#2585);
#2280=AXIS2_PLACEMENT_3D('',#7503,#2586,#2587);
#2281=AXIS2_PLACEMENT_3D('',#7504,#2588,#2589);
#2282=AXIS2_PLACEMENT_3D('',#7505,#2590,#2591);
#2283=AXIS2_PLACEMENT_3D('',#7506,#2592,#2593);
#2284=AXIS2_PLACEMENT_3D('',#7509,#2596,#2597);
#2285=AXIS2_PLACEMENT_3D('',#7511,#2599,#2600);
#2286=AXIS2_PLACEMENT_3D('',#7513,#2602,#2603);
#2287=AXIS2_PLACEMENT_3D('',#7515,#2605,#2606);
#2288=AXIS2_PLACEMENT_3D('',#7517,#2608,#2609);
#2289=AXIS2_PLACEMENT_3D('',#7519,#2611,#2612);
#2290=AXIS2_PLACEMENT_3D('',#7521,#2614,#2615);
#2291=AXIS2_PLACEMENT_3D('',#7522,#2616,#2617);
#2292=AXIS2_PLACEMENT_3D('',#7525,#2620,#2621);
#2293=AXIS2_PLACEMENT_3D('',#7527,#2623,#2624);
#2294=AXIS2_PLACEMENT_3D('',#7529,#2626,#2627);
#2295=AXIS2_PLACEMENT_3D('',#7531,#2629,#2630);
#2296=AXIS2_PLACEMENT_3D('',#7533,#2632,#2633);
#2297=AXIS2_PLACEMENT_3D('',#7535,#2635,#2636);
#2298=AXIS2_PLACEMENT_3D('',#7537,#2638,#2639);
#2299=AXIS2_PLACEMENT_3D('',#7538,#2640,#2641);
#2300=AXIS2_PLACEMENT_3D('',#7540,#2642,#2643);
#2301=AXIS2_PLACEMENT_3D('',#7541,#2644,#2645);
#2302=AXIS2_PLACEMENT_3D('',#7543,#2646,#2647);
#2303=AXIS2_PLACEMENT_3D('',#7544,#2648,#2649);
#2304=AXIS2_PLACEMENT_3D('',#7546,#2650,#2651);
#2305=AXIS2_PLACEMENT_3D('',#7547,#2652,#2653);
#2306=AXIS2_PLACEMENT_3D('',#7549,#2654,#2655);
#2307=AXIS2_PLACEMENT_3D('',#7550,#2656,#2657);
#2308=AXIS2_PLACEMENT_3D('',#7552,#2658,#2659);
#2309=AXIS2_PLACEMENT_3D('',#7553,#2660,#2661);
#2310=AXIS2_PLACEMENT_3D('',#7555,#2662,#2663);
#2311=AXIS2_PLACEMENT_3D('',#7556,#2664,#2665);
#2312=AXIS2_PLACEMENT_3D('',#7558,#2666,#2667);
#2313=AXIS2_PLACEMENT_3D('',#7559,#2668,#2669);
#2314=AXIS2_PLACEMENT_3D('',#7561,#2670,#2671);
#2315=DIRECTION('',(0.,0.,1.));
#2316=DIRECTION('',(1.,0.,0.));
#2317=DIRECTION('',(0.,0.,-1.));
#2318=DIRECTION('',(-1.,0.,0.));
#2319=DIRECTION('',(0.,0.,-1.));
#2320=DIRECTION('',(0.,0.,-1.));
#2321=DIRECTION('',(0.,-1.,0.));
#2322=DIRECTION('',(0.,0.,-1.));
#2323=DIRECTION('',(0.,0.,-1.));
#2324=DIRECTION('',(0.,0.,-1.));
#2325=DIRECTION('',(-1.,0.,0.));
#2326=DIRECTION('',(0.,0.,-1.));
#2327=DIRECTION('',(1.,-1.4569855965547E-15,0.));
#2328=DIRECTION('',(1.4569855965547E-15,1.,0.));
#2329=DIRECTION('',(0.,0.,-1.));
#2330=DIRECTION('',(0.,0.,-1.));
#2331=DIRECTION('',(-1.,0.,0.));
#2332=DIRECTION('',(0.,0.,-1.));
#2333=DIRECTION('',(0.,1.,0.));
#2334=DIRECTION('',(0.,0.,1.));
#2335=DIRECTION('',(0.,0.,-1.));
#2336=DIRECTION('',(0.,0.,-1.));
#2337=DIRECTION('',(-1.,0.,0.));
#2338=DIRECTION('',(0.,0.,-1.));
#2339=DIRECTION('',(-1.,1.45698559658782E-15,0.));
#2340=DIRECTION('',(-1.45698559658782E-15,-1.,0.));
#2341=DIRECTION('',(0.,-1.,0.));
#2342=DIRECTION('',(0.,0.,-1.));
#2343=DIRECTION('',(0.,0.,-1.));
#2344=DIRECTION('',(0.,0.,-1.));
#2345=DIRECTION('',(-1.,0.,0.));
#2346=DIRECTION('',(1.,-1.36592399683213E-15,0.));
#2347=DIRECTION('',(1.36592399683213E-15,1.,0.));
#2348=DIRECTION('',(0.,0.,-1.));
#2349=DIRECTION('',(-1.36592399683213E-15,-1.,0.));
#2350=DIRECTION('',(-1.,1.36592399683213E-15,0.));
#2351=DIRECTION('',(-1.36592399683213E-15,-1.,0.));
#2352=DIRECTION('',(0.,0.,-1.));
#2353=DIRECTION('',(1.36592399683213E-15,1.,0.));
#2354=DIRECTION('',(0.,0.,1.));
#2355=DIRECTION('',(1.,0.,0.));
#2356=DIRECTION('',(1.,0.,0.));
#2357=DIRECTION('',(0.,1.,0.));
#2358=DIRECTION('',(0.,0.,1.));
#2359=DIRECTION('',(0.,0.,1.));
#2360=DIRECTION('',(3.1347473636475E-15,-1.,0.));
#2361=DIRECTION('',(1.,0.,0.));
#2362=DIRECTION('',(0.,0.,1.));
#2363=DIRECTION('',(-1.,6.45273115985825E-11,0.));
#2364=DIRECTION('',(-1.48029736616702E-15,-1.,0.));
#2365=DIRECTION('',(0.,0.,1.));
#2366=DIRECTION('',(6.44464351165984E-11,1.,0.));
#2367=DIRECTION('',(-1.,0.,0.));
#2368=DIRECTION('',(0.,0.,1.));
#2369=DIRECTION('',(1.,-6.68746104244818E-14,0.));
#2370=DIRECTION('',(1.48029736616702E-15,1.,0.));
#2371=DIRECTION('',(0.707106781186548,0.707106781186547,0.));
#2372=DIRECTION('',(-1.33226762955019E-15,-1.,0.));
#2373=DIRECTION('',(-1.,0.,0.));
#2374=DIRECTION('',(1.38777878078145E-15,1.,0.));
#2375=DIRECTION('',(1.,0.,0.));
#2376=DIRECTION('',(0.707106781186548,0.707106781186547,0.));
#2377=DIRECTION('',(0.,0.,1.));
#2378=DIRECTION('',(-1.,-3.55271367880045E-14,0.));
#2379=DIRECTION('',(-1.48029736613322E-15,-1.,0.));
#2380=DIRECTION('',(0.,0.,1.));
#2381=DIRECTION('',(-2.46469511466782E-14,1.,0.));
#2382=DIRECTION('',(-1.,0.,0.));
#2383=DIRECTION('',(0.,0.,1.));
#2384=DIRECTION('',(1.,2.48689957516031E-14,0.));
#2385=DIRECTION('',(1.48029736609958E-15,1.,0.));
#2386=DIRECTION('',(0.,0.,1.));
#2387=DIRECTION('',(1.31006316905768E-14,-1.,0.));
#2388=DIRECTION('',(1.,0.,0.));
#2389=DIRECTION('',(1.21115239050017E-15,1.,0.));
#2390=DIRECTION('',(-3.74371979056397E-15,-1.,0.));
#2391=DIRECTION('',(1.40701531833683E-15,1.,0.));
#2392=DIRECTION('',(0.,-1.90323947078598E-15,-1.));
#2393=DIRECTION('',(0.,-1.93157248556144E-15,-1.));
#2394=DIRECTION('',(0.,3.15796771448933E-15,1.));
#2395=DIRECTION('',(0.,1.,0.));
#2396=DIRECTION('',(0.,-2.18628534080031E-15,-1.));
#2397=DIRECTION('',(0.,-3.5527136788005E-15,-1.));
#2398=DIRECTION('',(0.,1.,0.));
#2399=DIRECTION('',(0.,0.707106781186548,0.707106781186547));
#2400=DIRECTION('',(0.,-1.1842378929335E-15,-1.));
#2401=DIRECTION('',(0.,-1.,0.));
#2402=DIRECTION('',(0.,1.1842378929335E-15,1.));
#2403=DIRECTION('',(0.,1.,0.));
#2404=DIRECTION('',(1.,0.,0.));
#2405=DIRECTION('',(0.,1.,-2.91433543964104E-16));
#2406=DIRECTION('',(1.,0.,0.));
#2407=DIRECTION('',(0.,1.,-3.7470027081099E-16));
#2408=DIRECTION('',(-2.57719176875049E-20,9.84334936025904E-19,1.));
#2409=DIRECTION('',(1.,2.5368198948195E-38,2.57719176875049E-20));
#2410=DIRECTION('',(0.,1.,0.));
#2411=DIRECTION('',(-1.,0.,0.));
#2412=DIRECTION('',(0.,-1.,0.));
#2413=DIRECTION('',(1.,0.,0.));
#2414=DIRECTION('',(0.,1.,0.));
#2415=DIRECTION('',(-1.,0.,0.));
#2416=DIRECTION('',(0.,-1.,0.));
#2417=DIRECTION('',(1.,0.,0.));
#2418=DIRECTION('',(0.,-1.,0.));
#2419=DIRECTION('',(1.,0.,0.));
#2420=DIRECTION('',(0.,1.,0.));
#2421=DIRECTION('',(-1.,0.,0.));
#2422=DIRECTION('',(0.,1.,0.));
#2423=DIRECTION('',(-1.,0.,0.));
#2424=DIRECTION('',(0.,-1.,0.));
#2425=DIRECTION('',(1.,0.,0.));
#2426=DIRECTION('',(0.707106781186548,0.707106781186547,0.));
#2427=DIRECTION('',(-1.1842378929335E-15,-1.,0.));
#2428=DIRECTION('',(-1.,0.,0.));
#2429=DIRECTION('',(1.1842378929335E-15,1.,0.));
#2430=DIRECTION('',(1.,0.,0.));
#2431=DIRECTION('',(1.,0.,0.));
#2432=DIRECTION('',(1.,0.,0.));
#2433=DIRECTION('',(0.948683298050514,-0.316227766016838,0.));
#2434=DIRECTION('',(-1.,0.,0.));
#2435=DIRECTION('',(-1.77635683940025E-15,1.,0.));
#2436=DIRECTION('',(-0.948683298050514,-0.316227766016838,0.));
#2437=DIRECTION('',(1.,0.,0.));
#2438=DIRECTION('',(1.77635683940025E-15,1.,0.));
#2439=DIRECTION('',(-1.,0.,0.));
#2440=DIRECTION('',(-1.77635683940025E-15,-1.,0.));
#2441=DIRECTION('',(-1.,0.,0.));
#2442=DIRECTION('',(0.,1.,0.));
#2443=DIRECTION('',(1.,0.,0.));
#2444=DIRECTION('',(0.,-1.,0.));
#2445=DIRECTION('',(-1.,0.,0.));
#2446=DIRECTION('',(1.,0.,0.));
#2447=DIRECTION('',(-1.,-3.22973970800046E-16,0.));
#2448=DIRECTION('',(-0.768221279597369,-0.640184399664488,0.));
#2449=DIRECTION('',(1.,5.9211894646675E-16,0.));
#2450=DIRECTION('',(-2.84217094304038E-15,1.,0.));
#2451=DIRECTION('',(-1.,0.,0.));
#2452=DIRECTION('',(2.30926389122033E-15,-1.,0.));
#2453=DIRECTION('',(0.768221279597374,-0.640184399664482,0.));
#2454=DIRECTION('',(-1.,5.9211894646675E-16,0.));
#2455=DIRECTION('',(2.84217094304038E-15,1.,0.));
#2456=DIRECTION('',(1.,0.,0.));
#2457=DIRECTION('',(-2.1316282072803E-15,-1.,0.));
#2458=DIRECTION('',(0.,1.1842378929335E-15,-1.));
#2459=DIRECTION('',(0.,-1.1842378929335E-15,-1.));
#2460=DIRECTION('',(0.,1.1842378929335E-15,1.));
#2461=DIRECTION('',(0.,-1.,0.));
#2462=DIRECTION('',(0.,0.316227766016837,-0.948683298050514));
#2463=DIRECTION('',(0.,0.316227766016837,0.948683298050514));
#2464=DIRECTION('',(0.,1.1842378929335E-15,-1.));
#2465=DIRECTION('',(0.,-1.,0.));
#2466=DIRECTION('',(0.,-1.1842378929335E-15,1.));
#2467=DIRECTION('',(0.,1.,0.));
#2468=DIRECTION('',(0.,1.1842378929335E-15,1.));
#2469=DIRECTION('',(0.,0.,-1.));
#2470=DIRECTION('',(0.,1.,0.));
#2471=DIRECTION('',(0.,0.,1.));
#2472=DIRECTION('',(0.,-1.,0.));
#2473=DIRECTION('',(0.,1.1842378929335E-15,1.));
#2474=DIRECTION('',(1.,0.,0.));
#2475=DIRECTION('',(0.,-3.22973970800046E-16,-1.));
#2476=DIRECTION('',(0.,-1.,2.1316282072803E-15));
#2477=DIRECTION('',(0.,0.640184399664474,-0.768221279597381));
#2478=DIRECTION('',(0.,-4.14483262526726E-15,-1.));
#2479=DIRECTION('',(0.,1.,-2.1316282072803E-15));
#2480=DIRECTION('',(0.,4.14483262526725E-15,1.));
#2481=DIRECTION('',(0.,0.640184399664475,0.76822127959738));
#2482=DIRECTION('',(0.,2.368475785867E-15,-1.));
#2483=DIRECTION('',(0.,-1.,0.));
#2484=DIRECTION('',(0.,-2.368475785867E-15,1.));
#2485=DIRECTION('',(0.,1.,0.));
#2486=DIRECTION('',(1.,0.,0.));
#2487=DIRECTION('',(0.,1.,-1.33689355881946E-15));
#2488=DIRECTION('',(0.,0.,1.));
#2489=DIRECTION('',(0.,-1.,0.));
#2490=DIRECTION('',(0.,0.,-1.));
#2491=DIRECTION('',(0.,1.,0.));
#2492=DIRECTION('',(0.,1.,0.));
#2493=DIRECTION('',(0.,-3.65232247353323E-15,-1.));
#2494=DIRECTION('',(0.,0.852437859071468,-0.522828553563835));
#2495=DIRECTION('',(0.,-1.1584935909132E-15,1.));
#2496=DIRECTION('',(0.,-1.,0.));
#2497=DIRECTION('',(0.,1.5446581212176E-15,-1.));
#2498=DIRECTION('',(0.,1.,0.));
#2499=DIRECTION('',(0.,-1.930822651522E-15,-1.));
#2500=DIRECTION('',(0.,-3.86164530304401E-15,1.));
#2501=DIRECTION('',(0.,1.61486985400023E-15,1.));
#2502=DIRECTION('',(0.,3.86164530304402E-16,1.));
#2503=DIRECTION('',(0.,1.,0.));
#2504=DIRECTION('',(0.,1.5446581212176E-15,-1.));
#2505=DIRECTION('',(0.707106781186548,-0.707106781186547,0.));
#2506=DIRECTION('',(-3.46389583683049E-15,1.,0.));
#2507=DIRECTION('',(-1.,0.,0.));
#2508=DIRECTION('',(1.59872115546023E-15,-1.,0.));
#2509=DIRECTION('',(1.,0.,0.));
#2510=DIRECTION('',(-5.15438353750093E-20,1.96866987205181E-18,1.));
#2511=DIRECTION('',(1.,-5.9211894646675E-16,5.15438353750105E-20));
#2512=DIRECTION('',(-4.1235068300008E-20,1.57493589764145E-18,1.));
#2513=DIRECTION('',(1.,-4.736951571734E-16,4.12350683000087E-20));
#2514=DIRECTION('',(1.06165076729781E-16,7.105427357601E-16,1.));
#2515=DIRECTION('',(1.73472347597681E-17,-3.5527136788005E-15,-1.));
#2516=DIRECTION('',(1.,0.,0.));
#2517=DIRECTION('',(0.,1.16006977266955E-15,1.));
#2518=DIRECTION('',(0.,-1.,0.));
#2519=DIRECTION('',(1.,1.34220381275541E-31,3.31349163189752E-31));
#2520=DIRECTION('',(-1.34220381275543E-31,1.,7.25043607918468E-15));
#2521=DIRECTION('',(0.,1.77635683937753E-15,1.));
#2522=DIRECTION('',(1.,6.62698326379497E-31,-2.68440762551076E-31));
#2523=DIRECTION('',(-2.6844076255108E-31,5.80034886334775E-15,-1.));
#2524=DIRECTION('',(0.,1.,0.));
#2525=DIRECTION('',(1.,0.,0.));
#2526=DIRECTION('',(0.,-1.,-2.75516571009018E-15));
#2527=DIRECTION('',(-2.77555756154513E-17,-1.11022302461805E-15,-1.));
#2528=DIRECTION('',(0.,0.906183139995266,0.422885465331124));
#2529=DIRECTION('',(1.,0.,0.));
#2530=DIRECTION('',(0.,-1.,1.34707060321186E-14));
#2531=DIRECTION('',(0.,-1.1379786002335E-15,-1.));
#2532=DIRECTION('',(1.,8.22100291615926E-31,-2.85393588351087E-31));
#2533=DIRECTION('',(2.85393588351088E-31,-2.96059473233375E-16,1.));
#2534=DIRECTION('',(0.,-1.,0.));
#2535=DIRECTION('',(1.,1.37016639218779E-31,3.38252270756201E-31));
#2536=DIRECTION('',(-1.3701663921878E-31,1.,3.25665420556712E-15));
#2537=DIRECTION('',(0.,1.77635683937753E-15,1.));
#2538=DIRECTION('',(1.,6.76504541512383E-31,-2.74033278437554E-31));
#2539=DIRECTION('',(-2.74033278437536E-31,-2.72374715374707E-14,-1.));
#2540=DIRECTION('',(0.,1.,0.));
#2541=DIRECTION('',(-1.,0.,0.));
#2542=DIRECTION('',(1.,0.,0.));
#2543=DIRECTION('',(0.,1.,0.));
#2544=DIRECTION('',(0.,-1.,2.34286796312639E-15));
#2545=DIRECTION('',(0.,-1.,2.44249065417534E-15));
#2546=DIRECTION('',(0.,-1.,-5.55111512312578E-16));
#2547=DIRECTION('',(0.,-1.,-6.66133814775095E-16));
#2548=DIRECTION('',(0.,-1.,1.01076554533582E-15));
#2549=DIRECTION('',(0.,1.,0.));
#2550=DIRECTION('',(0.,1.,0.));
#2551=DIRECTION('',(-1.96005385927235E-15,-1.,0.));
#2552=DIRECTION('',(5.55111512312594E-17,-1.,0.));
#2553=DIRECTION('',(3.98134005850208E-15,-1.,0.));
#2554=DIRECTION('',(1.22464679914735E-16,-1.,0.));
#2555=DIRECTION('',(-4.69654266552016E-16,-1.,0.));
#2556=DIRECTION('',(0.,-1.,2.51303607553174E-15));
#2557=DIRECTION('',(4.95635278850516E-19,-1.,2.24274963679859E-15));
#2558=DIRECTION('',(0.,1.,0.));
#2559=DIRECTION('',(1.22464679914735E-16,-1.,0.));
#2560=DIRECTION('',(0.,1.,1.17145536458252E-15));
#2561=DIRECTION('',(0.,-1.17145536458252E-15,1.));
#2562=DIRECTION('',(-0.0268652236078497,0.161689465854623,-0.986475938070537));
#2563=DIRECTION('',(-0.986475938070537,-0.163906142678832,-3.73312492030209E-15));
#2564=DIRECTION('',(-0.0268652236078497,0.161689465854623,-0.986475938070537));
#2565=DIRECTION('',(-0.0268652236078497,0.161689465854623,-0.986475938070537));
#2566=DIRECTION('',(0.161689465854624,-0.973134776392147,-0.16390614267883));
#2567=DIRECTION('',(0.986475938070538,0.163906142678831,3.54702189932043E-15));
#2568=DIRECTION('',(-0.0268652236078497,0.161689465854623,-0.986475938070537));
#2569=DIRECTION('',(-0.0268652236078497,0.161689465854623,-0.986475938070537));
#2570=DIRECTION('',(-0.986475938070537,-0.163906142678832,-3.73312492030209E-15));
#2571=DIRECTION('',(-0.0268652236078497,0.161689465854623,-0.986475938070537));
#2572=DIRECTION('',(0.986475938070537,0.163906142678832,3.73312492030209E-15));
#2573=DIRECTION('',(-0.0268652236078497,0.161689465854623,-0.986475938070537));
#2574=DIRECTION('',(-0.0268652236078497,0.161689465854623,-0.986475938070537));
#2575=DIRECTION('',(-0.0268652236078497,0.161689465854623,-0.986475938070537));
#2576=DIRECTION('',(-0.986475938070537,-0.163906142678832,-3.73312492030209E-15));
#2577=DIRECTION('',(-0.0268652236078497,0.161689465854623,-0.986475938070537));
#2578=DIRECTION('',(-0.161689465854622,0.973134776392147,0.16390614267883));
#2579=DIRECTION('',(-0.986475938070538,-0.16390614267883,-3.37491158668554E-15));
#2580=DIRECTION('',(-0.0268652236078497,0.161689465854623,-0.986475938070537));
#2581=DIRECTION('',(-0.0268652236078497,0.161689465854623,-0.986475938070537));
#2582=DIRECTION('',(-0.986475938070537,-0.163906142678832,-3.73312492030209E-15));
#2583=DIRECTION('',(-0.0268652236078497,0.161689465854623,-0.986475938070537));
#2584=DIRECTION('',(-0.986475938070537,-0.163906142678832,-3.73312492030209E-15));
#2585=DIRECTION('',(0.0268652236078497,-0.161689465854623,0.986475938070537));
#2586=DIRECTION('',(0.,-1.,0.));
#2587=DIRECTION('',(0.,0.,-1.));
#2588=DIRECTION('',(0.,1.,1.17145536458252E-15));
#2589=DIRECTION('',(0.,-1.17145536458252E-15,1.));
#2590=DIRECTION('',(0.,-1.,0.));
#2591=DIRECTION('',(0.,0.,-1.));
#2592=DIRECTION('',(0.,0.,-1.));
#2593=DIRECTION('',(-1.,0.,0.));
#2594=DIRECTION('',(-1.,0.,0.));
#2595=DIRECTION('',(-1.,0.,0.));
#2596=DIRECTION('',(-1.,0.,0.));
#2597=DIRECTION('',(0.,0.,1.));
#2598=DIRECTION('',(-1.,0.,0.));
#2599=DIRECTION('',(0.,1.,-1.10981324741901E-15));
#2600=DIRECTION('',(0.,1.10981324741901E-15,1.));
#2601=DIRECTION('',(-1.,0.,0.));
#2602=DIRECTION('',(-1.,0.,0.));
#2603=DIRECTION('',(0.,0.,1.));
#2604=DIRECTION('',(-1.,0.,0.));
#2605=DIRECTION('',(0.,0.,1.));
#2606=DIRECTION('',(1.,0.,0.));
#2607=DIRECTION('',(-1.,0.,0.));
#2608=DIRECTION('',(-1.,0.,0.));
#2609=DIRECTION('',(0.,0.,1.));
#2610=DIRECTION('',(-1.,0.,0.));
#2611=DIRECTION('',(0.,-1.,1.6391087961776E-15));
#2612=DIRECTION('',(0.,-1.6391087961776E-15,-1.));
#2613=DIRECTION('',(-1.,0.,0.));
#2614=DIRECTION('',(-1.,0.,0.));
#2615=DIRECTION('',(0.,0.,1.));
#2616=DIRECTION('',(1.,-1.45698559662108E-15,0.));
#2617=DIRECTION('',(1.45698559662108E-15,1.,0.));
#2618=DIRECTION('',(0.,0.,-1.));
#2619=DIRECTION('',(0.,0.,-1.));
#2620=DIRECTION('',(0.,0.,-1.));
#2621=DIRECTION('',(-1.,0.,0.));
#2622=DIRECTION('',(0.,0.,-1.));
#2623=DIRECTION('',(0.,1.,0.));
#2624=DIRECTION('',(0.,0.,1.));
#2625=DIRECTION('',(0.,0.,-1.));
#2626=DIRECTION('',(0.,0.,-1.));
#2627=DIRECTION('',(-1.,0.,0.));
#2628=DIRECTION('',(0.,0.,-1.));
#2629=DIRECTION('',(-1.,1.45698559662108E-15,0.));
#2630=DIRECTION('',(-1.45698559662108E-15,-1.,0.));
#2631=DIRECTION('',(0.,0.,-1.));
#2632=DIRECTION('',(0.,0.,-1.));
#2633=DIRECTION('',(-1.,0.,0.));
#2634=DIRECTION('',(0.,0.,-1.));
#2635=DIRECTION('',(0.,-1.,0.));
#2636=DIRECTION('',(0.,0.,-1.));
#2637=DIRECTION('',(0.,0.,-1.));
#2638=DIRECTION('',(0.,0.,-1.));
#2639=DIRECTION('',(-1.,0.,0.));
#2640=DIRECTION('',(0.,0.,-1.));
#2641=DIRECTION('',(-1.,0.,0.));
#2642=DIRECTION('',(0.,0.,1.));
#2643=DIRECTION('',(1.,0.,0.));
#2644=DIRECTION('',(0.,1.,0.));
#2645=DIRECTION('',(-1.,0.,0.));
#2646=DIRECTION('',(0.,0.,1.));
#2647=DIRECTION('',(1.,0.,0.));
#2648=DIRECTION('',(-1.,0.,0.));
#2649=DIRECTION('',(0.,-1.,0.));
#2650=DIRECTION('',(0.,0.,1.));
#2651=DIRECTION('',(1.,0.,0.));
#2652=DIRECTION('',(0.,-1.,0.));
#2653=DIRECTION('',(1.,0.,0.));
#2654=DIRECTION('',(0.,0.,1.));
#2655=DIRECTION('',(1.,0.,0.));
#2656=DIRECTION('',(0.,0.,1.));
#2657=DIRECTION('',(-1.,0.,0.));
#2658=DIRECTION('',(0.,0.,1.));
#2659=DIRECTION('',(1.,0.,0.));
#2660=DIRECTION('',(1.,0.,0.));
#2661=DIRECTION('',(0.,1.,0.));
#2662=DIRECTION('',(0.,0.,1.));
#2663=DIRECTION('',(1.,0.,0.));
#2664=DIRECTION('',(-0.577350269189626,0.577350269189626,-0.577350269189626));
#2665=DIRECTION('',(-0.70710678123729,-0.707106781135804,1.01486041792498E-10));
#2666=DIRECTION('',(0.,0.,1.));
#2667=DIRECTION('',(1.,0.,0.));
#2668=DIRECTION('',(-0.718873086818576,0.585048618558824,-0.375419230954334));
#2669=DIRECTION('',(-0.631219058643907,-0.775604602877458,-2.21492668373013E-8));
#2670=DIRECTION('',(0.,0.,1.));
#2671=DIRECTION('',(1.,0.,0.));
#2672=CARTESIAN_POINT('',(0.,0.,0.));
#2673=CARTESIAN_POINT('',(2.82035446479928,-17.9999999097441,11.3300531860263));
#2674=CARTESIAN_POINT('',(1.89946454670456,-17.9999998317517,11.5604504770048));
#2675=CARTESIAN_POINT('',(0.000766479660870355,-17.9999995922673,11.7938736523587));
#2676=CARTESIAN_POINT('',(-1.89796157398156,-17.9999998333963,11.5606980921267));
#2677=CARTESIAN_POINT('',(-2.81888163094441,-17.9999999090323,11.3304213272791));
#2678=CARTESIAN_POINT('',(2.76428882808836,-18.8577189204575,11.1057544186192));
#2679=CARTESIAN_POINT('',(1.86170632572889,-18.8577188402,11.3315714052712));
#2680=CARTESIAN_POINT('',(0.00075124010166939,-18.8577185937602,11.5603548246486));
#2681=CARTESIAN_POINT('',(-1.86023322989286,-18.8577188418924,11.3318140978992));
#2682=CARTESIAN_POINT('',(-2.76284527211211,-18.857718919725,11.1061152417553));
#2683=CARTESIAN_POINT('',(2.6470744722807,-20.5571122808475,10.6368212948736));
#2684=CARTESIAN_POINT('',(1.782766625115,-20.5571121964661,10.8530624042831));
#2685=CARTESIAN_POINT('',(0.00071937927512175,-20.5571119373639,11.0721456635828));
#2686=CARTESIAN_POINT('',(-1.78135599177444,-20.5571121982454,10.8532948056365));
#2687=CARTESIAN_POINT('',(-2.64569212647577,-20.5571122800774,10.6371668182936));
#2688=CARTESIAN_POINT('',(2.5221390014863,-22.2139803314412,10.1369987702716));
#2689=CARTESIAN_POINT('',(1.69862706040157,-22.2139802436192,10.3430332148665));
#2690=CARTESIAN_POINT('',(0.00068541964014737,-22.2139799739519,10.5517773594269));
#2691=CARTESIAN_POINT('',(-1.69728300405471,-22.2139802454711,10.3432546470441));
#2692=CARTESIAN_POINT('',(-2.52082189785877,-22.2139803306397,10.1373279861571));
#2693=CARTESIAN_POINT('',(2.45835266593276,-23.0291779609927,9.88181226642797));
#2694=CARTESIAN_POINT('',(1.65566925528352,-23.029177871593,10.0826356531937));
#2695=CARTESIAN_POINT('',(0.000668081386278938,-23.0291775970815,10.2861011214439));
#2696=CARTESIAN_POINT('',(-1.65435919010016,-23.0291778734782,10.0828514850127));
#2697=CARTESIAN_POINT('',(-2.4570688719728,-23.0291779601768,9.88213315643262));
#2698=CARTESIAN_POINT('',(-1.50000000000015,-23.0000000000682,10.0823287807624));
#2699=CARTESIAN_POINT('',(-1.63232390542356,-23.0000000000682,10.0625590164246));
#2700=CARTESIAN_POINT('',(-1.89507338994356,-22.9474712981339,10.0348698469827));
#2701=CARTESIAN_POINT('',(-2.23204284604755,-22.7199781537332,10.0387574149164));
#2702=CARTESIAN_POINT('',(-2.45121429853754,-22.3831979516534,10.0965894744718));
#2703=CARTESIAN_POINT('',(-2.50000000000015,-22.127295922984,10.1672914613739));
#2704=CARTESIAN_POINT('',(-2.50000000000015,-22.0000000000682,10.2082559018586));
#2705=CARTESIAN_POINT('',(-1.50000000000015,-23.,10.0823287807624));
#2706=CARTESIAN_POINT('',(-2.50000000000015,-22.0000000000682,10.2082559018586));
#2707=CARTESIAN_POINT('',(-2.50000000000015,-22.0000000000682,10.2082559018586));
#2708=CARTESIAN_POINT('',(-2.50000000000014,-21.0046567427618,10.5285621512007));
#2709=CARTESIAN_POINT('',(-2.50000000000014,-20.0048105855628,10.8341067426649));
#2710=CARTESIAN_POINT('',(-2.50000000000014,-19.,11.123376667812));
#2711=CARTESIAN_POINT('',(-2.50000000000014,-19.,11.1233766677966));
#2712=CARTESIAN_POINT('',(-2.50000000006833,-19.,11.1233766677966));
#2713=CARTESIAN_POINT('',(-2.50000000006833,-18.8675642949091,11.1615029246743));
#2714=CARTESIAN_POINT('',(-2.44795492476282,-18.610289770443,11.24685005053));
#2715=CARTESIAN_POINT('',(-2.23162609574105,-18.2815428635695,11.3847600284457));
#2716=CARTESIAN_POINT('',(-1.90331641910473,-18.0563265350375,11.5071854657224));
#2717=CARTESIAN_POINT('',(-1.63679270495173,-18.,11.562267109111));
#2718=CARTESIAN_POINT('',(-1.50000000006833,-18.,11.5800515681605));
#2719=CARTESIAN_POINT('',(-1.50000000006834,-18.,11.5800515681605));
#2720=CARTESIAN_POINT('',(-1.50000000006834,-18.,11.5800515681605));
#2721=CARTESIAN_POINT('',(-0.500000000045992,-18.,11.7100618568306));
#2722=CARTESIAN_POINT('',(0.49999999997674,-18.,11.7100618568336));
#2723=CARTESIAN_POINT('',(1.49999999999986,-18.,11.5800515681694));
#2724=CARTESIAN_POINT('',(1.49999999999986,-18.,11.5800515681879));
#2725=CARTESIAN_POINT('',(1.49999999999986,-17.9999999999318,11.5800515681879));
#2726=CARTESIAN_POINT('',(1.63668075159771,-17.9999999999318,11.5622816642183));
#2727=CARTESIAN_POINT('',(1.90246672887369,-18.0559465868577,11.5074533539278));
#2728=CARTESIAN_POINT('',(2.34144664383054,-18.3567771171524,11.343734087206));
#2729=CARTESIAN_POINT('',(2.49999999999986,-18.7353927224656,11.199553141732));
#2730=CARTESIAN_POINT('',(2.49999999999986,-18.9999999999318,11.1233766678317));
#2731=CARTESIAN_POINT('',(2.49999999999986,-18.9999999999318,11.1233766678317));
#2732=CARTESIAN_POINT('',(2.49999999999986,-18.9999999999318,11.1233766678317));
#2733=CARTESIAN_POINT('',(2.49999999999986,-20.004810585519,10.8341067426784));
#2734=CARTESIAN_POINT('',(2.49999999999985,-21.0046567427378,10.5285621512085));
#2735=CARTESIAN_POINT('',(2.49999999999985,-22.0000000000682,10.2082559018587));
#2736=CARTESIAN_POINT('',(2.49999999999985,-22.0000000000682,10.2082559018587));
#2737=CARTESIAN_POINT('',(2.49999999999985,-22.0000000000682,10.2082559018587));
#2738=CARTESIAN_POINT('',(2.49999999999985,-22.1272936412595,10.1672921956439));
#2739=CARTESIAN_POINT('',(2.45154842576199,-22.3821609432965,10.0968455615204));
#2740=CARTESIAN_POINT('',(2.23257679358855,-22.7194002266833,10.0388187113767));
#2741=CARTESIAN_POINT('',(1.89632124561192,-22.9470425048351,10.0347817855787));
#2742=CARTESIAN_POINT('',(1.63236858338376,-23.0000000000682,10.0625523413439));
#2743=CARTESIAN_POINT('',(1.49999999999985,-23.0000000000682,10.0823287807624));
#2744=CARTESIAN_POINT('',(1.49999999999985,-23.0000000000682,10.0823287807847));
#2745=CARTESIAN_POINT('',(1.49999999999985,-23.,10.0823287807847));
#2746=CARTESIAN_POINT('',(0.499999999999848,-23.,10.2317331100667));
#2747=CARTESIAN_POINT('',(-0.500000000000154,-23.,10.2317331100667));
#2748=CARTESIAN_POINT('',(-1.50000000000015,-23.,10.0823287807846));
#2749=CARTESIAN_POINT('',(-2.00000000000015,-22.5,10.1578965461048));
#2750=CARTESIAN_POINT('',(-2.00000000000015,-21.174616707447,10.5868203074639));
#2751=CARTESIAN_POINT('',(-2.00000000000014,-19.8416690567376,10.99069202901));
#2752=CARTESIAN_POINT('',(-2.00000000000014,-18.5,11.36567973865));
#2753=CARTESIAN_POINT('',(-2.00000000000014,-18.5,11.36567973865));
#2754=CARTESIAN_POINT('',(-2.00000000000015,-22.5,10.1578965461048));
#2755=CARTESIAN_POINT('',(1.99999999999985,-22.5,10.1578965461048));
#2756=CARTESIAN_POINT('',(1.33635426189055,-22.5,10.2891640486691));
#2757=CARTESIAN_POINT('',(0.338038320946845,-22.5,10.3858605563618));
#2758=CARTESIAN_POINT('',(-0.997460346975312,-22.5,10.3219088449497));
#2759=CARTESIAN_POINT('',(-1.66818081445919,-22.5,10.223529568797));
#2760=CARTESIAN_POINT('',(-2.00000000000015,-22.5,10.1578965461048));
#2761=CARTESIAN_POINT('',(1.99999999999985,-22.5,10.1578965461048));
#2762=CARTESIAN_POINT('',(1.99999999999986,-18.5,11.3656797386501));
#2763=CARTESIAN_POINT('',(1.99999999999986,-19.8416690567377,10.99069202901));
#2764=CARTESIAN_POINT('',(1.99999999999985,-21.174616707447,10.586820307464));
#2765=CARTESIAN_POINT('',(1.99999999999985,-22.5,10.1578965461048));
#2766=CARTESIAN_POINT('',(1.99999999999986,-18.5,11.3656797386501));
#2767=CARTESIAN_POINT('',(-2.00000000000014,-18.5,11.36567973865));
#2768=CARTESIAN_POINT('',(-1.33333333333348,-18.5,11.4834420365612));
#2769=CARTESIAN_POINT('',(-8.01797386140461E-14,-18.5,11.5986052284825));
#2770=CARTESIAN_POINT('',(1.33333333333319,-18.5,11.4834420365613));
#2771=CARTESIAN_POINT('',(1.99999999999986,-18.5,11.3656797386501));
#2772=CARTESIAN_POINT('',(2.80878788085366,-17.9999999999954,11.7327205082579));
#2773=CARTESIAN_POINT('',(2.65480210427122,-17.9999999999954,11.7697417602344));
#2774=CARTESIAN_POINT('',(1.7316195279225,-17.9999999999954,11.9724801252891));
#2775=CARTESIAN_POINT('',(0.786623352991406,-17.9999999999954,12.0655541247252));
#2776=CARTESIAN_POINT('',(-3.4899358119061E-14,-17.9999999999954,12.0655541247252));
#2777=CARTESIAN_POINT('',(-0.786623352991415,-17.9999999999954,12.0655541247252));
#2778=CARTESIAN_POINT('',(-1.73112692455517,-17.9999999999954,11.972528642486));
#2779=CARTESIAN_POINT('',(-2.65383963339883,-17.9999999999954,11.7699530955266));
#2780=CARTESIAN_POINT('',(-2.80735098597327,-17.9999999999954,11.7330658729909));
#2781=CARTESIAN_POINT('',(2.7018142300759,-19.7052082143403,11.2876557344344));
#2782=CARTESIAN_POINT('',(2.55369305466223,-19.7052082143403,11.3232670193189));
#2783=CARTESIAN_POINT('',(1.66567020368815,-19.7052082143403,11.5182840241347));
#2784=CARTESIAN_POINT('',(0.756664532522927,-19.7052082143403,11.6078132683474));
#2785=CARTESIAN_POINT('',(-3.3670026521912E-14,-19.7052082143403,11.6078132683474));
#2786=CARTESIAN_POINT('',(-0.756664532522937,-19.7052082143403,11.6078132683474));
#2787=CARTESIAN_POINT('',(-1.66519636128919,-19.7052082143403,11.5183306935375));
#2788=CARTESIAN_POINT('',(-2.55276723982346,-19.7052082143403,11.323470305834));
#2789=CARTESIAN_POINT('',(-2.70043205983035,-19.7052082143403,11.287987945833));
#2790=CARTESIAN_POINT('',(2.58516883961397,-21.3785498231902,10.8023516063051));
#2791=CARTESIAN_POINT('',(2.44344249777156,-21.3785498231902,10.8364254456525));
#2792=CARTESIAN_POINT('',(1.59375824574256,-21.3785498231902,11.0230229838668));
#2793=CARTESIAN_POINT('',(0.723997064544437,-21.3785498231902,11.1086869831886));
#2794=CARTESIAN_POINT('',(-3.22358063252383E-14,-21.3785498231902,11.1086869831886));
#2795=CARTESIAN_POINT('',(-0.723997064544445,-21.3785498231902,11.1086869831886));
#2796=CARTESIAN_POINT('',(-1.5933048605353,-21.3785498231902,11.0230676384122));
#2797=CARTESIAN_POINT('',(-2.44255665312472,-21.3785498231902,10.8366199556815));
#2798=CARTESIAN_POINT('',(-2.58384634178637,-21.3785498231902,10.8026694751453));
#2799=CARTESIAN_POINT('',(2.46343192457604,-23.0000000000682,10.2958641473523));
#2800=CARTESIAN_POINT('',(2.32837954822909,-23.0000000000682,10.3283334322806));
#2801=CARTESIAN_POINT('',(1.51870735963411,-23.0000000000682,10.5061439975484));
#2802=CARTESIAN_POINT('',(0.68990367467234,-23.0000000000682,10.5877740355879));
#2803=CARTESIAN_POINT('',(-3.0733289928723E-14,-23.0000000000682,10.5877740355879));
#2804=CARTESIAN_POINT('',(-0.689903674672348,-23.0000000000682,10.5877740355879));
#2805=CARTESIAN_POINT('',(-1.51827532456678,-23.0000000000682,10.5061865492885));
#2806=CARTESIAN_POINT('',(-2.32753541845706,-23.0000000000682,10.3285187827335));
#2807=CARTESIAN_POINT('',(-2.46217170384355,-23.0000000000682,10.2961670475872));
#2808=CARTESIAN_POINT('',(-2.50000000000015,-22.0000000000682,10.6123530383607));
#2809=CARTESIAN_POINT('',(-2.50000000000014,-21.0046030018745,10.9308409023508));
#2810=CARTESIAN_POINT('',(-2.50000000000014,-20.0047588814364,11.2346668959534));
#2811=CARTESIAN_POINT('',(-2.50000000000014,-19.,11.5222892448352));
#2812=CARTESIAN_POINT('',(-2.50000000000015,-22.0000000000682,10.6123530383607));
#2813=CARTESIAN_POINT('',(-2.50000000000014,-19.,11.5222892448203));
#2814=CARTESIAN_POINT('',(-1.50000000000015,-23.0000000000682,10.480476297865));
#2815=CARTESIAN_POINT('',(-1.63243111344969,-23.0000000000682,10.4614451909005));
#2816=CARTESIAN_POINT('',(-1.89533680154283,-22.9473774172141,10.4354018766922));
#2817=CARTESIAN_POINT('',(-2.23218297174306,-22.7197955953566,10.4417057654627));
#2818=CARTESIAN_POINT('',(-2.45117217286782,-22.3832282697325,10.5009297722139));
#2819=CARTESIAN_POINT('',(-2.50000000000015,-22.1273589271943,10.5716031940935));
#2820=CARTESIAN_POINT('',(-2.50000000000015,-22.0000000000682,10.6123530383607));
#2821=CARTESIAN_POINT('',(-1.50000000000015,-23.0000000000682,10.480476297865));
#2822=CARTESIAN_POINT('',(1.49999999999985,-23.,10.4804762978872));
#2823=CARTESIAN_POINT('',(0.499999999999847,-23.,10.6241820062269));
#2824=CARTESIAN_POINT('',(-0.50000000000015,-23.,10.6241820062269));
#2825=CARTESIAN_POINT('',(-1.50000000000015,-23.,10.4804762978871));
#2826=CARTESIAN_POINT('',(1.49999999999985,-23.0000000000682,10.4804762978872));
#2827=CARTESIAN_POINT('',(2.49999999999985,-22.0000000000682,10.6123530383608));
#2828=CARTESIAN_POINT('',(2.49999999999985,-22.1273601032723,10.5716028177948));
#2829=CARTESIAN_POINT('',(2.45151095473926,-22.3821810160562,10.5011893423399));
#2830=CARTESIAN_POINT('',(2.23271083200746,-22.7192231273674,10.4417705003827));
#2831=CARTESIAN_POINT('',(1.89659926264811,-22.9469408063086,10.435321764175));
#2832=CARTESIAN_POINT('',(1.63247855317271,-23.0000000000682,10.4614383735415));
#2833=CARTESIAN_POINT('',(1.49999999999985,-23.0000000000682,10.480476297865));
#2834=CARTESIAN_POINT('',(2.49999999999985,-22.0000000000682,10.6123530383608));
#2835=CARTESIAN_POINT('',(2.49999999999986,-18.9999999999318,11.5222892448547));
#2836=CARTESIAN_POINT('',(2.49999999999986,-20.0047588813925,11.2346668959669));
#2837=CARTESIAN_POINT('',(2.49999999999985,-21.0046030018506,10.9308409023585));
#2838=CARTESIAN_POINT('',(2.49999999999985,-22.0000000000682,10.6123530383608));
#2839=CARTESIAN_POINT('',(2.49999999999986,-18.9999999999318,11.5222892448547));
#2840=CARTESIAN_POINT('',(1.49999999999986,-17.9999999999318,11.9715430973376));
#2841=CARTESIAN_POINT('',(1.63658125723686,-17.9999999999318,11.9543684041008));
#2842=CARTESIAN_POINT('',(1.90231329954148,-18.0558706813528,11.9009510356291));
#2843=CARTESIAN_POINT('',(2.34155002846205,-18.3567903095995,11.740300536633));
#2844=CARTESIAN_POINT('',(2.49999999999985,-18.7356120252714,11.5979729652902));
#2845=CARTESIAN_POINT('',(2.49999999999985,-18.9999999999318,11.5222892448547));
#2846=CARTESIAN_POINT('',(1.49999999999986,-18.,11.9715430973376));
#2847=CARTESIAN_POINT('',(-1.50000000006834,-18.,11.9715430973105));
#2848=CARTESIAN_POINT('',(-0.500000000045966,-18.,12.0972901696793));
#2849=CARTESIAN_POINT('',(0.49999999997677,-18.,12.0972901696822));
#2850=CARTESIAN_POINT('',(1.49999999999986,-18.,11.9715430973191));
#2851=CARTESIAN_POINT('',(-1.50000000006834,-18.,11.9715430973105));
#2852=CARTESIAN_POINT('',(-2.50000000006834,-19.,11.5222892448203));
#2853=CARTESIAN_POINT('',(-2.50000000006834,-18.8676761229769,11.5601682872709));
#2854=CARTESIAN_POINT('',(-2.44803512754213,-18.6104653517272,11.6446518508613));
#2855=CARTESIAN_POINT('',(-2.23166839222602,-18.2815465571372,11.7805524210502));
#2856=CARTESIAN_POINT('',(-1.90318544292729,-18.0562565814322,11.9006838987834));
#2857=CARTESIAN_POINT('',(-1.63669209955506,-18.,11.9543544659845));
#2858=CARTESIAN_POINT('',(-1.50000000006833,-18.,11.9715430973105));
#2859=CARTESIAN_POINT('',(-1.50000000000015,-22.0000000000682,22.));
#2860=CARTESIAN_POINT('',(-1.50000000000015,-23.,22.));
#2861=CARTESIAN_POINT('',(-2.50000000000015,-22.0000000000682,22.));
#2862=CARTESIAN_POINT('',(1.49999999999985,-23.,22.));
#2863=CARTESIAN_POINT('',(1.49999999999985,-23.0000000000682,22.));
#2864=CARTESIAN_POINT('',(1.49999999999985,-22.0000000000682,22.));
#2865=CARTESIAN_POINT('',(2.49999999999985,-22.0000000000682,22.));
#2866=CARTESIAN_POINT('',(2.49999999999986,-18.9999999999318,22.));
#2867=CARTESIAN_POINT('',(2.49999999999986,-18.9999999999318,22.));
#2868=CARTESIAN_POINT('',(1.49999999999986,-18.9999999999318,22.));
#2869=CARTESIAN_POINT('',(1.49999999999986,-18.,22.));
#2870=CARTESIAN_POINT('',(-1.50000000006834,-18.,22.));
#2871=CARTESIAN_POINT('',(-1.50000000006834,-18.,22.));
#2872=CARTESIAN_POINT('',(-1.50000000006834,-19.,22.));
#2873=CARTESIAN_POINT('',(-2.50000000000014,-19.,22.));
#2874=CARTESIAN_POINT('',(-2.50000000000015,-22.0000000000682,22.));
#2875=CARTESIAN_POINT('',(1.99999999999986,-18.5,119.4335970921));
#2876=CARTESIAN_POINT('',(-2.00000000000014,-18.5,119.4335970921));
#2877=CARTESIAN_POINT('',(-2.00000000000014,-18.5,6.1579));
#2878=CARTESIAN_POINT('',(1.99999999999986,-18.5,119.4335970921));
#2879=CARTESIAN_POINT('',(1.99999999999986,-18.5,6.1579));
#2880=CARTESIAN_POINT('',(1.99999999999986,-18.5,6.1579));
#2881=CARTESIAN_POINT('',(-2.00000000000014,-18.5,119.4335970921));
#2882=CARTESIAN_POINT('',(-2.00000000000015,-22.5,119.4335970921));
#2883=CARTESIAN_POINT('',(-2.00000000000015,-22.5,6.1579));
#2884=CARTESIAN_POINT('',(-2.00000000000014,-18.5,6.1579));
#2885=CARTESIAN_POINT('',(1.99999999999985,-22.5,119.4335970921));
#2886=CARTESIAN_POINT('',(1.99999999999985,-22.5,119.4335970921));
#2887=CARTESIAN_POINT('',(1.99999999999985,-22.5,6.1579));
#2888=CARTESIAN_POINT('',(1.99999999999985,-22.5,6.1579));
#2889=CARTESIAN_POINT('',(0.,0.,6.1579));
#2890=CARTESIAN_POINT('',(-2.00000000000015,-22.5,6.1579));
#2891=CARTESIAN_POINT('',(-2.00000000000015,-22.5,119.4335970921));
#2892=CARTESIAN_POINT('',(1.49999999999985,-22.0000000000682,0.));
#2893=CARTESIAN_POINT('',(-1.49999999999985,-23.0625,0.));
#2894=CARTESIAN_POINT('',(-1.50000000000018,-22.0000000000683,0.));
#2895=CARTESIAN_POINT('',(-2.56250000000014,-19.,0.));
#2896=CARTESIAN_POINT('',(-1.50000000006833,-19.,0.));
#2897=CARTESIAN_POINT('',(1.49999999999985,-17.9375,0.));
#2898=CARTESIAN_POINT('',(1.49999999999989,-18.9999999999317,0.));
#2899=CARTESIAN_POINT('',(2.56249999999985,-21.9999999999997,0.));
#2900=CARTESIAN_POINT('',(-2.00000000000015,-22.5,0.));
#2901=CARTESIAN_POINT('',(-2.00000000000014,-18.5,0.));
#2902=CARTESIAN_POINT('',(1.99999999999986,-18.5,0.));
#2903=CARTESIAN_POINT('',(1.99999999999985,-22.5,0.));
#2904=CARTESIAN_POINT('',(-2.00000000000015,-22.5,0.));
#2905=CARTESIAN_POINT('',(-2.50000000000015,-23.,0.));
#2906=CARTESIAN_POINT('',(-1.50000000000013,-22.0000000000682,0.));
#2907=CARTESIAN_POINT('',(-2.50000000000014,-19.,0.));
#2908=CARTESIAN_POINT('',(-1.50000000006831,-19.,0.));
#2909=CARTESIAN_POINT('',(1.49999999999986,-18.,0.));
#2910=CARTESIAN_POINT('',(1.49999999999984,-18.9999999999318,0.));
#2911=CARTESIAN_POINT('',(2.49999999999985,-22.0000000000682,0.));
#2912=CARTESIAN_POINT('',(1.49999999999984,-22.0000000000682,0.));
#2913=CARTESIAN_POINT('',(-1.50000000000015,-23.,0.));
#2914=CARTESIAN_POINT('',(-1.72652793199581E-13,-42.5,0.));
#2915=CARTESIAN_POINT('',(1.48612530855336E-13,50.5,0.));
#2916=CARTESIAN_POINT('',(-5.24514814783539E-14,7.376160038976E-29,0.));
#2917=CARTESIAN_POINT('',(0.,-11.500000003027,0.046734905059225));
#2918=CARTESIAN_POINT('',(0.,-11.5000000030269,12.9217349050592));
#2919=CARTESIAN_POINT('',(0.,-8.50000000302694,12.9217349050592));
#2920=CARTESIAN_POINT('',(0.,-14.5000000030269,12.9217349050592));
#2921=CARTESIAN_POINT('',(0.,20.9999999969731,-9.15326509494078));
#2922=CARTESIAN_POINT('',(0.,-2.50000000302693,-11.1532650949408));
#2923=CARTESIAN_POINT('',(0.,-20.5000000030269,-11.1532650949408));
#2924=CARTESIAN_POINT('',(0.,-14.5000000030269,-2.95326509494077));
#2925=CARTESIAN_POINT('',(0.,-14.5000000030269,3.04673490505923));
#2926=CARTESIAN_POINT('',(0.,-8.50000000302694,3.04673490505923));
#2927=CARTESIAN_POINT('',(0.,-8.50000000302694,-2.95326509494077));
#2928=CARTESIAN_POINT('',(0.,-14.5000000030269,-2.95326509494077));
#2929=CARTESIAN_POINT('',(0.,-11.5000000030269,0.0467349050592283));
#2930=CARTESIAN_POINT('',(0.,-11.5000000030269,0.0467349050592283));
#2931=CARTESIAN_POINT('',(-1.97397653778353E-13,-11.5000000030269,0.0467349050592163));
#2932=CARTESIAN_POINT('',(-8.,-6.5000000030269,0.0467349050592163));
#2933=CARTESIAN_POINT('',(-4.,-6.5000000030269,0.0467349050592163));
#2934=CARTESIAN_POINT('',(-4.,-2.5000000030269,0.0467349050592163));
#2935=CARTESIAN_POINT('',(-8.,-2.5000000030269,0.0467349050592163));
#2936=CARTESIAN_POINT('',(4.,-20.5000000030269,0.0467349050592163));
#2937=CARTESIAN_POINT('',(8.,-20.5000000030269,0.0467349050592163));
#2938=CARTESIAN_POINT('',(8.,-16.5000000030269,0.0467349050592163));
#2939=CARTESIAN_POINT('',(4.,-16.5000000030269,0.0467349050592163));
#2940=CARTESIAN_POINT('',(-3.,-4.5000000030269,0.0467349050592163));
#2941=CARTESIAN_POINT('',(-4.,-4.5000000030269,0.0467349050592163));
#2942=CARTESIAN_POINT('',(-4.,-11.5000000030269,0.0467349050592163));
#2943=CARTESIAN_POINT('',(-3.,-11.5000000030269,0.0467349050592163));
#2944=CARTESIAN_POINT('',(3.,-18.5000000030269,0.0467349050592163));
#2945=CARTESIAN_POINT('',(4.,-18.5000000030269,0.0467349050592163));
#2946=CARTESIAN_POINT('',(4.,-11.5000000030269,0.0467349050592163));
#2947=CARTESIAN_POINT('',(3.,-11.5000000030269,0.0467349050592163));
#2948=CARTESIAN_POINT('',(-3.00000000000001,-14.5000000030269,0.0467349050592163));
#2949=CARTESIAN_POINT('',(-3.,-8.5000000030269,0.0467349050592163));
#2950=CARTESIAN_POINT('',(3.,-8.5000000030269,0.0467349050592163));
#2951=CARTESIAN_POINT('',(2.99999999999999,-14.5000000030269,0.0467349050592163));
#2952=CARTESIAN_POINT('',(-3.00000000000001,-14.5000000030269,0.0467349050592163));
#2953=CARTESIAN_POINT('',(2.99999999999999,-44.5000000030269,0.0467349050592163));
#2954=CARTESIAN_POINT('',(3.,-45.5000000030269,0.0467349050592163));
#2955=CARTESIAN_POINT('',(3.,-43.5000000030269,0.0467349050592163));
#2956=CARTESIAN_POINT('',(8.99999999999999,-43.5000000030269,0.0467349050592163));
#2957=CARTESIAN_POINT('',(8.99999999999999,-45.5000000030269,0.0467349050592163));
#2958=CARTESIAN_POINT('',(-3.,-43.5000000030269,0.0467349050592163));
#2959=CARTESIAN_POINT('',(-8.99999999999999,-43.5000000030269,0.0467349050592163));
#2960=CARTESIAN_POINT('',(-8.99999999999999,-45.5000000030269,0.0467349050592163));
#2961=CARTESIAN_POINT('',(-3.,-45.5000000030269,0.0467349050592163));
#2962=CARTESIAN_POINT('',(-3.,-43.5000000030269,0.0467349050592163));
#2963=CARTESIAN_POINT('',(-2.99999999999999,-44.5000000030269,0.0467349050592163));
#2964=CARTESIAN_POINT('',(2.99999999999999,-46.5000000030269,0.0467349050592163));
#2965=CARTESIAN_POINT('',(-2.99999999999999,-46.5000000030269,0.0467349050592163));
#2966=CARTESIAN_POINT('',(-2.99999999999999,-42.5000000030269,0.0467349050592163));
#2967=CARTESIAN_POINT('',(2.99999999999999,-42.5000000030269,0.0467349050592163));
#2968=CARTESIAN_POINT('',(-2.99999999999999,-42.5000000030269,0.0467349050592163));
#2969=CARTESIAN_POINT('',(7.71527483462835E-15,-27.5000000030269,0.0467349050592163));
#2970=CARTESIAN_POINT('',(-7.99999999999979,-25.0000000030271,0.0467349050592163));
#2971=CARTESIAN_POINT('',(-14.,-25.0000000030269,0.0467349050592163));
#2972=CARTESIAN_POINT('',(-14.,-30.0000000030269,0.0467349050592163));
#2973=CARTESIAN_POINT('',(-7.99999999999999,-30.0000000030269,0.0467349050592163));
#2974=CARTESIAN_POINT('',(-8.,-25.0000000030269,0.0467349050592163));
#2975=CARTESIAN_POINT('',(8.,-25.0000000030269,0.0467349050592163));
#2976=CARTESIAN_POINT('',(14.,-25.0000000030269,0.0467349050592163));
#2977=CARTESIAN_POINT('',(14.,-30.0000000030269,0.0467349050592163));
#2978=CARTESIAN_POINT('',(8.,-30.0000000030269,0.0467349050592163));
#2979=CARTESIAN_POINT('',(8.00000000000001,-25.0000000030269,0.0467349050592163));
#2980=CARTESIAN_POINT('',(0.,-44.5000000030269,-2.95326509494079));
#2981=CARTESIAN_POINT('',(0.,-43.5000000030269,-2.95326509494079));
#2982=CARTESIAN_POINT('',(0.,-45.5000000030269,-8.95326509494079));
#2983=CARTESIAN_POINT('',(0.,-43.5000000030269,-8.95326509494079));
#2984=CARTESIAN_POINT('',(0.,-45.5000000030269,-2.95326509494079));
#2985=CARTESIAN_POINT('',(0.,-45.5000000030269,3.04673490505922));
#2986=CARTESIAN_POINT('',(0.,-45.5000000030269,9.04673490505922));
#2987=CARTESIAN_POINT('',(0.,-43.5000000030269,9.04673490505922));
#2988=CARTESIAN_POINT('',(0.,-43.5000000030269,3.04673490505922));
#2989=CARTESIAN_POINT('',(0.,-45.5000000030269,3.04673490505922));
#2990=CARTESIAN_POINT('',(0.,-44.5000000030269,3.04673490505922));
#2991=CARTESIAN_POINT('',(0.,-42.5000000030269,3.04673490505922));
#2992=CARTESIAN_POINT('',(0.,-46.5000000030269,3.04673490505922));
#2993=CARTESIAN_POINT('',(0.,-46.5000000030269,-2.95326509494079));
#2994=CARTESIAN_POINT('',(0.,-42.5000000030269,-2.95326509494079));
#2995=CARTESIAN_POINT('',(0.,-42.5000000030269,-2.95326509494079));
#2996=CARTESIAN_POINT('',(0.,-27.5000000030269,0.0467349050592163));
#2997=CARTESIAN_POINT('',(0.,-27.5000000030269,0.0467349050595382));
#2998=CARTESIAN_POINT('',(0.,-25.0000000030269,-13.9532650949406));
#2999=CARTESIAN_POINT('',(0.,-30.0000000030269,-7.95326509494062));
#3000=CARTESIAN_POINT('',(0.,-25.0000000030269,-7.95326509494063));
#3001=CARTESIAN_POINT('',(0.,-30.0000000030269,-7.95326509494062));
#3002=CARTESIAN_POINT('',(0.,-30.0000000030269,-13.9532650949406));
#3003=CARTESIAN_POINT('',(0.,-30.0000000030269,8.04673490505938));
#3004=CARTESIAN_POINT('',(0.,-30.0000000030269,14.0467349050594));
#3005=CARTESIAN_POINT('',(0.,-25.0000000030269,14.0467349050594));
#3006=CARTESIAN_POINT('',(0.,-25.0000000030269,8.04673490505938));
#3007=CARTESIAN_POINT('',(0.,-30.0000000030269,8.04673490505938));
#3008=CARTESIAN_POINT('',(0.,-27.5000000030269,0.0467349050593855));
#3009=CARTESIAN_POINT('',(0.,-23.0000000030269,4.74673490505922));
#3010=CARTESIAN_POINT('',(0.,-18.0000000030269,4.74673490505922));
#3011=CARTESIAN_POINT('',(0.,-18.0000000030269,10.7467349050592));
#3012=CARTESIAN_POINT('',(0.,-23.0000000030269,10.7467349050592));
#3013=CARTESIAN_POINT('',(0.,-23.0000000030269,10.7467349050592));
#3014=CARTESIAN_POINT('',(0.,-20.5000000030269,10.7467349050592));
#3015=CARTESIAN_POINT('',(0.,20.9999999969731,0.0467349050592482));
#3016=CARTESIAN_POINT('',(0.,20.9999999969731,-9.15326509494078));
#3017=CARTESIAN_POINT('',(0.,35.9999999969731,-9.15326509494078));
#3018=CARTESIAN_POINT('',(0.,35.9999999969731,0.0467349050592482));
#3019=CARTESIAN_POINT('',(0.,20.9999999969731,0.0467349050592482));
#3020=CARTESIAN_POINT('',(0.,28.4999999969731,0.0467349050592481));
#3021=CARTESIAN_POINT('',(0.,36.4999999969731,0.0467349050591835));
#3022=CARTESIAN_POINT('',(0.,-27.5000000030269,0.0467349050592163));
#3023=CARTESIAN_POINT('',(0.,-27.5000000030269,-9.15326509494078));
#3024=CARTESIAN_POINT('',(0.,-27.5000000030269,-9.15326509494078));
#3025=CARTESIAN_POINT('',(0.,36.4999999969731,0.0467349050592491));
#3026=CARTESIAN_POINT('',(-2.49999999999996,-18.0000000030269,0.0467349050592163));
#3027=CARTESIAN_POINT('',(-2.50000000000003,-23.0000000030269,0.0467349050592163));
#3028=CARTESIAN_POINT('',(2.50000000000005,-23.0000000030269,0.0467349050592163));
#3029=CARTESIAN_POINT('',(2.50000000000004,-18.0000000030269,0.0467349050592163));
#3030=CARTESIAN_POINT('',(-2.49999999999996,-18.0000000030269,0.0467349050592163));
#3031=CARTESIAN_POINT('',(-1.33226762955019E-15,-27.5000000030269,0.0467349050592163));
#3032=CARTESIAN_POINT('',(8.88178419700125E-16,28.4999999969731,0.0467349050592163));
#3033=CARTESIAN_POINT('',(0.,36.4999999969731,0.0467349050592305));
#3034=CARTESIAN_POINT('',(0.,36.4999999969731,0.0467349050592231));
#3035=CARTESIAN_POINT('',(1.73472347597681E-16,3.49999999692195,4.04673490505928));
#3036=CARTESIAN_POINT('',(1.73472347597681E-16,27.4999999969731,7.10923490505928));
#3037=CARTESIAN_POINT('',(-2.70616862252381E-16,27.4999999969731,4.0467349051104));
#3038=CARTESIAN_POINT('',(1.73472347597681E-16,30.5624999969731,-3.9532650949919));
#3039=CARTESIAN_POINT('',(-7.14706072102443E-16,27.4999999969731,-3.95326509499189));
#3040=CARTESIAN_POINT('',(-2.70616862252382E-16,3.49999999697308,-7.01576509494075));
#3041=CARTESIAN_POINT('',(1.73472347597681E-16,3.49999999697309,-3.95326509499189));
#3042=CARTESIAN_POINT('',(1.73472347597681E-16,0.437499996973099,4.04673490505928));
#3043=CARTESIAN_POINT('',(-2.70616862252382E-16,0.499999996973088,-6.95326509494076));
#3044=CARTESIAN_POINT('',(1.73472347597681E-16,3.49999999697307,-3.95326509499194));
#3045=CARTESIAN_POINT('',(-7.14706072102445E-16,0.4999999969731,4.04673490505928));
#3046=CARTESIAN_POINT('',(-7.14706072102447E-16,3.49999999692196,4.04673490505928));
#3047=CARTESIAN_POINT('',(-2.70616862252382E-16,27.4999999969731,7.04673490505928));
#3048=CARTESIAN_POINT('',(-2.70616862252381E-16,27.4999999969731,4.04673490511041));
#3049=CARTESIAN_POINT('',(-2.70616862252382E-16,30.4999999969731,-3.9532650949919));
#3050=CARTESIAN_POINT('',(-7.14706072102443E-16,27.4999999969732,-3.95326509499192));
#3051=CARTESIAN_POINT('',(-1.15879528195251E-15,3.49999999697308,-6.95326509494075));
#3052=CARTESIAN_POINT('',(-5.2672483750567E-13,36.4999999969731,0.0467349050592163));
#3053=CARTESIAN_POINT('',(-5.2672483750567E-13,36.4999999969731,0.0467349050592163));
#3054=CARTESIAN_POINT('',(0.,-42.5000000030269,0.0467349050592163));
#3055=CARTESIAN_POINT('',(0.,50.4999999969731,0.0467349050592163));
#3056=CARTESIAN_POINT('',(0.,36.4999999969731,0.0467349050592295));
#3057=CARTESIAN_POINT('',(0.,28.4999999969731,0.046734905059248));
#3058=CARTESIAN_POINT('',(0.,-11.5000000030269,0.046734905059228));
#3059=CARTESIAN_POINT('',(0.,-27.5000000030269,0.0467349050593772));
#3060=CARTESIAN_POINT('',(0.,-42.5000000030269,0.0467349050592163));
#3061=CARTESIAN_POINT('',(0.,-42.5000000030269,0.0467349050592163));
#3062=CARTESIAN_POINT('',(0.,-27.5000000030269,0.0467349050592163));
#3063=CARTESIAN_POINT('',(-1.95266491994893E-13,-11.5000000030269,0.0467349050592163));
#3064=CARTESIAN_POINT('',(-8.73492636194526E-30,28.4999999969731,0.0467349050592163));
#3065=CARTESIAN_POINT('',(6.97580924738684E-31,36.4999999969731,0.0467349050592163));
#3066=CARTESIAN_POINT('',(1.59774749963269E-13,50.4999999969731,0.0467349050592163));
#3067=CARTESIAN_POINT('',(0.,36.4999999969731,0.04673490505923));
#3068=CARTESIAN_POINT('',(-6.93889390390723E-18,50.4999999969731,0.0467349050591954));
#3069=CARTESIAN_POINT('',(0.,-42.5000000030269,0.0467349050592163));
#3070=CARTESIAN_POINT('',(-5.69460761603516E-15,50.4999999969731,0.0467349050592163));
#3071=CARTESIAN_POINT('',(1.87979807518779E-10,50.1249999969731,0.0467349060040839));
#3072=CARTESIAN_POINT('',(2.71966517435806E-14,50.1249999969731,0.0467349060226129));
#3073=CARTESIAN_POINT('',(-1.87961877192098E-10,50.1249999969731,0.0467349060040851));
#3074=CARTESIAN_POINT('',(-3.68633173712371E-10,50.1249999969731,0.0467349059492881));
#3075=CARTESIAN_POINT('',(-5.35240751976956E-10,50.1249999969731,0.0467349058602384));
#3076=CARTESIAN_POINT('',(-6.8121383737072E-10,50.1249999969731,0.0467349057404408));
#3077=CARTESIAN_POINT('',(-8.01046742572689E-10,50.1249999969731,0.0467349055944149));
#3078=CARTESIAN_POINT('',(-8.90047310117056E-10,50.1249999969731,0.0467349054278971));
#3079=CARTESIAN_POINT('',(-9.44879439631051E-10,50.1249999969731,0.0467349052471592));
#3080=CARTESIAN_POINT('',(-9.63386816206241E-10,50.1249999969731,0.0467349050592191));
#3081=CARTESIAN_POINT('',(-9.4487956886908E-10,50.1249999969731,0.0467349048712708));
#3082=CARTESIAN_POINT('',(-8.9005665515754E-10,50.1249999969731,0.046734904690547));
#3083=CARTESIAN_POINT('',(-8.01013633429657E-10,50.1249999969731,0.0467349045239629));
#3084=CARTESIAN_POINT('',(-6.81191425381324E-10,50.1249999969731,0.0467349043779814));
#3085=CARTESIAN_POINT('',(-5.35244095838561E-10,50.1249999969731,0.0467349042581947));
#3086=CARTESIAN_POINT('',(-3.68635057981374E-10,50.1249999969731,0.0467349041691482));
#3087=CARTESIAN_POINT('',(-1.8795572998783E-10,50.1249999969731,0.0467349041143432));
#3088=CARTESIAN_POINT('',(2.90655392101434E-15,50.1249999969731,0.0467349040958251));
#3089=CARTESIAN_POINT('',(1.87944103772167E-10,50.1249999969731,0.0467349041143395));
#3090=CARTESIAN_POINT('',(3.68675749736168E-10,50.1249999969731,0.0467349041691628));
#3091=CARTESIAN_POINT('',(5.35228950201275E-10,50.1249999969731,0.0467349042581873));
#3092=CARTESIAN_POINT('',(6.81218436010897E-10,50.1249999969731,0.0467349043780013));
#3093=CARTESIAN_POINT('',(8.01028258037423E-10,50.1249999969731,0.0467349045239863));
#3094=CARTESIAN_POINT('',(8.90053145284044E-10,50.1249999969731,0.0467349046905413));
#3095=CARTESIAN_POINT('',(9.44878951316608E-10,50.1249999969731,0.0467349048712701));
#3096=CARTESIAN_POINT('',(9.63389373097407E-10,50.1249999969731,0.046734905059211));
#3097=CARTESIAN_POINT('',(9.44869764741496E-10,50.1249999969731,0.0467349052471751));
#3098=CARTESIAN_POINT('',(8.90071960292087E-10,50.1249999969731,0.0467349054278566));
#3099=CARTESIAN_POINT('',(8.010184041562E-10,50.1249999969731,0.0467349055944586));
#3100=CARTESIAN_POINT('',(6.81243739736039E-10,50.1249999969731,0.0467349057404098));
#3101=CARTESIAN_POINT('',(5.35232925518133E-10,50.1249999969731,0.046734905860247));
#3102=CARTESIAN_POINT('',(3.6863457718231E-10,50.1249999969731,0.0467349059492846));
#3103=CARTESIAN_POINT('',(1.87979807518779E-10,50.1249999969731,0.0467349060040839));
#3104=CARTESIAN_POINT('',(2.71966517435806E-14,50.1249999969731,0.0467349060226129));
#3105=CARTESIAN_POINT('',(-1.87961877192098E-10,50.1249999969731,0.0467349060040851));
#3106=CARTESIAN_POINT('',(0.100024082158561,50.1247332866273,0.549589923456967));
#3107=CARTESIAN_POINT('',(-6.16138435383544E-14,50.1247332866272,0.559441435678332));
#3108=CARTESIAN_POINT('',(-0.100024082158397,50.1247332866273,0.549589923457022));
#3109=CARTESIAN_POINT('',(-0.196204294933879,50.1247332866272,0.520413974882851));
#3110=CARTESIAN_POINT('',(-0.284844486686686,50.1247332866273,0.473034805297999));
#3111=CARTESIAN_POINT('',(-0.362538264558981,50.1247332866273,0.409273169618998));
#3112=CARTESIAN_POINT('',(-0.426299900238745,50.1247332866273,0.331579391746152));
#3113=CARTESIAN_POINT('',(-0.473679069823896,50.1247332866273,0.242939199992371));
#3114=CARTESIAN_POINT('',(-0.502855018397724,50.1247332866273,0.146758987217873));
#3115=CARTESIAN_POINT('',(-0.512706530619146,50.1247332866273,0.0467349050589704));
#3116=CARTESIAN_POINT('',(-0.502855018397696,50.1247332866273,-0.0532891770995422));
#3117=CARTESIAN_POINT('',(-0.473679069823885,50.1247332866273,-0.149469389873943));
#3118=CARTESIAN_POINT('',(-0.426299900238791,50.1247332866273,-0.23810958162759));
#3119=CARTESIAN_POINT('',(-0.362538264559597,50.1247332866273,-0.315803359499938));
#3120=CARTESIAN_POINT('',(-0.284844486686846,50.1247332866273,-0.379564995179556));
#3121=CARTESIAN_POINT('',(-0.196204294933514,50.1247332866273,-0.426944164764541));
#3122=CARTESIAN_POINT('',(-0.10002408215852,50.1247332866273,-0.456120113338553));
#3123=CARTESIAN_POINT('',(6.28614422179334E-14,50.1247332866272,-0.465971625559902));
#3124=CARTESIAN_POINT('',(0.100024082158274,50.1247332866273,-0.456120113338556));
#3125=CARTESIAN_POINT('',(0.196204294933016,50.1247332866273,-0.426944164764778));
#3126=CARTESIAN_POINT('',(0.284844486686864,50.1247332866273,-0.379564995179526));
#3127=CARTESIAN_POINT('',(0.362538264559114,50.1247332866273,-0.315803359500432));
#3128=CARTESIAN_POINT('',(0.426299900238927,50.1247332866272,-0.238109581627435));
#3129=CARTESIAN_POINT('',(0.473679069823803,50.1247332866273,-0.149469389874115));
#3130=CARTESIAN_POINT('',(0.502855018397837,50.1247332866273,-0.0532891770991308));
#3131=CARTESIAN_POINT('',(0.512706530619089,50.1247332866272,0.0467349050596384));
#3132=CARTESIAN_POINT('',(0.502855018397834,50.1247332866273,0.146758987217131));
#3133=CARTESIAN_POINT('',(0.473679069824001,50.1247332866273,0.242939199992265));
#3134=CARTESIAN_POINT('',(0.426299900238645,50.1247332866273,0.331579391746246));
#3135=CARTESIAN_POINT('',(0.362538264559423,50.1247332866273,0.409273169618535));
#3136=CARTESIAN_POINT('',(0.284844486686729,50.1247332866273,0.473034805298066));
#3137=CARTESIAN_POINT('',(0.196204294933247,50.1247332866272,0.520413974883084));
#3138=CARTESIAN_POINT('',(0.100024082158561,50.1247332866273,0.549589923456967));
#3139=CARTESIAN_POINT('',(-6.16138435383544E-14,50.1247332866272,0.559441435678332));
#3140=CARTESIAN_POINT('',(-0.100024082158397,50.1247332866273,0.549589923457022));
#3141=CARTESIAN_POINT('',(0.241911368277301,49.9855785258608,1.26290548039473));
#3142=CARTESIAN_POINT('',(3.18687142510897E-14,49.9855785258608,1.28673167054438));
#3143=CARTESIAN_POINT('',(-0.241911368277391,49.9855785258608,1.2629054803947));
#3144=CARTESIAN_POINT('',(-0.474526218337218,49.9855785258608,1.19234253707126));
#3145=CARTESIAN_POINT('',(-0.688905291944132,49.9855785258608,1.07775453491363));
#3146=CARTESIAN_POINT('',(-0.876810121524153,49.9855785258608,0.923545026582983));
#3147=CARTESIAN_POINT('',(-1.03101962985442,49.9855785258608,0.735640197003254));
#3148=CARTESIAN_POINT('',(-1.14560763201194,49.9855785258608,0.521261123396763));
#3149=CARTESIAN_POINT('',(-1.21617057533552,49.9855785258608,0.288646273336486));
#3150=CARTESIAN_POINT('',(-1.23999676548516,49.9855785258608,0.0467349050592753));
#3151=CARTESIAN_POINT('',(-1.2161705753355,49.9855785258608,-0.195176463218202));
#3152=CARTESIAN_POINT('',(-1.14560763201194,49.9855785258608,-0.427791313278283));
#3153=CARTESIAN_POINT('',(-1.0310196298544,49.9855785258608,-0.642170386884899));
#3154=CARTESIAN_POINT('',(-0.876810121523841,49.9855785258608,-0.830075216464855));
#3155=CARTESIAN_POINT('',(-0.68890529194417,49.9855785258608,-0.984284724795135));
#3156=CARTESIAN_POINT('',(-0.474526218337381,49.9855785258608,-1.09887272695278));
#3157=CARTESIAN_POINT('',(-0.241911368277309,49.9855785258608,-1.16943567027628));
#3158=CARTESIAN_POINT('',(-6.54831605499057E-14,49.9855785258609,-1.19326186042596));
#3159=CARTESIAN_POINT('',(0.241911368277581,49.9855785258608,-1.16943567027625));
#3160=CARTESIAN_POINT('',(0.474526218337483,49.9855785258608,-1.09887272695272));
#3161=CARTESIAN_POINT('',(0.688905291944125,49.9855785258608,-0.984284724795184));
#3162=CARTESIAN_POINT('',(0.876810121524073,49.9855785258608,-0.830075216464611));
#3163=CARTESIAN_POINT('',(1.03101962985432,49.9855785258608,-0.642170386884984));
#3164=CARTESIAN_POINT('',(1.14560763201202,49.9855785258608,-0.427791313278155));
#3165=CARTESIAN_POINT('',(1.21617057533544,49.9855785258608,-0.195176463218234));
#3166=CARTESIAN_POINT('',(1.23999676548519,49.9855785258608,0.0467349050590204));
#3167=CARTESIAN_POINT('',(1.21617057533546,49.9855785258608,0.288646273336828));
#3168=CARTESIAN_POINT('',(1.14560763201189,49.9855785258608,0.521261123396811));
#3169=CARTESIAN_POINT('',(1.03101962985439,49.9855785258608,0.735640197003316));
#3170=CARTESIAN_POINT('',(0.876810121523954,49.9855785258608,0.923545026583184));
#3171=CARTESIAN_POINT('',(0.688905291944125,49.9855785258608,1.0777545349136));
#3172=CARTESIAN_POINT('',(0.474526218337517,49.9855785258608,1.19234253707115));
#3173=CARTESIAN_POINT('',(0.241911368277301,49.9855785258608,1.26290548039473));
#3174=CARTESIAN_POINT('',(3.18687142510897E-14,49.9855785258608,1.28673167054438));
#3175=CARTESIAN_POINT('',(-0.241911368277391,49.9855785258608,1.2629054803947));
#3176=CARTESIAN_POINT('',(0.435622354111428,49.5068834268863,2.23675636953626));
#3177=CARTESIAN_POINT('',(-3.19284734259511E-15,49.5068834268863,2.27966142652645));
#3178=CARTESIAN_POINT('',(-0.435622354111418,49.5068834268863,2.23675636953626));
#3179=CARTESIAN_POINT('',(-0.854503985454141,49.5068834268863,2.10969001584441));
#3180=CARTESIAN_POINT('',(-1.24054750784731,49.5068834268862,1.90334545416357));
#3181=CARTESIAN_POINT('',(-1.57891748522071,49.5068834268863,1.62565239028003));
#3182=CARTESIAN_POINT('',(-1.85661054910441,49.5068834268863,1.28728241290647));
#3183=CARTESIAN_POINT('',(-2.06295511078521,49.5068834268863,0.901238890513298));
#3184=CARTESIAN_POINT('',(-2.19002146447702,49.5068834268863,0.482357259170695));
#3185=CARTESIAN_POINT('',(-2.23292652146724,49.5068834268863,0.046734905059189));
#3186=CARTESIAN_POINT('',(-2.19002146447704,49.5068834268863,-0.388887449052175));
#3187=CARTESIAN_POINT('',(-2.06295511078521,49.5068834268863,-0.807769080394898));
#3188=CARTESIAN_POINT('',(-1.8566105491044,49.5068834268863,-1.19381260278802));
#3189=CARTESIAN_POINT('',(-1.57891748522075,49.5068834268863,-1.53218258016157));
#3190=CARTESIAN_POINT('',(-1.24054750784724,49.5068834268863,-1.80987564404518));
#3191=CARTESIAN_POINT('',(-0.854503985454071,49.5068834268862,-2.016220205726));
#3192=CARTESIAN_POINT('',(-0.435622354111473,49.5068834268863,-2.14328655941782));
#3193=CARTESIAN_POINT('',(1.84466631326764E-14,49.5068834268863,-2.18619161640801));
#3194=CARTESIAN_POINT('',(0.435622354111416,49.5068834268862,-2.14328655941783));
#3195=CARTESIAN_POINT('',(0.854503985454065,49.5068834268863,-2.016220205726));
#3196=CARTESIAN_POINT('',(1.24054750784721,49.5068834268863,-1.8098756440452));
#3197=CARTESIAN_POINT('',(1.57891748522075,49.5068834268863,-1.53218258016158));
#3198=CARTESIAN_POINT('',(1.85661054910444,49.5068834268863,-1.19381260278796));
#3199=CARTESIAN_POINT('',(2.06295511078521,49.5068834268863,-0.80776908039491));
#3200=CARTESIAN_POINT('',(2.19002146447706,49.5068834268863,-0.388887449052138));
#3201=CARTESIAN_POINT('',(2.23292652146723,49.5068834268863,0.0467349050592797));
#3202=CARTESIAN_POINT('',(2.19002146447703,49.5068834268863,0.482357259170638));
#3203=CARTESIAN_POINT('',(2.06295511078523,49.5068834268863,0.901238890513264));
#3204=CARTESIAN_POINT('',(1.85661054910441,49.5068834268863,1.28728241290645));
#3205=CARTESIAN_POINT('',(1.57891748522079,49.5068834268863,1.62565239027994));
#3206=CARTESIAN_POINT('',(1.24054750784724,49.5068834268863,1.90334545416364));
#3207=CARTESIAN_POINT('',(0.854503985454049,49.5068834268862,2.10969001584444));
#3208=CARTESIAN_POINT('',(0.435622354111428,49.5068834268863,2.23675636953626));
#3209=CARTESIAN_POINT('',(-3.19284734259511E-15,49.5068834268863,2.27966142652645));
#3210=CARTESIAN_POINT('',(-0.435622354111418,49.5068834268863,2.23675636953626));
#3211=CARTESIAN_POINT('',(0.607223529966146,48.8695362142151,3.09945373780624));
#3212=CARTESIAN_POINT('',(7.15402693340829E-15,48.8695362142151,3.15926003542409));
#3213=CARTESIAN_POINT('',(-0.607223529966173,48.8695362142151,3.09945373780623));
#3214=CARTESIAN_POINT('',(-1.19111180021061,48.8695362142151,2.92233316743035));
#3215=CARTESIAN_POINT('',(-1.72922631195617,48.8695362142151,2.63470496848564));
#3216=CARTESIAN_POINT('',(-2.20088762629456,48.8695362142151,2.24762253135374));
#3217=CARTESIAN_POINT('',(-2.58797006342642,48.8695362142151,1.77596121701538));
#3218=CARTESIAN_POINT('',(-2.87559826237114,48.8695362142151,1.23784670526982));
#3219=CARTESIAN_POINT('',(-3.05271883274701,48.8695362142151,0.653958435025376));
#3220=CARTESIAN_POINT('',(-3.11252513036488,48.8695362142151,0.0467349050591957));
#3221=CARTESIAN_POINT('',(-3.05271883274701,48.8695362142151,-0.560488624906968));
#3222=CARTESIAN_POINT('',(-2.87559826237112,48.8695362142151,-1.14437689515142));
#3223=CARTESIAN_POINT('',(-2.58797006342642,48.8695362142151,-1.68249140689696));
#3224=CARTESIAN_POINT('',(-2.20088762629454,48.8695362142151,-2.15415272123534));
#3225=CARTESIAN_POINT('',(-1.72922631195618,48.8695362142151,-2.54123515836719));
#3226=CARTESIAN_POINT('',(-1.19111180021067,48.8695362142151,-2.82886335731191));
#3227=CARTESIAN_POINT('',(-0.607223529966156,48.8695362142151,-3.0059839276878));
#3228=CARTESIAN_POINT('',(-5.97179245562939E-15,48.8695362142151,-3.06579022530567));
#3229=CARTESIAN_POINT('',(0.607223529966208,48.8695362142151,-3.00598392768779));
#3230=CARTESIAN_POINT('',(1.19111180021059,48.8695362142151,-2.82886335731194));
#3231=CARTESIAN_POINT('',(1.72922631195625,48.8695362142151,-2.54123515836716));
#3232=CARTESIAN_POINT('',(2.20088762629454,48.8695362142151,-2.15415272123533));
#3233=CARTESIAN_POINT('',(2.58797006342642,48.8695362142151,-1.68249140689695));
#3234=CARTESIAN_POINT('',(2.87559826237114,48.8695362142151,-1.14437689515137));
#3235=CARTESIAN_POINT('',(3.05271883274701,48.8695362142151,-0.560488624907009));
#3236=CARTESIAN_POINT('',(3.11252513036488,48.8695362142151,0.0467349050592118));
#3237=CARTESIAN_POINT('',(3.05271883274701,48.8695362142151,0.65395843502539));
#3238=CARTESIAN_POINT('',(2.87559826237112,48.8695362142151,1.23784670526987));
#3239=CARTESIAN_POINT('',(2.5879700634264,48.8695362142151,1.77596121701542));
#3240=CARTESIAN_POINT('',(2.20088762629454,48.8695362142151,2.24762253135377));
#3241=CARTESIAN_POINT('',(1.72922631195618,48.8695362142151,2.63470496848562));
#3242=CARTESIAN_POINT('',(1.19111180021063,48.8695362142151,2.92233316743035));
#3243=CARTESIAN_POINT('',(0.607223529966146,48.8695362142151,3.09945373780624));
#3244=CARTESIAN_POINT('',(7.15402693340829E-15,48.8695362142151,3.15926003542409));
#3245=CARTESIAN_POINT('',(-0.607223529966173,48.8695362142151,3.09945373780623));
#3246=CARTESIAN_POINT('',(0.810177800130016,47.7745400270746,4.11977375529656));
#3247=CARTESIAN_POINT('',(8.69069142984444E-15,47.7745400270746,4.19956930380019));
#3248=CARTESIAN_POINT('',(-0.810177800130041,47.7745400270746,4.11977375529656));
#3249=CARTESIAN_POINT('',(-1.589220921754,47.7745400270746,3.88345360796482));
#3250=CARTESIAN_POINT('',(-2.30719117460036,47.7745400270746,3.49969051253703));
#3251=CARTESIAN_POINT('',(-2.9364973644945,47.7745400270746,2.98323226955372));
#3252=CARTESIAN_POINT('',(-3.45295560747783,47.7745400270746,2.35392607965956));
#3253=CARTESIAN_POINT('',(-3.83671870290561,47.7745400270746,1.6359558268132));
#3254=CARTESIAN_POINT('',(-4.07303885023734,47.7745400270746,0.856912705189259));
#3255=CARTESIAN_POINT('',(-4.15283439874097,47.7745400270746,0.0467349050591966));
#3256=CARTESIAN_POINT('',(-4.07303885023734,47.7745400270746,-0.763442895070811));
#3257=CARTESIAN_POINT('',(-3.8367187029056,47.7745400270746,-1.54248601669479));
#3258=CARTESIAN_POINT('',(-3.45295560747781,47.7745400270746,-2.26045626954116));
#3259=CARTESIAN_POINT('',(-2.93649736449449,47.7745400270746,-2.88976245943529));
#3260=CARTESIAN_POINT('',(-2.30719117460036,47.7745400270746,-3.4062207024186));
#3261=CARTESIAN_POINT('',(-1.58922092175397,47.7745400270746,-3.78998379784639));
#3262=CARTESIAN_POINT('',(-0.81017780013005,47.7745400270747,-4.02630394517813));
#3263=CARTESIAN_POINT('',(1.48783423210335E-14,47.7745400270746,-4.10609949368176));
#3264=CARTESIAN_POINT('',(0.810177800130021,47.7745400270746,-4.02630394517813));
#3265=CARTESIAN_POINT('',(1.58922092175399,47.7745400270746,-3.78998379784639));
#3266=CARTESIAN_POINT('',(2.30719117460034,47.7745400270746,-3.40622070241861));
#3267=CARTESIAN_POINT('',(2.93649736449449,47.7745400270746,-2.8897624594353));
#3268=CARTESIAN_POINT('',(3.45295560747784,47.7745400270746,-2.26045626954109));
#3269=CARTESIAN_POINT('',(3.83671870290559,47.7745400270746,-1.54248601669483));
#3270=CARTESIAN_POINT('',(4.07303885023736,47.7745400270746,-0.763442895070768));
#3271=CARTESIAN_POINT('',(4.15283439874098,47.7745400270746,0.0467349050592368));
#3272=CARTESIAN_POINT('',(4.07303885023733,47.7745400270746,0.856912705189282));
#3273=CARTESIAN_POINT('',(3.8367187029056,47.7745400270746,1.63595582681322));
#3274=CARTESIAN_POINT('',(3.45295560747781,47.7745400270746,2.35392607965959));
#3275=CARTESIAN_POINT('',(2.93649736449452,47.7745400270746,2.98323226955369));
#3276=CARTESIAN_POINT('',(2.30719117460035,47.7745400270746,3.49969051253705));
#3277=CARTESIAN_POINT('',(1.58922092175397,47.7745400270746,3.88345360796483));
#3278=CARTESIAN_POINT('',(0.810177800130016,47.7745400270746,4.11977375529656));
#3279=CARTESIAN_POINT('',(8.69069142984444E-15,47.7745400270746,4.19956930380019));
#3280=CARTESIAN_POINT('',(-0.810177800130041,47.7745400270746,4.11977375529656));
#3281=CARTESIAN_POINT('',(1.02305462667614,46.1610437870734,5.18997783235039));
#3282=CARTESIAN_POINT('',(6.59058328471504E-15,46.1610437870734,5.29073991824275));
#3283=CARTESIAN_POINT('',(-1.02305462667616,46.1610437870734,5.18997783235039));
#3284=CARTESIAN_POINT('',(-2.00679383778484,46.1610437870733,4.89156380512606));
#3285=CARTESIAN_POINT('',(-2.91341308713035,46.1610437870734,4.40696572028354));
#3286=CARTESIAN_POINT('',(-3.70807150539833,46.1610437870733,3.75480641045756));
#3287=CARTESIAN_POINT('',(-4.36023081522433,46.1610437870734,2.96014799218956));
#3288=CARTESIAN_POINT('',(-4.84482890006687,46.1610437870734,2.05352874284401));
#3289=CARTESIAN_POINT('',(-5.14324292729117,46.1610437870733,1.06978953173538));
#3290=CARTESIAN_POINT('',(-5.24400501318355,46.1610437870734,0.0467349050592153));
#3291=CARTESIAN_POINT('',(-5.14324292729117,46.1610437870733,-0.976319721616949));
#3292=CARTESIAN_POINT('',(-4.84482890006685,46.1610437870734,-1.96005893272561));
#3293=CARTESIAN_POINT('',(-4.36023081522432,46.1610437870734,-2.86667818207114));
#3294=CARTESIAN_POINT('',(-3.70807150539832,46.1610437870734,-3.66133660033914));
#3295=CARTESIAN_POINT('',(-2.91341308713035,46.1610437870734,-4.31349591016511));
#3296=CARTESIAN_POINT('',(-2.00679383778483,46.1610437870734,-4.79809399500764));
#3297=CARTESIAN_POINT('',(-1.02305462667614,46.1610437870734,-5.09650802223196));
#3298=CARTESIAN_POINT('',(-1.74641337728272E-16,46.1610437870734,-5.19727010812434));
#3299=CARTESIAN_POINT('',(1.02305462667619,46.1610437870733,-5.09650802223195));
#3300=CARTESIAN_POINT('',(2.00679383778479,46.1610437870734,-4.79809399500766));
#3301=CARTESIAN_POINT('',(2.91341308713037,46.1610437870734,-4.31349591016511));
#3302=CARTESIAN_POINT('',(3.70807150539835,46.1610437870734,-3.66133660033911));
#3303=CARTESIAN_POINT('',(4.36023081522434,46.1610437870734,-2.86667818207111));
#3304=CARTESIAN_POINT('',(4.84482890006686,46.1610437870733,-1.96005893272559));
#3305=CARTESIAN_POINT('',(5.14324292729118,46.1610437870734,-0.976319721616957));
#3306=CARTESIAN_POINT('',(5.24400501318355,46.1610437870734,0.0467349050592267));
#3307=CARTESIAN_POINT('',(5.14324292729117,46.1610437870734,1.0697895317354));
#3308=CARTESIAN_POINT('',(4.84482890006686,46.1610437870734,2.05352874284403));
#3309=CARTESIAN_POINT('',(4.36023081522432,46.1610437870734,2.96014799218957));
#3310=CARTESIAN_POINT('',(3.70807150539834,46.1610437870734,3.75480641045755));
#3311=CARTESIAN_POINT('',(2.91341308713032,46.1610437870734,4.40696572028356));
#3312=CARTESIAN_POINT('',(2.00679383778481,46.1610437870734,4.89156380512608));
#3313=CARTESIAN_POINT('',(1.02305462667614,46.1610437870734,5.18997783235039));
#3314=CARTESIAN_POINT('',(6.59058328471504E-15,46.1610437870734,5.29073991824275));
#3315=CARTESIAN_POINT('',(-1.02305462667616,46.1610437870734,5.18997783235039));
#3316=CARTESIAN_POINT('',(1.22827645943812,44.0894875350967,6.22169765684113));
#3317=CARTESIAN_POINT('',(1.48202753656286E-14,44.0894875350967,6.34267232904175));
#3318=CARTESIAN_POINT('',(-1.22827645943816,44.0894875350967,6.22169765684113));
#3319=CARTESIAN_POINT('',(-2.40935094336545,44.0894875350967,5.86342262904853));
#3320=CARTESIAN_POINT('',(-3.49783542171883,44.0894875350966,5.28161555405906));
#3321=CARTESIAN_POINT('',(-4.45190004642422,44.0894875350967,4.49863495148343));
#3322=CARTESIAN_POINT('',(-5.23488064899985,44.0894875350967,3.54457032677801));
#3323=CARTESIAN_POINT('',(-5.81668772398931,44.0894875350967,2.45608584842466));
#3324=CARTESIAN_POINT('',(-6.1749627517819,44.0894875350967,1.27501136449736));
#3325=CARTESIAN_POINT('',(-6.29593742398254,44.0894875350967,0.0467349050591928));
#3326=CARTESIAN_POINT('',(-6.17496275178191,44.0894875350966,-1.18154155437892));
#3327=CARTESIAN_POINT('',(-5.81668772398929,44.0894875350967,-2.36261603830627));
#3328=CARTESIAN_POINT('',(-5.23488064899984,44.0894875350967,-3.45110051665962));
#3329=CARTESIAN_POINT('',(-4.4519000464242,44.0894875350967,-4.40516514136502));
#3330=CARTESIAN_POINT('',(-3.49783542171881,44.0894875350967,-5.18814574394062));
#3331=CARTESIAN_POINT('',(-2.40935094336545,44.0894875350967,-5.76995281893009));
#3332=CARTESIAN_POINT('',(-1.22827645943814,44.0894875350967,-6.1282278467227));
#3333=CARTESIAN_POINT('',(1.18568634771788E-14,44.0894875350967,-6.24920251892333));
#3334=CARTESIAN_POINT('',(1.22827645943814,44.0894875350967,-6.12822784672269));
#3335=CARTESIAN_POINT('',(2.40935094336544,44.0894875350967,-5.76995281893011));
#3336=CARTESIAN_POINT('',(3.49783542171883,44.0894875350967,-5.18814574394062));
#3337=CARTESIAN_POINT('',(4.45190004642423,44.0894875350967,-4.405165141365));
#3338=CARTESIAN_POINT('',(5.23488064899987,44.0894875350967,-3.45110051665956));
#3339=CARTESIAN_POINT('',(5.81668772398929,44.0894875350967,-2.36261603830627));
#3340=CARTESIAN_POINT('',(6.17496275178191,44.0894875350967,-1.18154155437891));
#3341=CARTESIAN_POINT('',(6.29593742398255,44.0894875350967,0.046734905059241));
#3342=CARTESIAN_POINT('',(6.1749627517819,44.0894875350967,1.27501136449739));
#3343=CARTESIAN_POINT('',(5.8166877239893,44.0894875350967,2.45608584842468));
#3344=CARTESIAN_POINT('',(5.23488064899982,44.0894875350967,3.54457032677806));
#3345=CARTESIAN_POINT('',(4.45190004642424,44.0894875350967,4.49863495148341));
#3346=CARTESIAN_POINT('',(3.49783542171881,44.0894875350967,5.28161555405908));
#3347=CARTESIAN_POINT('',(2.40935094336543,44.0894875350967,5.86342262904853));
#3348=CARTESIAN_POINT('',(1.22827645943812,44.0894875350967,6.22169765684113));
#3349=CARTESIAN_POINT('',(1.48202753656286E-14,44.0894875350967,6.34267232904175));
#3350=CARTESIAN_POINT('',(-1.22827645943816,44.0894875350967,6.22169765684113));
#3351=CARTESIAN_POINT('',(1.47612283442982,40.9350971465713,7.46770552581723));
#3352=CARTESIAN_POINT('',(9.04924647901287E-15,40.9350971465714,7.61309093530776));
#3353=CARTESIAN_POINT('',(-1.47612283442985,40.9350971465713,7.46770552581721));
#3354=CARTESIAN_POINT('',(-2.89551909615182,40.9350971465714,7.0371363770992));
#3355=CARTESIAN_POINT('',(-4.20364218283446,40.9350971465713,6.33793002007299));
#3356=CARTESIAN_POINT('',(-5.35022165786048,40.9350971465713,5.39695656291969));
#3357=CARTESIAN_POINT('',(-6.2911951150138,40.9350971465714,4.25037708789367));
#3358=CARTESIAN_POINT('',(-6.99040147204,40.9350971465713,2.94225400121099));
#3359=CARTESIAN_POINT('',(-7.42097062075801,40.9350971465714,1.52285773948908));
#3360=CARTESIAN_POINT('',(-7.56635603024854,40.9350971465713,0.04673490505921));
#3361=CARTESIAN_POINT('',(-7.42097062075801,40.9350971465714,-1.42938792937064));
#3362=CARTESIAN_POINT('',(-6.99040147203998,40.9350971465713,-2.8487841910926));
#3363=CARTESIAN_POINT('',(-6.29119511501377,40.9350971465713,-4.15690727777527));
#3364=CARTESIAN_POINT('',(-5.35022165786048,40.9350971465714,-5.30348675280127));
#3365=CARTESIAN_POINT('',(-4.20364218283444,40.9350971465714,-6.24446020995459));
#3366=CARTESIAN_POINT('',(-2.89551909615183,40.9350971465713,-6.94366656698075));
#3367=CARTESIAN_POINT('',(-1.47612283442983,40.9350971465714,-7.37423571569879));
#3368=CARTESIAN_POINT('',(2.82212701485489E-15,40.9350971465714,-7.51962112518934));
#3369=CARTESIAN_POINT('',(1.47612283442989,40.9350971465713,-7.37423571569877));
#3370=CARTESIAN_POINT('',(2.89551909615178,40.9350971465713,-6.94366656698078));
#3371=CARTESIAN_POINT('',(4.20364218283448,40.9350971465714,-6.24446020995455));
#3372=CARTESIAN_POINT('',(5.3502216578605,40.9350971465713,-5.30348675280125));
#3373=CARTESIAN_POINT('',(6.29119511501381,40.9350971465713,-4.1569072777752));
#3374=CARTESIAN_POINT('',(6.99040147203998,40.9350971465713,-2.8487841910926));
#3375=CARTESIAN_POINT('',(7.42097062075801,40.9350971465713,-1.42938792937064));
#3376=CARTESIAN_POINT('',(7.56635603024855,40.9350971465713,0.0467349050592396));
#3377=CARTESIAN_POINT('',(7.420970620758,40.9350971465713,1.5228577394891));
#3378=CARTESIAN_POINT('',(6.99040147203998,40.9350971465713,2.94225400121104));
#3379=CARTESIAN_POINT('',(6.29119511501378,40.9350971465713,4.25037708789368));
#3380=CARTESIAN_POINT('',(5.35022165786049,40.9350971465714,5.39695656291969));
#3381=CARTESIAN_POINT('',(4.20364218283444,40.9350971465713,6.33793002007302));
#3382=CARTESIAN_POINT('',(2.89551909615179,40.9350971465714,7.03713637709921));
#3383=CARTESIAN_POINT('',(1.47612283442982,40.9350971465713,7.46770552581723));
#3384=CARTESIAN_POINT('',(9.04924647901287E-15,40.9350971465714,7.61309093530776));
#3385=CARTESIAN_POINT('',(-1.47612283442985,40.9350971465713,7.46770552581721));
#3386=CARTESIAN_POINT('',(1.63511937434334,38.2305464396397,8.26703511003586));
#3387=CARTESIAN_POINT('',(2.16498953497893E-14,38.2305464396396,8.42808031187141));
#3388=CARTESIAN_POINT('',(-1.63511937434339,38.2305464396396,8.26703511003584));
#3389=CARTESIAN_POINT('',(-3.20740202811628,38.2305464396396,7.79008838132048));
#3390=CARTESIAN_POINT('',(-4.65642602068043,38.2305464396397,7.01556892103506));
#3391=CARTESIAN_POINT('',(-5.92650617262363,38.2305464396396,5.97324107768284));
#3392=CARTESIAN_POINT('',(-6.96883401597586,38.2305464396396,4.70316092573963));
#3393=CARTESIAN_POINT('',(-7.74335347626129,38.2305464396397,3.25413693317547));
#3394=CARTESIAN_POINT('',(-8.22030020497662,38.2305464396396,1.6818542794026));
#3395=CARTESIAN_POINT('',(-8.38134540681219,38.2305464396397,0.0467349050591972));
#3396=CARTESIAN_POINT('',(-8.22030020497663,38.2305464396396,-1.58838446928415));
#3397=CARTESIAN_POINT('',(-7.74335347626126,38.2305464396396,-3.16066712305708));
#3398=CARTESIAN_POINT('',(-6.96883401597584,38.2305464396396,-4.60969111562122));
#3399=CARTESIAN_POINT('',(-5.9265061726236,38.2305464396396,-5.87977126756444));
#3400=CARTESIAN_POINT('',(-4.65642602068042,38.2305464396396,-6.92209911091664));
#3401=CARTESIAN_POINT('',(-3.20740202811628,38.2305464396396,-7.69661857120206));
#3402=CARTESIAN_POINT('',(-1.63511937434336,38.2305464396396,-8.17356529991742));
#3403=CARTESIAN_POINT('',(1.33838533809132E-14,38.2305464396396,-8.33461050175298));
#3404=CARTESIAN_POINT('',(1.63511937434339,38.2305464396396,-8.17356529991742));
#3405=CARTESIAN_POINT('',(3.20740202811623,38.2305464396396,-7.69661857120207));
#3406=CARTESIAN_POINT('',(4.65642602068046,38.2305464396396,-6.92209911091663));
#3407=CARTESIAN_POINT('',(5.92650617262364,38.2305464396396,-5.87977126756439));
#3408=CARTESIAN_POINT('',(6.96883401597588,38.2305464396397,-4.60969111562117));
#3409=CARTESIAN_POINT('',(7.74335347626127,38.2305464396396,-3.16066712305707));
#3410=CARTESIAN_POINT('',(8.22030020497665,38.2305464396397,-1.58838446928416));
#3411=CARTESIAN_POINT('',(8.3813454068122,38.2305464396396,0.046734905059247));
#3412=CARTESIAN_POINT('',(8.22030020497662,38.2305464396396,1.68185427940264));
#3413=CARTESIAN_POINT('',(7.74335347626127,38.2305464396396,3.2541369331755));
#3414=CARTESIAN_POINT('',(6.96883401597584,38.2305464396397,4.70316092573968));
#3415=CARTESIAN_POINT('',(5.92650617262365,38.2305464396396,5.97324107768283));
#3416=CARTESIAN_POINT('',(4.65642602068041,38.2305464396396,7.01556892103509));
#3417=CARTESIAN_POINT('',(3.20740202811624,38.2305464396396,7.7900883813205));
#3418=CARTESIAN_POINT('',(1.63511937434334,38.2305464396397,8.26703511003586));
#3419=CARTESIAN_POINT('',(2.16498953497893E-14,38.2305464396396,8.42808031187141));
#3420=CARTESIAN_POINT('',(-1.63511937434339,38.2305464396396,8.26703511003584));
#3421=CARTESIAN_POINT('',(1.73154722347689,36.3667053823504,8.75181064412573));
#3422=CARTESIAN_POINT('',(1.8576566356917E-14,36.3667053823504,8.92235316014516));
#3423=CARTESIAN_POINT('',(-1.73154722347695,36.3667053823504,8.75181064412571));
#3424=CARTESIAN_POINT('',(-3.39655205821854,36.3667053823504,8.24673694931665));
#3425=CARTESIAN_POINT('',(-4.93102930217114,36.3667053823504,7.42654177456092));
#3426=CARTESIAN_POINT('',(-6.27600985539438,36.3667053823504,6.3227447604536));
#3427=CARTESIAN_POINT('',(-7.37980686950171,36.3667053823504,4.97776420723034));
#3428=CARTESIAN_POINT('',(-8.20000204425746,36.3667053823504,3.44328696327772));
#3429=CARTESIAN_POINT('',(-8.70507573906649,36.3667053823504,1.77828212853615));
#3430=CARTESIAN_POINT('',(-8.87561825508594,36.3667053823504,0.0467349050592042));
#3431=CARTESIAN_POINT('',(-8.7050757390665,36.3667053823504,-1.68481231841771));
#3432=CARTESIAN_POINT('',(-8.20000204425743,36.3667053823504,-3.34981715315935));
#3433=CARTESIAN_POINT('',(-7.37980686950169,36.3667053823504,-4.88429439711193));
#3434=CARTESIAN_POINT('',(-6.27600985539436,36.3667053823504,-6.22927495033519));
#3435=CARTESIAN_POINT('',(-4.93102930217113,36.3667053823504,-7.3330719644425));
#3436=CARTESIAN_POINT('',(-3.39655205821855,36.3667053823504,-8.15326713919823));
#3437=CARTESIAN_POINT('',(-1.73154722347692,36.3667053823504,-8.65834083400729));
#3438=CARTESIAN_POINT('',(1.20779959537806E-14,36.3667053823504,-8.82888335002673));
#3439=CARTESIAN_POINT('',(1.73154722347695,36.3667053823504,-8.65834083400728));
#3440=CARTESIAN_POINT('',(3.3965520582185,36.3667053823504,-8.15326713919825));
#3441=CARTESIAN_POINT('',(4.93102930217115,36.3667053823504,-7.33307196444248));
#3442=CARTESIAN_POINT('',(6.2760098553944,36.3667053823504,-6.22927495033515));
#3443=CARTESIAN_POINT('',(7.37980686950173,36.3667053823504,-4.88429439711188));
#3444=CARTESIAN_POINT('',(8.20000204425744,36.3667053823504,-3.34981715315933));
#3445=CARTESIAN_POINT('',(8.70507573906651,36.3667053823504,-1.68481231841771));
#3446=CARTESIAN_POINT('',(8.87561825508594,36.3667053823504,0.0467349050592432));
#3447=CARTESIAN_POINT('',(8.70507573906649,36.3667053823504,1.77828212853619));
#3448=CARTESIAN_POINT('',(8.20000204425744,36.3667053823504,3.44328696327777));
#3449=CARTESIAN_POINT('',(7.37980686950169,36.3667053823504,4.97776420723037));
#3450=CARTESIAN_POINT('',(6.2760098553944,36.3667053823504,6.32274476045358));
#3451=CARTESIAN_POINT('',(4.93102930217111,36.3667053823504,7.42654177456094));
#3452=CARTESIAN_POINT('',(3.39655205821851,36.3667053823504,8.24673694931667));
#3453=CARTESIAN_POINT('',(1.73154722347689,36.3667053823504,8.75181064412573));
#3454=CARTESIAN_POINT('',(1.8576566356917E-14,36.3667053823504,8.92235316014516));
#3455=CARTESIAN_POINT('',(-1.73154722347695,36.3667053823504,8.75181064412571));
#3456=CARTESIAN_POINT('',(-0.867613912769547,36.4999999969731,8.80157015807237));
#3457=CARTESIAN_POINT('',(0.000384211102683998,36.4999999969731,8.84462653850685));
#3458=CARTESIAN_POINT('',(0.866077068358815,36.4999999969731,8.80154357353838));
#3459=CARTESIAN_POINT('',(1.71440720834344,36.4999999969731,8.67550362651419));
#3460=CARTESIAN_POINT('',(2.54927488737088,36.4999999969731,8.46711589743589));
#3461=CARTESIAN_POINT('',(3.64428337773979,36.4999999969731,8.07506621280189));
#3462=CARTESIAN_POINT('',(4.65016349296471,36.499999996973,7.53712836248441));
#3463=CARTESIAN_POINT('',(5.58164120893773,36.4999999969731,6.847277883321));
#3464=CARTESIAN_POINT('',(6.22223967478881,36.4999999969731,6.2661366258795));
#3465=CARTESIAN_POINT('',(6.79801811363245,36.4999999969731,5.63073331937827));
#3466=CARTESIAN_POINT('',(7.31226525930535,36.4999999969731,4.93892349784469));
#3467=CARTESIAN_POINT('',(7.76029835601029,36.4999999969731,4.1912730837702));
#3468=CARTESIAN_POINT('',(8.12702485566007,36.4999999969731,3.41506563749413));
#3469=CARTESIAN_POINT('',(8.41679911500516,36.4999999969731,2.60730749299613));
#3470=CARTESIAN_POINT('',(8.62897328884109,36.4999999969731,1.76244495453201));
#3471=CARTESIAN_POINT('',(8.75506947438326,36.4999999969731,0.908888181035292));
#3472=CARTESIAN_POINT('',(8.79753499670761,36.4999999969731,0.0524792359325582));
#3473=CARTESIAN_POINT('',(8.75599353383837,36.4999999969731,-0.810401026067078));
#3474=CARTESIAN_POINT('',(8.58555078375797,36.4999999969731,-1.95811797656996));
#3475=CARTESIAN_POINT('',(8.25517236469309,36.4999999969731,-3.04942428492129));
#3476=CARTESIAN_POINT('',(7.75881733984025,36.4999999969731,-4.10086530724003));
#3477=CARTESIAN_POINT('',(7.31580501516325,36.4999999969731,-4.83938320904773));
#3478=CARTESIAN_POINT('',(6.80541279805364,36.4999999969731,-5.52844702670807));
#3479=CARTESIAN_POINT('',(6.22452786923941,36.4999999969731,-6.17084463670682));
#3480=CARTESIAN_POINT('',(5.58103929560863,36.4999999969731,-6.75395809465855));
#3481=CARTESIAN_POINT('',(4.89230960319659,36.4999999969731,-7.26490166387571));
#3482=CARTESIAN_POINT('',(4.15525261493157,36.4999999969731,-7.70789190494737));
#3483=CARTESIAN_POINT('',(3.36691878506789,36.4999999969731,-8.08136809494501));
#3484=CARTESIAN_POINT('',(2.5572214028632,36.4999999969731,-8.37071213839835));
#3485=CARTESIAN_POINT('',(1.72562166575787,36.4999999969731,-8.58005917642879));
#3486=CARTESIAN_POINT('',(0.866650296689886,36.4999999969731,-8.70826923419838));
#3487=CARTESIAN_POINT('',(0.00173472218365929,36.4999999969731,-8.75088013520202));
#3488=CARTESIAN_POINT('',(-0.854733331172083,36.4999999969732,-8.70900786540506));
#3489=CARTESIAN_POINT('',(-1.7068561500716,36.4999999969731,-8.58398062046168));
#3490=CARTESIAN_POINT('',(-2.55281292716694,36.4999999969731,-8.3724643098766));
#3491=CARTESIAN_POINT('',(-3.36147470751055,36.4999999969731,-8.08313305341696));
#3492=CARTESIAN_POINT('',(-4.13746415119902,36.4999999969731,-7.71728390301997));
#3493=CARTESIAN_POINT('',(-4.88456091639763,36.4999999969731,-7.27064127075756));
#3494=CARTESIAN_POINT('',(-5.57827281000446,36.4999999969731,-6.7560529915433));
#3495=CARTESIAN_POINT('',(-6.21408142557094,36.4999999969731,-6.18073123590029));
#3496=CARTESIAN_POINT('',(-6.79455634121687,36.4999999969731,-5.54218905697303));
#3497=CARTESIAN_POINT('',(-7.48664299248857,36.4999999969731,-4.6096894669877));
#3498=CARTESIAN_POINT('',(-8.02492627313491,36.4999999969731,-3.60480933785687));
#3499=CARTESIAN_POINT('',(-8.41781555702443,36.4999999969731,-2.51106661266984));
#3500=CARTESIAN_POINT('',(-8.6273582572474,36.4999999969731,-1.67497076663661));
#3501=CARTESIAN_POINT('',(-8.75399951073115,36.4999999969731,-0.826885601643116));
#3502=CARTESIAN_POINT('',(-8.79789253387019,36.4999999969731,0.0369867414570739));
#3503=CARTESIAN_POINT('',(-8.75561305143356,36.4999999969731,0.905348032601591));
#3504=CARTESIAN_POINT('',(-8.63020207836235,36.4999999969731,1.7538059960628));
#3505=CARTESIAN_POINT('',(-8.42276777009913,36.4999999969731,2.58780966197893));
#3506=CARTESIAN_POINT('',(-8.12987120162406,36.4999999969731,3.40943906191982));
#3507=CARTESIAN_POINT('',(-7.76200151403507,36.4999999969731,4.18723562886136));
#3508=CARTESIAN_POINT('',(-7.17591130346413,36.4999999969731,5.16900285257571));
#3509=CARTESIAN_POINT('',(-6.43657084618879,36.4999999969731,6.07183138812886));
#3510=CARTESIAN_POINT('',(-5.58969006909976,36.4999999969731,6.83995340102938));
#3511=CARTESIAN_POINT('',(-4.89956550471835,36.4999999969731,7.35405426109421));
#3512=CARTESIAN_POINT('',(-4.15182847118291,36.4999999969731,7.80317047674611));
#3513=CARTESIAN_POINT('',(-3.37522908034359,36.4999999969731,8.17091876933632));
#3514=CARTESIAN_POINT('',(-2.56796766304782,36.499999996973,8.46121597027329));
#3515=CARTESIAN_POINT('',(-1.72533810658768,36.4999999969731,8.67378411995398));
#3516=CARTESIAN_POINT('',(-0.867613912769547,36.4999999969731,8.80157015807237));
#3517=CARTESIAN_POINT('',(0.000384211102683998,36.4999999969731,8.84462653850685));
#3518=CARTESIAN_POINT('',(0.866077068358815,36.4999999969731,8.80154357353838));
#3519=CARTESIAN_POINT('',(-2.40357834055743E-14,36.4999999969731,8.83026998093968));
#3520=CARTESIAN_POINT('',(2.1119488942469E-14,50.1249999969731,0.0467349060164367));
#3521=CARTESIAN_POINT('',(4.59999999999947,36.4999999969731,0.0467349050592163));
#3522=CARTESIAN_POINT('',(-0.905930146249702,36.4999999968839,9.18820897348848));
#3523=CARTESIAN_POINT('',(0.000401180683450994,36.4999999973058,9.2331624175657));
#3524=CARTESIAN_POINT('',(0.904325423515914,36.499999996884,9.18818118643374));
#3525=CARTESIAN_POINT('',(1.79011920375326,36.4999999969969,9.05657076566558));
#3526=CARTESIAN_POINT('',(2.6618574518907,36.4999999969668,8.83898414858558));
#3527=CARTESIAN_POINT('',(3.80522342921562,36.4999999969767,8.42961675302799));
#3528=CARTESIAN_POINT('',(4.8555260927966,36.4999999969725,7.86792210715223));
#3529=CARTESIAN_POINT('',(5.82814369646216,36.4999999969732,7.1476082075813));
#3530=CARTESIAN_POINT('',(6.49702927656365,36.4999999969731,6.54079966555047));
#3531=CARTESIAN_POINT('',(7.09823880005087,36.4999999969731,5.87733809401478));
#3532=CARTESIAN_POINT('',(7.63519303299332,36.4999999969731,5.15497318502839));
#3533=CARTESIAN_POINT('',(8.10301596135023,36.4999999969731,4.37430701243216));
#3534=CARTESIAN_POINT('',(8.48593368592608,36.4999999969731,3.56381901861047));
#3535=CARTESIAN_POINT('',(8.78850901911056,36.4999999969731,2.72039046013305));
#3536=CARTESIAN_POINT('',(9.01004907543632,36.4999999969731,1.83821615903997));
#3537=CARTESIAN_POINT('',(9.14171858181455,36.4999999969731,0.946963804124677));
#3538=CARTESIAN_POINT('',(9.18605522083773,36.4999999969731,0.0527329445379581));
#3539=CARTESIAN_POINT('',(9.14268314657135,36.4999999969731,-0.848255089538112));
#3540=CARTESIAN_POINT('',(8.96470919130949,36.4999999969731,-2.04665773603307));
#3541=CARTESIAN_POINT('',(8.61974022520507,36.4999999969731,-3.18615931834213));
#3542=CARTESIAN_POINT('',(8.10146785914134,36.4999999969731,-4.28403699204336));
#3543=CARTESIAN_POINT('',(7.63888782191669,36.4999999969731,-5.05516682307292));
#3544=CARTESIAN_POINT('',(7.10595896700282,36.4999999969731,-5.77466372519314));
#3545=CARTESIAN_POINT('',(6.49941761330771,36.4999999969731,-6.44542803563978));
#3546=CARTESIAN_POINT('',(5.82751373995298,36.4999999969731,-7.05429662831662));
#3547=CARTESIAN_POINT('',(5.10836555481017,36.4999999969731,-7.58780102713556));
#3548=CARTESIAN_POINT('',(4.33876092006824,36.4999999969731,-8.0503584077267));
#3549=CARTESIAN_POINT('',(3.5156103931765,36.4999999969731,-8.44032434461404));
#3550=CARTESIAN_POINT('',(2.67015533694144,36.4999999969731,-8.74245103314915));
#3551=CARTESIAN_POINT('',(1.80182820162076,36.4999999969731,-8.9610392215227));
#3552=CARTESIAN_POINT('',(0.904922056346232,36.4999999969731,-9.09491569599941));
#3553=CARTESIAN_POINT('',(0.00181002498413586,36.4999999969731,-9.13940377995549));
#3554=CARTESIAN_POINT('',(-0.892482234967405,36.4999999969732,-9.09568662385262));
#3555=CARTESIAN_POINT('',(-1.78223680715072,36.4999999969731,-8.9651332510208));
#3556=CARTESIAN_POINT('',(-2.66555403177672,36.4999999969731,-8.74427997130869));
#3557=CARTESIAN_POINT('',(-3.50992610317987,36.4999999969731,-8.4421671138998));
#3558=CARTESIAN_POINT('',(-4.32018639866349,36.4999999969731,-8.06016541077707));
#3559=CARTESIAN_POINT('',(-5.10027407260602,36.4999999969731,-7.59379453963013));
#3560=CARTESIAN_POINT('',(-5.82462545684232,36.4999999969731,-7.05648373899109));
#3561=CARTESIAN_POINT('',(-6.48851038356318,36.4999999969731,-6.4557508215512));
#3562=CARTESIAN_POINT('',(-7.09462378370584,36.4999999969731,-5.78901134597736));
#3563=CARTESIAN_POINT('',(-7.81727167842769,36.4999999969731,-4.81532750691403));
#3564=CARTESIAN_POINT('',(-8.37932703663173,36.4999999969731,-3.76606885750118));
#3565=CARTESIAN_POINT('',(-8.78957107037305,36.4999999969731,-2.62402388501438));
#3566=CARTESIAN_POINT('',(-9.00836337072466,36.4999999969731,-1.75100369672328));
#3567=CARTESIAN_POINT('',(-9.14060152165308,36.4999999969731,-0.865465749352891));
#3568=CARTESIAN_POINT('',(-9.18642845770631,36.4999999969731,0.0365575068239312));
#3569=CARTESIAN_POINT('',(-9.14228607621696,36.4999999969731,0.943268040392144));
#3570=CARTESIAN_POINT('',(-9.01133223571808,36.4999999969731,1.82919501503113));
#3571=CARTESIAN_POINT('',(-8.79474146907848,36.4999999969731,2.70003086341842));
#3572=CARTESIAN_POINT('',(-8.48890584189197,36.4999999969731,3.55794400755918));
#3573=CARTESIAN_POINT('',(-8.1047933807032,36.4999999969731,4.37009252372439));
#3574=CARTESIAN_POINT('',(-7.4928156237604,36.4999999969731,5.39521622286633));
#3575=CARTESIAN_POINT('',(-6.7208242235992,36.4999999969731,6.33791523801776));
#3576=CARTESIAN_POINT('',(-5.83654527382316,36.4999999969731,7.13996252594647));
#3577=CARTESIAN_POINT('',(-5.11594006698007,36.4999999969732,7.67676432327598));
#3578=CARTESIAN_POINT('',(-4.33518320855858,36.4999999969726,8.14571808326414));
#3579=CARTESIAN_POINT('',(-3.5242860147802,36.4999999969748,8.52970259467623));
#3580=CARTESIAN_POINT('',(-2.68137600521073,36.4999999969667,8.83282387572645));
#3581=CARTESIAN_POINT('',(-1.80153328971332,36.499999996997,9.05477515988492));
#3582=CARTESIAN_POINT('',(-0.905930146249702,36.4999999968839,9.18820897348848));
#3583=CARTESIAN_POINT('',(0.000401180683450994,36.4999999973058,9.2331624175657));
#3584=CARTESIAN_POINT('',(0.904325423515914,36.499999996884,9.18818118643374));
#3585=CARTESIAN_POINT('',(-2.16801264360067E-11,36.4999999969731,9.21817330513224));
#3586=CARTESIAN_POINT('',(0.,50.4999999969731,0.0467349050592163));
#3587=CARTESIAN_POINT('',(0.,50.4999999969731,0.0467349050592163));
#3588=CARTESIAN_POINT('',(0.,50.4999999969731,0.0467349050592163));
#3589=CARTESIAN_POINT('',(0.,50.4999999969731,0.0467349050592163));
#3590=CARTESIAN_POINT('',(0.,50.4999999969731,0.0467349050592163));
#3591=CARTESIAN_POINT('',(0.,50.4999999969731,0.0467349050592163));
#3592=CARTESIAN_POINT('',(0.,50.4999999969731,0.0467349050592163));
#3593=CARTESIAN_POINT('',(0.,50.4999999969731,0.0467349050592163));
#3594=CARTESIAN_POINT('',(0.,50.4999999969731,0.0467349050592163));
#3595=CARTESIAN_POINT('',(0.,50.4999999969731,0.0467349050592163));
#3596=CARTESIAN_POINT('',(0.,50.4999999969731,0.0467349050592163));
#3597=CARTESIAN_POINT('',(0.,50.4999999969731,0.0467349050592163));
#3598=CARTESIAN_POINT('',(0.,50.4999999969731,0.0467349050592163));
#3599=CARTESIAN_POINT('',(0.,50.4999999969731,0.0467349050592163));
#3600=CARTESIAN_POINT('',(0.,50.4999999969731,0.0467349050592163));
#3601=CARTESIAN_POINT('',(0.,50.4999999969731,0.0467349050592163));
#3602=CARTESIAN_POINT('',(0.,50.4999999969731,0.0467349050592163));
#3603=CARTESIAN_POINT('',(0.,50.4999999969731,0.0467349050592163));
#3604=CARTESIAN_POINT('',(0.,50.4999999969731,0.0467349050592163));
#3605=CARTESIAN_POINT('',(0.,50.4999999969731,0.0467349050592163));
#3606=CARTESIAN_POINT('',(0.,50.4999999969731,0.0467349050592163));
#3607=CARTESIAN_POINT('',(0.,50.4999999969731,0.0467349050592163));
#3608=CARTESIAN_POINT('',(0.,50.4999999969731,0.0467349050592163));
#3609=CARTESIAN_POINT('',(0.,50.4999999969731,0.0467349050592163));
#3610=CARTESIAN_POINT('',(0.,50.4999999969731,0.0467349050592163));
#3611=CARTESIAN_POINT('',(0.,50.4999999969731,0.0467349050592163));
#3612=CARTESIAN_POINT('',(0.,50.4999999969731,0.0467349050592163));
#3613=CARTESIAN_POINT('',(0.,50.4999999969731,0.0467349050592163));
#3614=CARTESIAN_POINT('',(0.,50.4999999969731,0.0467349050592163));
#3615=CARTESIAN_POINT('',(0.,50.4999999969731,0.0467349050592163));
#3616=CARTESIAN_POINT('',(0.,50.4999999969731,0.0467349050592163));
#3617=CARTESIAN_POINT('',(0.,50.4999999969731,0.0467349050592163));
#3618=CARTESIAN_POINT('',(0.,50.4999999969731,0.0467349050592163));
#3619=CARTESIAN_POINT('',(0.,50.4999999969731,0.0467349050592163));
#3620=CARTESIAN_POINT('',(0.,50.4999999969731,0.0467349050592163));
#3621=CARTESIAN_POINT('',(0.465667176132036,50.5000000030269,2.38780188981455));
#3622=CARTESIAN_POINT('',(1.35738697185193E-15,50.5000000030269,2.43366610348916));
#3623=CARTESIAN_POINT('',(-0.46566717613204,50.5000000030269,2.38780188981455));
#3624=CARTESIAN_POINT('',(-0.913439023834487,50.5000000030269,2.25197178480128));
#3625=CARTESIAN_POINT('',(-1.32610792211348,50.5000000030269,2.03139566321061));
#3626=CARTESIAN_POINT('',(-1.68781523663554,50.5000000030269,1.73455014169476));
#3627=CARTESIAN_POINT('',(-1.98466075815139,50.5000000030269,1.3728428271727));
#3628=CARTESIAN_POINT('',(-2.20523687974206,50.5000000030269,0.960173928893702));
#3629=CARTESIAN_POINT('',(-2.34106698475532,50.5000000030269,0.512402081191256));
#3630=CARTESIAN_POINT('',(-2.38693119842994,50.5000000030269,0.0467349050592172));
#3631=CARTESIAN_POINT('',(-2.34106698475533,50.5000000030269,-0.418932271072824));
#3632=CARTESIAN_POINT('',(-2.20523687974206,50.5000000030269,-0.866704118775268));
#3633=CARTESIAN_POINT('',(-1.98466075815139,50.5000000030269,-1.27937301705426));
#3634=CARTESIAN_POINT('',(-1.68781523663554,50.5000000030269,-1.64108033157632));
#3635=CARTESIAN_POINT('',(-1.32610792211348,50.5000000030269,-1.93792585309217));
#3636=CARTESIAN_POINT('',(-0.913439023834487,50.5000000030269,-2.15850197468284));
#3637=CARTESIAN_POINT('',(-0.465667176132037,50.5000000030269,-2.29433207969611));
#3638=CARTESIAN_POINT('',(-1.30789609363478E-15,50.5000000030269,-2.34019629337072));
#3639=CARTESIAN_POINT('',(0.46566717613204,50.5000000030269,-2.29433207969611));
#3640=CARTESIAN_POINT('',(0.913439023834484,50.5000000030269,-2.15850197468284));
#3641=CARTESIAN_POINT('',(1.32610792211348,50.5000000030269,-1.93792585309217));
#3642=CARTESIAN_POINT('',(1.68781523663554,50.5000000030269,-1.64108033157633));
#3643=CARTESIAN_POINT('',(1.98466075815139,50.5000000030269,-1.27937301705425));
#3644=CARTESIAN_POINT('',(2.20523687974206,50.5000000030269,-0.866704118775274));
#3645=CARTESIAN_POINT('',(2.34106698475533,50.5000000030269,-0.418932271072816));
#3646=CARTESIAN_POINT('',(2.38693119842994,50.5000000030269,0.0467349050592134));
#3647=CARTESIAN_POINT('',(2.34106698475532,50.5000000030269,0.512402081191257));
#3648=CARTESIAN_POINT('',(2.20523687974206,50.5000000030269,0.960173928893701));
#3649=CARTESIAN_POINT('',(1.98466075815139,50.5000000030269,1.3728428271727));
#3650=CARTESIAN_POINT('',(1.68781523663554,50.5000000030269,1.73455014169476));
#3651=CARTESIAN_POINT('',(1.32610792211348,50.5000000030269,2.03139566321061));
#3652=CARTESIAN_POINT('',(0.913439023834482,50.5000000030269,2.25197178480128));
#3653=CARTESIAN_POINT('',(0.465667176132036,50.5000000030269,2.38780188981455));
#3654=CARTESIAN_POINT('',(1.35738697185193E-15,50.5000000030269,2.43366610348916));
#3655=CARTESIAN_POINT('',(-0.46566717613204,50.5000000030269,2.38780188981455));
#3656=CARTESIAN_POINT('',(0.961259558611971,48.0132172334701,4.87931304625268));
#3657=CARTESIAN_POINT('',(2.97289340486993E-15,48.0132172334701,4.97398884917086));
#3658=CARTESIAN_POINT('',(-0.96125955861198,48.0132172334701,4.87931304625268));
#3659=CARTESIAN_POINT('',(-1.88557845146707,48.0132172334701,4.59892397550948));
#3660=CARTESIAN_POINT('',(-2.73743562187686,48.0132172334701,4.14359683168592));
#3661=CARTESIAN_POINT('',(-3.48409467650951,48.0132172334701,3.53082958156873));
#3662=CARTESIAN_POINT('',(-4.0968619266267,48.0132172334701,2.78417052693608));
#3663=CARTESIAN_POINT('',(-4.55218907045026,48.0132172334701,1.93231335652629));
#3664=CARTESIAN_POINT('',(-4.83257814119346,48.0132172334701,1.0079944636712));
#3665=CARTESIAN_POINT('',(-4.92725394411165,48.0132172334701,0.046734905059218));
#3666=CARTESIAN_POINT('',(-4.83257814119346,48.0132172334701,-0.914524653552762));
#3667=CARTESIAN_POINT('',(-4.55218907045026,48.0132172334701,-1.83884354640784));
#3668=CARTESIAN_POINT('',(-4.0968619266267,48.0132172334701,-2.69070071681764));
#3669=CARTESIAN_POINT('',(-3.48409467650951,48.0132172334701,-3.43735977145029));
#3670=CARTESIAN_POINT('',(-2.73743562187686,48.0132172334701,-4.05012702156747));
#3671=CARTESIAN_POINT('',(-1.88557845146707,48.0132172334701,-4.50545416539104));
#3672=CARTESIAN_POINT('',(-0.961259558611973,48.0132172334701,-4.78584323613425));
#3673=CARTESIAN_POINT('',(-3.01789736447391E-15,48.0132172334701,-4.88051903905243));
#3674=CARTESIAN_POINT('',(0.961259558611981,48.0132172334701,-4.78584323613425));
#3675=CARTESIAN_POINT('',(1.88557845146707,48.0132172334701,-4.50545416539104));
#3676=CARTESIAN_POINT('',(2.73743562187687,48.0132172334701,-4.05012702156748));
#3677=CARTESIAN_POINT('',(3.4840946765095,48.0132172334701,-3.43735977145029));
#3678=CARTESIAN_POINT('',(4.0968619266267,48.0132172334701,-2.69070071681763));
#3679=CARTESIAN_POINT('',(4.55218907045026,48.0132172334701,-1.83884354640786));
#3680=CARTESIAN_POINT('',(4.83257814119348,48.0132172334701,-0.914524653552747));
#3681=CARTESIAN_POINT('',(4.92725394411165,48.0132172334701,0.0467349050592085));
#3682=CARTESIAN_POINT('',(4.83257814119346,48.0132172334701,1.0079944636712));
#3683=CARTESIAN_POINT('',(4.55218907045026,48.0132172334701,1.93231335652629));
#3684=CARTESIAN_POINT('',(4.09686192662669,48.0132172334701,2.78417052693609));
#3685=CARTESIAN_POINT('',(3.4840946765095,48.0132172334701,3.53082958156873));
#3686=CARTESIAN_POINT('',(2.73743562187686,48.0132172334701,4.14359683168592));
#3687=CARTESIAN_POINT('',(1.88557845146706,48.0132172334701,4.59892397550949));
#3688=CARTESIAN_POINT('',(0.961259558611971,48.0132172334701,4.87931304625268));
#3689=CARTESIAN_POINT('',(2.97289340486993E-15,48.0132172334701,4.97398884917086));
#3690=CARTESIAN_POINT('',(-0.96125955861198,48.0132172334701,4.87931304625268));
#3691=CARTESIAN_POINT('',(1.41527134464266,42.834200922977,7.16178442805537));
#3692=CARTESIAN_POINT('',(4.37095678986282E-15,42.834200922977,7.3011764889204));
#3693=CARTESIAN_POINT('',(-1.41527134464267,42.834200922977,7.16178442805537));
#3694=CARTESIAN_POINT('',(-2.77615460520403,42.834200922977,6.74896500418733));
#3695=CARTESIAN_POINT('',(-4.03035180117285,42.834200922977,6.07858263626374));
#3696=CARTESIAN_POINT('',(-5.12966483766992,42.834200922977,5.17639974272914));
#3697=CARTESIAN_POINT('',(-6.03184773120452,42.834200922977,4.07708670623207));
#3698=CARTESIAN_POINT('',(-6.70223009912811,42.834200922977,2.82288951026326));
#3699=CARTESIAN_POINT('',(-7.11504952299615,42.834200922977,1.46200624970189));
#3700=CARTESIAN_POINT('',(-7.25444158386119,42.834200922977,0.0467349050592183));
#3701=CARTESIAN_POINT('',(-7.11504952299615,42.834200922977,-1.36853643958345));
#3702=CARTESIAN_POINT('',(-6.70223009912811,42.834200922977,-2.72941970014482));
#3703=CARTESIAN_POINT('',(-6.03184773120452,42.834200922977,-3.98361689611363));
#3704=CARTESIAN_POINT('',(-5.12966483766992,42.834200922977,-5.0829299326107));
#3705=CARTESIAN_POINT('',(-4.03035180117285,42.834200922977,-5.9851128261453));
#3706=CARTESIAN_POINT('',(-2.77615460520404,42.834200922977,-6.65549519406889));
#3707=CARTESIAN_POINT('',(-1.41527134464266,42.834200922977,-7.06831461793693));
#3708=CARTESIAN_POINT('',(-3.70780141431858E-15,42.834200922977,-7.20770667880197));
#3709=CARTESIAN_POINT('',(1.41527134464267,42.834200922977,-7.06831461793692));
#3710=CARTESIAN_POINT('',(2.77615460520403,42.834200922977,-6.6554951940689));
#3711=CARTESIAN_POINT('',(4.03035180117286,42.834200922977,-5.98511282614529));
#3712=CARTESIAN_POINT('',(5.12966483766992,42.834200922977,-5.08292993261071));
#3713=CARTESIAN_POINT('',(6.03184773120453,42.834200922977,-3.98361689611362));
#3714=CARTESIAN_POINT('',(6.7022300991281,42.834200922977,-2.72941970014483));
#3715=CARTESIAN_POINT('',(7.11504952299615,42.834200922977,-1.36853643958343));
#3716=CARTESIAN_POINT('',(7.25444158386119,42.834200922977,0.0467349050592101));
#3717=CARTESIAN_POINT('',(7.11504952299615,42.834200922977,1.46200624970189));
#3718=CARTESIAN_POINT('',(6.70223009912811,42.834200922977,2.82288951026325));
#3719=CARTESIAN_POINT('',(6.03184773120452,42.834200922977,4.07708670623207));
#3720=CARTESIAN_POINT('',(5.12966483766992,42.834200922977,5.17639974272915));
#3721=CARTESIAN_POINT('',(4.03035180117285,42.834200922977,6.07858263626374));
#3722=CARTESIAN_POINT('',(2.77615460520403,42.834200922977,6.74896500418733));
#3723=CARTESIAN_POINT('',(1.41527134464266,42.834200922977,7.16178442805537));
#3724=CARTESIAN_POINT('',(4.37095678986282E-15,42.834200922977,7.3011764889204));
#3725=CARTESIAN_POINT('',(-1.41527134464267,42.834200922977,7.16178442805537));
#3726=CARTESIAN_POINT('',(1.62027795673579,39.7847721035888,8.19242226517811));
#3727=CARTESIAN_POINT('',(4.71243778907085E-15,39.7847721035888,8.35200571496569));
#3728=CARTESIAN_POINT('',(-1.6202779567358,39.7847721035888,8.1924222651781));
#3729=CARTESIAN_POINT('',(-3.1782895402566,39.7847721035888,7.71980461829524));
#3730=CARTESIAN_POINT('',(-4.61416123915064,39.7847721035888,6.9523152054398));
#3731=CARTESIAN_POINT('',(-5.87271330927556,39.7847721035888,5.91944821433477));
#3732=CARTESIAN_POINT('',(-6.90558030038058,39.7847721035888,4.66089614420986));
#3733=CARTESIAN_POINT('',(-7.67306971323603,39.7847721035888,3.22502444531582));
#3734=CARTESIAN_POINT('',(-8.14568736011888,39.7847721035888,1.66701286179502));
#3735=CARTESIAN_POINT('',(-8.30527080990647,39.7847721035888,0.0467349050592187));
#3736=CARTESIAN_POINT('',(-8.14568736011888,39.7847721035888,-1.57354305167659));
#3737=CARTESIAN_POINT('',(-7.67306971323602,39.7847721035888,-3.13155463519737));
#3738=CARTESIAN_POINT('',(-6.90558030038058,39.7847721035888,-4.56742633409142));
#3739=CARTESIAN_POINT('',(-5.87271330927556,39.7847721035888,-5.82597840421633));
#3740=CARTESIAN_POINT('',(-4.61416123915064,39.7847721035888,-6.85884539532136));
#3741=CARTESIAN_POINT('',(-3.1782895402566,39.7847721035888,-7.6263348081768));
#3742=CARTESIAN_POINT('',(-1.62027795673579,39.7847721035888,-8.09895245505967));
#3743=CARTESIAN_POINT('',(-4.76905674607521E-15,39.7847721035888,-8.25853590484725));
#3744=CARTESIAN_POINT('',(1.62027795673581,39.7847721035888,-8.09895245505967));
#3745=CARTESIAN_POINT('',(3.17828954025659,39.7847721035888,-7.6263348081768));
#3746=CARTESIAN_POINT('',(4.61416123915065,39.7847721035888,-6.85884539532135));
#3747=CARTESIAN_POINT('',(5.87271330927555,39.7847721035888,-5.82597840421634));
#3748=CARTESIAN_POINT('',(6.90558030038059,39.7847721035888,-4.5674263340914));
#3749=CARTESIAN_POINT('',(7.67306971323602,39.7847721035888,-3.13155463519739));
#3750=CARTESIAN_POINT('',(8.1456873601189,39.7847721035888,-1.57354305167656));
#3751=CARTESIAN_POINT('',(8.30527080990647,39.7847721035888,0.0467349050592065));
#3752=CARTESIAN_POINT('',(8.14568736011888,39.7847721035888,1.66701286179503));
#3753=CARTESIAN_POINT('',(7.67306971323603,39.7847721035888,3.22502444531581));
#3754=CARTESIAN_POINT('',(6.90558030038057,39.7847721035888,4.66089614420987));
#3755=CARTESIAN_POINT('',(5.87271330927555,39.7847721035888,5.91944821433478));
#3756=CARTESIAN_POINT('',(4.61416123915064,39.7847721035888,6.9523152054398));
#3757=CARTESIAN_POINT('',(3.17828954025658,39.7847721035888,7.71980461829525));
#3758=CARTESIAN_POINT('',(1.62027795673579,39.7847721035888,8.19242226517811));
#3759=CARTESIAN_POINT('',(4.71243778907085E-15,39.7847721035888,8.35200571496569));
#3760=CARTESIAN_POINT('',(-1.6202779567358,39.7847721035888,8.1924222651781));
#3761=CARTESIAN_POINT('',(1.76721855453056,37.1816133815241,8.93114253546833));
#3762=CARTESIAN_POINT('',(5.63443648693254E-15,37.1816133815241,9.10519837094286));
#3763=CARTESIAN_POINT('',(-1.76721855453057,37.1816133815241,8.93114253546832));
#3764=CARTESIAN_POINT('',(-3.46652389107812,37.1816133815241,8.41566389719037));
#3765=CARTESIAN_POINT('',(-5.03261265854053,37.1816133815241,7.57857201109426));
#3766=CARTESIAN_POINT('',(-6.40530094385692,37.1816133815241,6.45203584891614));
#3767=CARTESIAN_POINT('',(-7.53183710603504,37.1816133815241,5.07934756359975));
#3768=CARTESIAN_POINT('',(-8.36892899213115,37.1816133815241,3.51325879613734));
#3769=CARTESIAN_POINT('',(-8.8844076304091,37.1816133815241,1.81395345958979));
#3770=CARTESIAN_POINT('',(-9.05846346588364,37.1816133815241,0.0467349050592176));
#3771=CARTESIAN_POINT('',(-8.8844076304091,37.1816133815241,-1.72048364947135));
#3772=CARTESIAN_POINT('',(-8.36892899213115,37.1816133815241,-3.4197889860189));
#3773=CARTESIAN_POINT('',(-7.53183710603504,37.1816133815241,-4.9858777534813));
#3774=CARTESIAN_POINT('',(-6.40530094385692,37.1816133815241,-6.3585660387977));
#3775=CARTESIAN_POINT('',(-5.03261265854053,37.1816133815241,-7.48510220097583));
#3776=CARTESIAN_POINT('',(-3.46652389107812,37.1816133815241,-8.32219408707193));
#3777=CARTESIAN_POINT('',(-1.76721855453056,37.1816133815241,-8.83767272534989));
#3778=CARTESIAN_POINT('',(-4.82453040490078E-15,37.1816133815241,-9.01172856082442));
#3779=CARTESIAN_POINT('',(1.76721855453057,37.1816133815241,-8.83767272534989));
#3780=CARTESIAN_POINT('',(3.46652389107811,37.1816133815241,-8.32219408707194));
#3781=CARTESIAN_POINT('',(5.03261265854054,37.1816133815241,-7.48510220097582));
#3782=CARTESIAN_POINT('',(6.40530094385691,37.1816133815241,-6.3585660387977));
#3783=CARTESIAN_POINT('',(7.53183710603505,37.1816133815241,-4.9858777534813));
#3784=CARTESIAN_POINT('',(8.36892899213115,37.1816133815241,-3.41978898601891));
#3785=CARTESIAN_POINT('',(8.88440763040911,37.1816133815241,-1.72048364947133));
#3786=CARTESIAN_POINT('',(9.05846346588364,37.1816133815241,0.0467349050592066));
#3787=CARTESIAN_POINT('',(8.8844076304091,37.1816133815241,1.8139534595898));
#3788=CARTESIAN_POINT('',(8.36892899213115,37.1816133815241,3.51325879613734));
#3789=CARTESIAN_POINT('',(7.53183710603504,37.1816133815241,5.07934756359976));
#3790=CARTESIAN_POINT('',(6.40530094385691,37.1816133815241,6.45203584891615));
#3791=CARTESIAN_POINT('',(5.03261265854053,37.1816133815241,7.57857201109426));
#3792=CARTESIAN_POINT('',(3.46652389107811,37.1816133815241,8.41566389719037));
#3793=CARTESIAN_POINT('',(1.76721855453056,37.1816133815241,8.93114253546833));
#3794=CARTESIAN_POINT('',(5.63443648693254E-15,37.1816133815241,9.10519837094286));
#3795=CARTESIAN_POINT('',(-1.76721855453057,37.1816133815241,8.93114253546832));
#3796=CARTESIAN_POINT('',(1.8798837025558,34.9472301415995,9.49754848352184));
#3797=CARTESIAN_POINT('',(5.66858458685335E-15,34.9472301415995,9.68270086753481));
#3798=CARTESIAN_POINT('',(-1.87988370255582,34.9472301415995,9.49754848352183));
#3799=CARTESIAN_POINT('',(-3.68752452867334,34.9472301415995,8.94920663376584));
#3800=CARTESIAN_POINT('',(-5.35345585514152,34.9472301415995,8.05874778803933));
#3801=CARTESIAN_POINT('',(-6.81365687534925,34.9472301415995,6.86039178040847));
#3802=CARTESIAN_POINT('',(-8.01201288298011,34.9472301415995,5.40019076020074));
#3803=CARTESIAN_POINT('',(-8.90247172870662,34.9472301415995,3.73425943373256));
#3804=CARTESIAN_POINT('',(-9.45081357846261,34.9472301415995,1.92661860761503));
#3805=CARTESIAN_POINT('',(-9.63596596247559,34.9472301415995,0.0467349050592177));
#3806=CARTESIAN_POINT('',(-9.45081357846261,34.9472301415995,-1.8331487974966));
#3807=CARTESIAN_POINT('',(-8.90247172870662,34.9472301415995,-3.64078962361411));
#3808=CARTESIAN_POINT('',(-8.01201288298011,34.9472301415995,-5.3067209500823));
#3809=CARTESIAN_POINT('',(-6.81365687534925,34.9472301415995,-6.76692197029003));
#3810=CARTESIAN_POINT('',(-5.35345585514152,34.9472301415995,-7.96527797792089));
#3811=CARTESIAN_POINT('',(-3.68752452867334,34.9472301415995,-8.8557368236474));
#3812=CARTESIAN_POINT('',(-1.8798837025558,34.9472301415995,-9.40407867340339));
#3813=CARTESIAN_POINT('',(-5.11002217008505E-15,34.9472301415995,-9.58923105741637));
#3814=CARTESIAN_POINT('',(1.87988370255582,34.9472301415995,-9.40407867340339));
#3815=CARTESIAN_POINT('',(3.68752452867333,34.9472301415995,-8.85573682364741));
#3816=CARTESIAN_POINT('',(5.35345585514153,34.9472301415995,-7.96527797792087));
#3817=CARTESIAN_POINT('',(6.81365687534925,34.9472301415995,-6.76692197029004));
#3818=CARTESIAN_POINT('',(8.01201288298011,34.9472301415995,-5.30672095008228));
#3819=CARTESIAN_POINT('',(8.90247172870661,34.9472301415995,-3.64078962361413));
#3820=CARTESIAN_POINT('',(9.45081357846262,34.9472301415995,-1.83314879749657));
#3821=CARTESIAN_POINT('',(9.63596596247559,34.9472301415995,0.0467349050592057));
#3822=CARTESIAN_POINT('',(9.45081357846261,34.9472301415995,1.92661860761504));
#3823=CARTESIAN_POINT('',(8.90247172870663,34.9472301415995,3.73425943373255));
#3824=CARTESIAN_POINT('',(8.0120128829801,34.9472301415995,5.40019076020075));
#3825=CARTESIAN_POINT('',(6.81365687534925,34.9472301415995,6.86039178040847));
#3826=CARTESIAN_POINT('',(5.35345585514152,34.9472301415995,8.05874778803933));
#3827=CARTESIAN_POINT('',(3.68752452867332,34.9472301415995,8.94920663376585));
#3828=CARTESIAN_POINT('',(1.8798837025558,34.9472301415995,9.49754848352184));
#3829=CARTESIAN_POINT('',(5.66858458685335E-15,34.9472301415995,9.68270086753481));
#3830=CARTESIAN_POINT('',(-1.87988370255582,34.9472301415995,9.49754848352183));
#3831=CARTESIAN_POINT('',(1.97447010076708,32.9097311140344,9.97306641866735));
#3832=CARTESIAN_POINT('',(6.35154658526941E-15,32.9097311140344,10.1675347497786));
#3833=CARTESIAN_POINT('',(-1.9744701007671,32.9097311140344,9.97306641866735));
#3834=CARTESIAN_POINT('',(-3.8730624228573,32.9097311140344,9.39713473423891));
#3835=CARTESIAN_POINT('',(-5.62281512807553,32.9097311140344,8.46187242813975));
#3836=CARTESIAN_POINT('',(-7.15648620123287,32.9097311140344,7.20322110629209));
#3837=CARTESIAN_POINT('',(-8.41513752308053,32.9097311140344,5.66955003313475));
#3838=CARTESIAN_POINT('',(-9.35039982917969,32.9097311140344,3.91979732791652));
#3839=CARTESIAN_POINT('',(-9.92633151360813,32.9097311140344,2.02120500582631));
#3840=CARTESIAN_POINT('',(-10.1207998447194,32.9097311140344,0.0467349050592219));
#3841=CARTESIAN_POINT('',(-9.92633151360813,32.9097311140344,-1.92773519570788));
#3842=CARTESIAN_POINT('',(-9.35039982917969,32.9097311140344,-3.82632751779807));
#3843=CARTESIAN_POINT('',(-8.41513752308053,32.9097311140344,-5.57608022301631));
#3844=CARTESIAN_POINT('',(-7.15648620123287,32.9097311140344,-7.10975129617365));
#3845=CARTESIAN_POINT('',(-5.62281512807553,32.9097311140344,-8.36840261802131));
#3846=CARTESIAN_POINT('',(-3.87306242285731,32.9097311140344,-9.30366492412048));
#3847=CARTESIAN_POINT('',(-1.97447010076708,32.9097311140344,-9.87959660854891));
#3848=CARTESIAN_POINT('',(-5.71042759949115E-15,32.9097311140344,-10.0740649396602));
#3849=CARTESIAN_POINT('',(1.9744701007671,32.9097311140344,-9.87959660854891));
#3850=CARTESIAN_POINT('',(3.87306242285729,32.9097311140344,-9.30366492412048));
#3851=CARTESIAN_POINT('',(5.62281512807554,32.9097311140344,-8.3684026180213));
#3852=CARTESIAN_POINT('',(7.15648620123286,32.9097311140344,-7.10975129617366));
#3853=CARTESIAN_POINT('',(8.41513752308054,32.9097311140344,-5.5760802230163));
#3854=CARTESIAN_POINT('',(9.35039982917969,32.9097311140344,-3.82632751779809));
#3855=CARTESIAN_POINT('',(9.92633151360813,32.9097311140344,-1.92773519570785));
#3856=CARTESIAN_POINT('',(10.1207998447194,32.9097311140344,0.0467349050592049));
#3857=CARTESIAN_POINT('',(9.92633151360813,32.9097311140344,2.02120500582632));
#3858=CARTESIAN_POINT('',(9.35039982917969,32.9097311140344,3.91979732791652));
#3859=CARTESIAN_POINT('',(8.41513752308053,32.9097311140344,5.66955003313476));
#3860=CARTESIAN_POINT('',(7.15648620123286,32.9097311140344,7.20322110629209));
#3861=CARTESIAN_POINT('',(5.62281512807553,32.9097311140344,8.46187242813975));
#3862=CARTESIAN_POINT('',(3.87306242285729,32.9097311140344,9.39713473423892));
#3863=CARTESIAN_POINT('',(1.97447010076708,32.9097311140344,9.97306641866735));
#3864=CARTESIAN_POINT('',(6.35154658526941E-15,32.9097311140344,10.1675347497786));
#3865=CARTESIAN_POINT('',(-1.9744701007671,32.9097311140344,9.97306641866735));
#3866=CARTESIAN_POINT('',(2.06298628962161,30.8695336966408,10.4180673505882));
#3867=CARTESIAN_POINT('',(6.14665798574459E-15,30.8695336966408,10.6212537653596));
#3868=CARTESIAN_POINT('',(-2.06298628962163,30.8695336966408,10.4180673505882));
#3869=CARTESIAN_POINT('',(-4.04669317306914,30.8695336966408,9.81631644624536));
#3870=CARTESIAN_POINT('',(-5.87488790728728,30.8695336966408,8.83912600211915));
#3871=CARTESIAN_POINT('',(-7.47731399390347,30.8695336966408,7.52404889896269));
#3872=CARTESIAN_POINT('',(-8.79239109705993,30.8695336966408,5.9216228123465));
#3873=CARTESIAN_POINT('',(-9.76958154118614,30.8695336966408,4.09342807812836));
#3874=CARTESIAN_POINT('',(-10.371332445529,30.8695336966408,2.10972119468085));
#3875=CARTESIAN_POINT('',(-10.5745188603004,30.8695336966408,0.0467349050592188));
#3876=CARTESIAN_POINT('',(-10.371332445529,30.8695336966408,-2.01625138456241));
#3877=CARTESIAN_POINT('',(-9.76958154118613,30.8695336966408,-3.99995826800992));
#3878=CARTESIAN_POINT('',(-8.79239109705994,30.8695336966408,-5.82815300222806));
#3879=CARTESIAN_POINT('',(-7.47731399390347,30.8695336966408,-7.43057908884424));
#3880=CARTESIAN_POINT('',(-5.87488790728728,30.8695336966408,-8.74565619200072));
#3881=CARTESIAN_POINT('',(-4.04669317306915,30.8695336966408,-9.72284663612692));
#3882=CARTESIAN_POINT('',(-2.06298628962162,30.8695336966408,-10.3245975404698));
#3883=CARTESIAN_POINT('',(-5.63347426676974E-15,30.8695336966408,-10.5277839552412));
#3884=CARTESIAN_POINT('',(2.06298628962163,30.8695336966408,-10.3245975404698));
#3885=CARTESIAN_POINT('',(4.04669317306913,30.8695336966408,-9.72284663612691));
#3886=CARTESIAN_POINT('',(5.8748879072873,30.8695336966408,-8.74565619200071));
#3887=CARTESIAN_POINT('',(7.47731399390346,30.8695336966408,-7.43057908884426));
#3888=CARTESIAN_POINT('',(8.79239109705995,30.8695336966408,-5.82815300222804));
#3889=CARTESIAN_POINT('',(9.76958154118613,30.8695336966408,-3.99995826800994));
#3890=CARTESIAN_POINT('',(10.371332445529,30.8695336966408,-2.01625138456238));
#3891=CARTESIAN_POINT('',(10.5745188603004,30.8695336966408,0.0467349050592045));
#3892=CARTESIAN_POINT('',(10.371332445529,30.8695336966408,2.10972119468085));
#3893=CARTESIAN_POINT('',(9.76958154118613,30.8695336966408,4.09342807812836));
#3894=CARTESIAN_POINT('',(8.79239109705993,30.8695336966408,5.92162281234651));
#3895=CARTESIAN_POINT('',(7.47731399390346,30.8695336966408,7.52404889896269));
#3896=CARTESIAN_POINT('',(5.87488790728728,30.8695336966408,8.83912600211916));
#3897=CARTESIAN_POINT('',(4.04669317306912,30.8695336966408,9.81631644624536));
#3898=CARTESIAN_POINT('',(2.06298628962161,30.8695336966408,10.4180673505882));
#3899=CARTESIAN_POINT('',(6.14665798574459E-15,30.8695336966408,10.6212537653596));
#3900=CARTESIAN_POINT('',(-2.06298628962163,30.8695336966408,10.4180673505882));
#3901=CARTESIAN_POINT('',(2.14615307064659,28.8497230192885,10.8361749932681));
#3902=CARTESIAN_POINT('',(6.41984278511102E-15,28.8497230192885,11.0475526210153));
#3903=CARTESIAN_POINT('',(-2.14615307064661,28.8497230192885,10.8361749932681));
#3904=CARTESIAN_POINT('',(-4.20983068236479,28.8497230192885,10.2101652337186));
#3905=CARTESIAN_POINT('',(-6.11172686185993,28.8497230192885,9.19358054635626));
#3906=CARTESIAN_POINT('',(-7.7787528055497,28.8497230192885,7.82548771060892));
#3907=CARTESIAN_POINT('',(-9.14684564129704,28.8497230192885,6.15846176691915));
#3908=CARTESIAN_POINT('',(-10.1634303286594,28.8497230192885,4.25656558742401));
#3909=CARTESIAN_POINT('',(-10.7894400882089,28.8497230192885,2.19288797570583));
#3910=CARTESIAN_POINT('',(-11.0008177159561,28.8497230192885,0.0467349050592203));
#3911=CARTESIAN_POINT('',(-10.7894400882089,28.8497230192885,-2.0994181655874));
#3912=CARTESIAN_POINT('',(-10.1634303286594,28.8497230192885,-4.16309577730556));
#3913=CARTESIAN_POINT('',(-9.14684564129704,28.8497230192885,-6.0649919568007));
#3914=CARTESIAN_POINT('',(-7.7787528055497,28.8497230192885,-7.73201790049049));
#3915=CARTESIAN_POINT('',(-6.11172686185993,28.8497230192885,-9.10011073623781));
#3916=CARTESIAN_POINT('',(-4.20983068236479,28.8497230192885,-10.1166954236002));
#3917=CARTESIAN_POINT('',(-2.1461530706466,28.8497230192885,-10.7427051831497));
#3918=CARTESIAN_POINT('',(-6.24877697488889E-15,28.8497230192885,-10.954082810897));
#3919=CARTESIAN_POINT('',(2.14615307064662,28.8497230192885,-10.7427051831497));
#3920=CARTESIAN_POINT('',(4.20983068236478,28.8497230192885,-10.1166954236003));
#3921=CARTESIAN_POINT('',(6.11172686185994,28.8497230192885,-9.1001107362378));
#3922=CARTESIAN_POINT('',(7.7787528055497,28.8497230192885,-7.73201790049049));
#3923=CARTESIAN_POINT('',(9.14684564129704,28.8497230192885,-6.06499195680069));
#3924=CARTESIAN_POINT('',(10.1634303286594,28.8497230192885,-4.16309577730558));
#3925=CARTESIAN_POINT('',(10.7894400882089,28.8497230192885,-2.09941816558736));
#3926=CARTESIAN_POINT('',(11.0008177159561,28.8497230192885,0.046734905059204));
#3927=CARTESIAN_POINT('',(10.7894400882089,28.8497230192885,2.19288797570584));
#3928=CARTESIAN_POINT('',(10.1634303286595,28.8497230192885,4.256565587424));
#3929=CARTESIAN_POINT('',(9.14684564129703,28.8497230192885,6.15846176691916));
#3930=CARTESIAN_POINT('',(7.7787528055497,28.8497230192885,7.82548771060893));
#3931=CARTESIAN_POINT('',(6.11172686185992,28.8497230192885,9.19358054635625));
#3932=CARTESIAN_POINT('',(4.20983068236477,28.8497230192885,10.2101652337187));
#3933=CARTESIAN_POINT('',(2.14615307064659,28.8497230192885,10.8361749932681));
#3934=CARTESIAN_POINT('',(6.41984278511102E-15,28.8497230192885,11.0475526210153));
#3935=CARTESIAN_POINT('',(-2.14615307064661,28.8497230192885,10.8361749932681));
#3936=CARTESIAN_POINT('',(2.22477062839818,26.876266399673,11.2314121461271));
#3937=CARTESIAN_POINT('',(7.00036048376467E-15,26.876266399673,11.4505329274659));
#3938=CARTESIAN_POINT('',(-2.22477062839821,26.876266399673,11.2314121461271));
#3939=CARTESIAN_POINT('',(-4.36404456921281,26.876266399673,10.5824704908534));
#3940=CARTESIAN_POINT('',(-6.33561072461695,26.876266399673,9.52864642552622));
#3941=CARTESIAN_POINT('',(-8.0637029129255,26.876266399673,8.11043781798472));
#3942=CARTESIAN_POINT('',(-9.48191152046701,26.876266399673,6.38234562967617));
#3943=CARTESIAN_POINT('',(-10.5357355857942,26.876266399673,4.41077947427203));
#3944=CARTESIAN_POINT('',(-11.1846772410679,26.876266399673,2.27150553345742));
#3945=CARTESIAN_POINT('',(-11.4037980224067,26.876266399673,0.0467349050592193));
#3946=CARTESIAN_POINT('',(-11.1846772410679,26.876266399673,-2.17803572333898));
#3947=CARTESIAN_POINT('',(-10.5357355857942,26.876266399673,-4.31730966415359));
#3948=CARTESIAN_POINT('',(-9.48191152046701,26.876266399673,-6.28887581955773));
#3949=CARTESIAN_POINT('',(-8.06370291292551,26.876266399673,-8.01696800786628));
#3950=CARTESIAN_POINT('',(-6.33561072461696,26.876266399673,-9.4351766154078));
#3951=CARTESIAN_POINT('',(-4.36404456921282,26.876266399673,-10.489000680735));
#3952=CARTESIAN_POINT('',(-2.22477062839819,26.876266399673,-11.1379423360087));
#3953=CARTESIAN_POINT('',(-6.24947126849843E-15,26.876266399673,-11.3570631173475));
#3954=CARTESIAN_POINT('',(2.22477062839821,26.876266399673,-11.1379423360087));
#3955=CARTESIAN_POINT('',(4.3640445692128,26.876266399673,-10.489000680735));
#3956=CARTESIAN_POINT('',(6.33561072461697,26.876266399673,-9.43517661540778));
#3957=CARTESIAN_POINT('',(8.06370291292549,26.876266399673,-8.01696800786629));
#3958=CARTESIAN_POINT('',(9.48191152046702,26.876266399673,-6.28887581955772));
#3959=CARTESIAN_POINT('',(10.5357355857942,26.876266399673,-4.3173096641536));
#3960=CARTESIAN_POINT('',(11.1846772410679,26.876266399673,-2.17803572333895));
#3961=CARTESIAN_POINT('',(11.4037980224067,26.876266399673,0.0467349050592036));
#3962=CARTESIAN_POINT('',(11.1846772410679,26.876266399673,2.27150553345743));
#3963=CARTESIAN_POINT('',(10.5357355857942,26.876266399673,4.41077947427202));
#3964=CARTESIAN_POINT('',(9.481911520467,26.876266399673,6.38234562967619));
#3965=CARTESIAN_POINT('',(8.06370291292549,26.876266399673,8.11043781798472));
#3966=CARTESIAN_POINT('',(6.33561072461695,26.876266399673,9.52864642552623));
#3967=CARTESIAN_POINT('',(4.36404456921279,26.876266399673,10.5824704908534));
#3968=CARTESIAN_POINT('',(2.22477062839818,26.876266399673,11.2314121461271));
#3969=CARTESIAN_POINT('',(7.00036048376467E-15,26.876266399673,11.4505329274659));
#3970=CARTESIAN_POINT('',(-2.22477062839821,26.876266399673,11.2314121461271));
#3971=CARTESIAN_POINT('',(2.2989159050246,24.9488721365195,11.6041656234657));
#3972=CARTESIAN_POINT('',(7.3076933830519E-15,24.9488721365195,11.8305890771517));
#3973=CARTESIAN_POINT('',(-2.29891590502462,24.9488721365195,11.6041656234657));
#3974=CARTESIAN_POINT('',(-4.50948576106603,24.9488721365195,10.9335965887532));
#3975=CARTESIAN_POINT('',(-6.54675860825843,24.9488721365195,9.84465156495868));
#3976=CARTESIAN_POINT('',(-8.33244319359999,24.9488721365195,8.3791780986592));
#3977=CARTESIAN_POINT('',(-9.79791665989947,24.9488721365195,6.59349351331766));
#3978=CARTESIAN_POINT('',(-10.886861683694,24.9488721365195,4.55622066612525));
#3979=CARTESIAN_POINT('',(-11.5574307184065,24.9488721365195,2.34565081008384));
#3980=CARTESIAN_POINT('',(-11.7838541720925,24.9488721365195,0.0467349050592192));
#3981=CARTESIAN_POINT('',(-11.5574307184065,24.9488721365195,-2.2521809999654));
#3982=CARTESIAN_POINT('',(-10.886861683694,24.9488721365195,-4.46275085600681));
#3983=CARTESIAN_POINT('',(-9.79791665989947,24.9488721365195,-6.50002370319921));
#3984=CARTESIAN_POINT('',(-8.33244319359998,24.9488721365195,-8.28570828854076));
#3985=CARTESIAN_POINT('',(-6.54675860825843,24.9488721365195,-9.75118175484024));
#3986=CARTESIAN_POINT('',(-4.50948576106604,24.9488721365195,-10.8401267786348));
#3987=CARTESIAN_POINT('',(-2.2989159050246,24.9488721365195,-11.5106958133473));
#3988=CARTESIAN_POINT('',(-6.28516829712764E-15,24.9488721365195,-11.7371192670333));
#3989=CARTESIAN_POINT('',(2.29891590502462,24.9488721365195,-11.5106958133473));
#3990=CARTESIAN_POINT('',(4.50948576106603,24.9488721365195,-10.8401267786348));
#3991=CARTESIAN_POINT('',(6.54675860825845,24.9488721365195,-9.75118175484024));
#3992=CARTESIAN_POINT('',(8.33244319359998,24.9488721365195,-8.28570828854078));
#3993=CARTESIAN_POINT('',(9.79791665989948,24.9488721365195,-6.50002370319919));
#3994=CARTESIAN_POINT('',(10.886861683694,24.9488721365195,-4.46275085600683));
#3995=CARTESIAN_POINT('',(11.5574307184065,24.9488721365195,-2.25218099996537));
#3996=CARTESIAN_POINT('',(11.7838541720925,24.9488721365195,0.0467349050592042));
#3997=CARTESIAN_POINT('',(11.5574307184065,24.9488721365195,2.34565081008384));
#3998=CARTESIAN_POINT('',(10.886861683694,24.9488721365195,4.55622066612525));
#3999=CARTESIAN_POINT('',(9.79791665989946,24.9488721365195,6.59349351331766));
#4000=CARTESIAN_POINT('',(8.33244319359998,24.9488721365195,8.37917809865921));
#4001=CARTESIAN_POINT('',(6.54675860825843,24.9488721365195,9.84465156495868));
#4002=CARTESIAN_POINT('',(4.50948576106602,24.9488721365195,10.9335965887532));
#4003=CARTESIAN_POINT('',(2.2989159050246,24.9488721365195,11.6041656234657));
#4004=CARTESIAN_POINT('',(7.3076933830519E-15,24.9488721365195,11.8305890771517));
#4005=CARTESIAN_POINT('',(-2.29891590502462,24.9488721365195,11.6041656234657));
#4006=CARTESIAN_POINT('',(2.36852523164049,23.0621433138183,11.9541153401821));
#4007=CARTESIAN_POINT('',(7.64917438225994E-15,23.0621433138183,12.1873947141332));
#4008=CARTESIAN_POINT('',(-2.36852523164051,23.0621433138183,11.9541153401821));
#4009=CARTESIAN_POINT('',(-4.64602936691333,23.0621433138183,11.263242013845));
#4010=CARTESIAN_POINT('',(-6.74498919913896,23.0621433138183,10.141324609607));
#4011=CARTESIAN_POINT('',(-8.58474287907519,23.0621433138183,8.63147778413442));
#4012=CARTESIAN_POINT('',(-10.0945897045478,23.0621433138183,6.79172410419818));
#4013=CARTESIAN_POINT('',(-11.2165071087858,23.0621433138183,4.69276427197255));
#4014=CARTESIAN_POINT('',(-11.9073804351229,23.0621433138183,2.41526013669973));
#4015=CARTESIAN_POINT('',(-12.140659809074,23.0621433138183,0.04673490505922));
#4016=CARTESIAN_POINT('',(-11.9073804351229,23.0621433138183,-2.32179032658129));
#4017=CARTESIAN_POINT('',(-11.2165071087858,23.0621433138183,-4.59929446185411));
#4018=CARTESIAN_POINT('',(-10.0945897045479,23.0621433138183,-6.69825429407973));
#4019=CARTESIAN_POINT('',(-8.58474287907519,23.0621433138183,-8.53800797401598));
#4020=CARTESIAN_POINT('',(-6.74498919913896,23.0621433138183,-10.0478547994887));
#4021=CARTESIAN_POINT('',(-4.64602936691334,23.0621433138183,-11.1697722037267));
#4022=CARTESIAN_POINT('',(-2.3685252316405,23.0621433138183,-11.8606455300637));
#4023=CARTESIAN_POINT('',(-6.47894922931368E-15,23.0621433138183,-12.0939249040148));
#4024=CARTESIAN_POINT('',(2.36852523164051,23.0621433138183,-11.8606455300637));
#4025=CARTESIAN_POINT('',(4.64602936691333,23.0621433138183,-11.1697722037267));
#4026=CARTESIAN_POINT('',(6.74498919913897,23.0621433138183,-10.0478547994886));
#4027=CARTESIAN_POINT('',(8.58474287907519,23.0621433138183,-8.53800797401599));
#4028=CARTESIAN_POINT('',(10.0945897045479,23.0621433138183,-6.69825429407972));
#4029=CARTESIAN_POINT('',(11.2165071087858,23.0621433138183,-4.59929446185413));
#4030=CARTESIAN_POINT('',(11.9073804351229,23.0621433138183,-2.32179032658126));
#4031=CARTESIAN_POINT('',(12.140659809074,23.0621433138183,0.0467349050592032));
#4032=CARTESIAN_POINT('',(11.9073804351229,23.0621433138183,2.41526013669974));
#4033=CARTESIAN_POINT('',(11.2165071087859,23.0621433138183,4.69276427197255));
#4034=CARTESIAN_POINT('',(10.0945897045478,23.0621433138183,6.79172410419819));
#4035=CARTESIAN_POINT('',(8.58474287907519,23.0621433138183,8.63147778413443));
#4036=CARTESIAN_POINT('',(6.74498919913896,23.0621433138183,10.141324609607));
#4037=CARTESIAN_POINT('',(4.64602936691331,23.0621433138183,11.2632420138451));
#4038=CARTESIAN_POINT('',(2.36852523164049,23.0621433138183,11.9541153401821));
#4039=CARTESIAN_POINT('',(7.64917438225994E-15,23.0621433138183,12.1873947141332));
#4040=CARTESIAN_POINT('',(-2.36852523164051,23.0621433138183,11.9541153401821));
#4041=CARTESIAN_POINT('',(2.44079868775092,21.0064337475744,12.3174585403185));
#4042=CARTESIAN_POINT('',(7.58087818241833E-15,21.0064337475744,12.5578562283874));
#4043=CARTESIAN_POINT('',(-2.44079868775095,21.0064337475744,12.3174585403185));
#4044=CARTESIAN_POINT('',(-4.7877988507473,21.0064337475744,11.6055038244476));
#4045=CARTESIAN_POINT('',(-6.95080658893796,21.0064337475744,10.449352101237));
#4046=CARTESIAN_POINT('',(-8.84669872797298,21.0064337475744,8.8934336330322));
#4047=CARTESIAN_POINT('',(-10.4026171961778,21.0064337475744,6.99754149399718));
#4048=CARTESIAN_POINT('',(-11.5587689193884,21.0064337475744,4.83453375580652));
#4049=CARTESIAN_POINT('',(-12.2707236352593,21.0064337475744,2.48753359281017));
#4050=CARTESIAN_POINT('',(-12.5111213233282,21.0064337475744,0.046734905059219));
#4051=CARTESIAN_POINT('',(-12.2707236352593,21.0064337475744,-2.39406378269173));
#4052=CARTESIAN_POINT('',(-11.5587689193884,21.0064337475744,-4.74106394568807));
#4053=CARTESIAN_POINT('',(-10.4026171961778,21.0064337475744,-6.90407168387873));
#4054=CARTESIAN_POINT('',(-8.84669872797298,21.0064337475744,-8.79996382291375));
#4055=CARTESIAN_POINT('',(-6.95080658893796,21.0064337475744,-10.3558822911186));
#4056=CARTESIAN_POINT('',(-4.7877988507473,21.0064337475744,-11.5120340143292));
#4057=CARTESIAN_POINT('',(-2.44079868775093,21.0064337475744,-12.2239887302001));
#4058=CARTESIAN_POINT('',(-7.28992639886497E-15,21.0064337475744,-12.464386418269));
#4059=CARTESIAN_POINT('',(2.44079868775095,21.0064337475744,-12.2239887302001));
#4060=CARTESIAN_POINT('',(4.78779885074729,21.0064337475744,-11.5120340143292));
#4061=CARTESIAN_POINT('',(6.95080658893798,21.0064337475744,-10.3558822911186));
#4062=CARTESIAN_POINT('',(8.84669872797297,21.0064337475744,-8.79996382291377));
#4063=CARTESIAN_POINT('',(10.4026171961778,21.0064337475744,-6.90407168387871));
#4064=CARTESIAN_POINT('',(11.5587689193884,21.0064337475744,-4.74106394568809));
#4065=CARTESIAN_POINT('',(12.2707236352593,21.0064337475744,-2.39406378269169));
#4066=CARTESIAN_POINT('',(12.5111213233282,21.0064337475744,0.0467349050592026));
#4067=CARTESIAN_POINT('',(12.2707236352593,21.0064337475744,2.48753359281017));
#4068=CARTESIAN_POINT('',(11.5587689193884,21.0064337475744,4.83453375580651));
#4069=CARTESIAN_POINT('',(10.4026171961778,21.0064337475744,6.99754149399719));
#4070=CARTESIAN_POINT('',(8.84669872797297,21.0064337475744,8.8934336330322));
#4071=CARTESIAN_POINT('',(6.95080658893796,21.0064337475744,10.449352101237));
#4072=CARTESIAN_POINT('',(4.78779885074728,21.0064337475744,11.6055038244476));
#4073=CARTESIAN_POINT('',(2.44079868775092,21.0064337475744,12.3174585403185));
#4074=CARTESIAN_POINT('',(7.58087818241833E-15,21.0064337475744,12.5578562283874));
#4075=CARTESIAN_POINT('',(-2.44079868775095,21.0064337475744,12.3174585403185));
#4076=CARTESIAN_POINT('',(2.52037124540482,18.5896223497584,12.7174968019014));
#4077=CARTESIAN_POINT('',(7.99065538146797E-15,18.5896223497584,12.9657317028423));
#4078=CARTESIAN_POINT('',(-2.52037124540484,18.5896223497584,12.7174968019014));
#4079=CARTESIAN_POINT('',(-4.94388603728925,18.5896223497584,11.9823316271099));
#4080=CARTESIAN_POINT('',(-7.17741006132386,18.5896223497584,10.7884881638498));
#4081=CARTESIAN_POINT('',(-9.13511024183974,18.5896223497584,9.18184514689896));
#4082=CARTESIAN_POINT('',(-10.7417532587906,18.5896223497584,7.22414496638309));
#4083=CARTESIAN_POINT('',(-11.9355967220507,18.5896223497584,4.99062094234847));
#4084=CARTESIAN_POINT('',(-12.6707618968422,18.5896223497584,2.56710615046406));
#4085=CARTESIAN_POINT('',(-12.9189967977831,18.5896223497584,0.0467349050592192));
#4086=CARTESIAN_POINT('',(-12.6707618968422,18.5896223497584,-2.47363634034562));
#4087=CARTESIAN_POINT('',(-11.9355967220507,18.5896223497584,-4.89715113223003));
#4088=CARTESIAN_POINT('',(-10.7417532587906,18.5896223497584,-7.13067515626464));
#4089=CARTESIAN_POINT('',(-9.13511024183974,18.5896223497584,-9.08837533678052));
#4090=CARTESIAN_POINT('',(-7.17741006132387,18.5896223497584,-10.6950183537314));
#4091=CARTESIAN_POINT('',(-4.94388603728926,18.5896223497584,-11.8888618169915));
#4092=CARTESIAN_POINT('',(-2.52037124540482,18.5896223497584,-12.624026991783));
#4093=CARTESIAN_POINT('',(-7.19262498948433E-15,18.5896223497584,-12.8722618927239));
#4094=CARTESIAN_POINT('',(2.52037124540484,18.5896223497584,-12.624026991783));
#4095=CARTESIAN_POINT('',(4.94388603728924,18.5896223497584,-11.8888618169915));
#4096=CARTESIAN_POINT('',(7.17741006132388,18.5896223497584,-10.6950183537314));
#4097=CARTESIAN_POINT('',(9.13511024183973,18.5896223497584,-9.08837533678053));
#4098=CARTESIAN_POINT('',(10.7417532587906,18.5896223497584,-7.13067515626462));
#4099=CARTESIAN_POINT('',(11.9355967220507,18.5896223497584,-4.89715113223005));
#4100=CARTESIAN_POINT('',(12.6707618968422,18.5896223497584,-2.47363634034559));
#4101=CARTESIAN_POINT('',(12.9189967977831,18.5896223497584,0.0467349050592038));
#4102=CARTESIAN_POINT('',(12.6707618968422,18.5896223497584,2.56710615046406));
#4103=CARTESIAN_POINT('',(11.9355967220507,18.5896223497584,4.99062094234846));
#4104=CARTESIAN_POINT('',(10.7417532587906,18.5896223497584,7.22414496638309));
#4105=CARTESIAN_POINT('',(9.13511024183973,18.5896223497584,9.18184514689897));
#4106=CARTESIAN_POINT('',(7.17741006132387,18.5896223497584,10.7884881638498));
#4107=CARTESIAN_POINT('',(4.94388603728923,18.5896223497584,11.9823316271099));
#4108=CARTESIAN_POINT('',(2.52037124540482,18.5896223497584,12.7174968019014));
#4109=CARTESIAN_POINT('',(7.99065538146797E-15,18.5896223497584,12.9657317028423));
#4110=CARTESIAN_POINT('',(-2.52037124540484,18.5896223497584,12.7174968019014));
#4111=CARTESIAN_POINT('',(2.60822147269148,15.634555027184,13.1591497189319));
#4112=CARTESIAN_POINT('',(8.332136380676E-15,15.634555027184,13.4160371120435));
#4113=CARTESIAN_POINT('',(-2.60822147269151,15.634555027184,13.1591497189319));
#4114=CARTESIAN_POINT('',(-5.11621045689493,15.634555027184,12.39835957805));
#4115=CARTESIAN_POINT('',(-7.42758634244377,15.634555027184,11.162903427856));
#4116=CARTESIAN_POINT('',(-9.4535242502909,15.634555027184,9.50025915535012));
#4117=CARTESIAN_POINT('',(-11.1161685227968,15.634555027184,7.47432124750299));
#4118=CARTESIAN_POINT('',(-12.3516246729908,15.634555027184,5.16294536195416));
#4119=CARTESIAN_POINT('',(-13.1124148138727,15.634555027184,2.65495637775073));
#4120=CARTESIAN_POINT('',(-13.3693022069843,15.634555027184,0.0467349050592202));
#4121=CARTESIAN_POINT('',(-13.1124148138727,15.634555027184,-2.56148656763229));
#4122=CARTESIAN_POINT('',(-12.3516246729908,15.634555027184,-5.06947555183571));
#4123=CARTESIAN_POINT('',(-11.1161685227968,15.634555027184,-7.38085143738455));
#4124=CARTESIAN_POINT('',(-9.4535242502909,15.634555027184,-9.40678934523168));
#4125=CARTESIAN_POINT('',(-7.42758634244377,15.634555027184,-11.0694336177376));
#4126=CARTESIAN_POINT('',(-5.11621045689494,15.634555027184,-12.3048897679316));
#4127=CARTESIAN_POINT('',(-2.60822147269149,15.634555027184,-13.0656799088135));
#4128=CARTESIAN_POINT('',(-7.63834863207737E-15,15.634555027184,-13.3225673019251));
#4129=CARTESIAN_POINT('',(2.60822147269151,15.634555027184,-13.0656799088135));
#4130=CARTESIAN_POINT('',(5.11621045689493,15.634555027184,-12.3048897679316));
#4131=CARTESIAN_POINT('',(7.42758634244378,15.634555027184,-11.0694336177376));
#4132=CARTESIAN_POINT('',(9.45352425029089,15.634555027184,-9.40678934523169));
#4133=CARTESIAN_POINT('',(11.1161685227968,15.634555027184,-7.38085143738453));
#4134=CARTESIAN_POINT('',(12.3516246729908,15.634555027184,-5.06947555183573));
#4135=CARTESIAN_POINT('',(13.1124148138727,15.634555027184,-2.56148656763225));
#4136=CARTESIAN_POINT('',(13.3693022069843,15.634555027184,0.0467349050592025));
#4137=CARTESIAN_POINT('',(13.1124148138727,15.634555027184,2.65495637775073));
#4138=CARTESIAN_POINT('',(12.3516246729908,15.634555027184,5.16294536195415));
#4139=CARTESIAN_POINT('',(11.1161685227968,15.634555027184,7.474321247503));
#4140=CARTESIAN_POINT('',(9.45352425029089,15.634555027184,9.50025915535013));
#4141=CARTESIAN_POINT('',(7.42758634244376,15.634555027184,11.162903427856));
#4142=CARTESIAN_POINT('',(5.11621045689492,15.634555027184,12.39835957805));
#4143=CARTESIAN_POINT('',(2.60822147269148,15.634555027184,13.1591497189319));
#4144=CARTESIAN_POINT('',(8.332136380676E-15,15.634555027184,13.4160371120435));
#4145=CARTESIAN_POINT('',(-2.60822147269151,15.634555027184,13.1591497189319));
#4146=CARTESIAN_POINT('',(2.77966441064037,8.87572803211754,14.0210515715284));
#4147=CARTESIAN_POINT('',(9.03518549669254E-15,8.87572803211754,14.2948246201943));
#4148=CARTESIAN_POINT('',(-2.7796644106404,8.87572803211754,14.0210515715284));
#4149=CARTESIAN_POINT('',(-5.45250787683363,8.87572803211755,13.2102533702571));
#4150=CARTESIAN_POINT('',(-7.91581452312181,8.87572803211754,11.8935885365545));
#4151=CARTESIAN_POINT('',(-10.0749208565263,8.87572803211755,10.1216557615855));
#4152=CARTESIAN_POINT('',(-11.8468536314953,8.87572803211754,7.96254942818103));
#4153=CARTESIAN_POINT('',(-13.1635184651979,8.87572803211754,5.49924278189285));
#4154=CARTESIAN_POINT('',(-13.9743166664692,8.87572803211754,2.82639931569962));
#4155=CARTESIAN_POINT('',(-14.2480897151351,8.87572803211754,0.0467349050592167));
#4156=CARTESIAN_POINT('',(-13.9743166664692,8.87572803211754,-2.73292950558117));
#4157=CARTESIAN_POINT('',(-13.1635184651979,8.87572803211754,-5.40577297177442));
#4158=CARTESIAN_POINT('',(-11.8468536314953,8.87572803211755,-7.86907961806257));
#4159=CARTESIAN_POINT('',(-10.0749208565263,8.87572803211754,-10.0281859514671));
#4160=CARTESIAN_POINT('',(-7.91581452312181,8.87572803211754,-11.8001187264361));
#4161=CARTESIAN_POINT('',(-5.45250787683364,8.87572803211754,-13.1167835601387));
#4162=CARTESIAN_POINT('',(-2.77966441064037,8.87572803211754,-13.92758176141));
#4163=CARTESIAN_POINT('',(-8.38553192205465E-15,8.87572803211754,-14.2013548100759));
#4164=CARTESIAN_POINT('',(2.7796644106404,8.87572803211754,-13.92758176141));
#4165=CARTESIAN_POINT('',(5.45250787683363,8.87572803211755,-13.1167835601387));
#4166=CARTESIAN_POINT('',(7.91581452312182,8.87572803211754,-11.800118726436));
#4167=CARTESIAN_POINT('',(10.0749208565263,8.87572803211754,-10.0281859514672));
#4168=CARTESIAN_POINT('',(11.8468536314953,8.87572803211755,-7.86907961806255));
#4169=CARTESIAN_POINT('',(13.1635184651979,8.87572803211754,-5.40577297177445));
#4170=CARTESIAN_POINT('',(13.9743166664692,8.87572803211755,-2.73292950558114));
#4171=CARTESIAN_POINT('',(14.2480897151351,8.87572803211754,0.0467349050592018));
#4172=CARTESIAN_POINT('',(13.9743166664692,8.87572803211754,2.82639931569962));
#4173=CARTESIAN_POINT('',(13.1635184651979,8.87572803211754,5.49924278189285));
#4174=CARTESIAN_POINT('',(11.8468536314953,8.87572803211755,7.96254942818104));
#4175=CARTESIAN_POINT('',(10.0749208565263,8.87572803211754,10.1216557615855));
#4176=CARTESIAN_POINT('',(7.91581452312181,8.87572803211754,11.8935885365545));
#4177=CARTESIAN_POINT('',(5.45250787683361,8.87572803211754,13.2102533702571));
#4178=CARTESIAN_POINT('',(2.77966441064037,8.87572803211754,14.0210515715284));
#4179=CARTESIAN_POINT('',(9.03518549669254E-15,8.87572803211754,14.2948246201943));
#4180=CARTESIAN_POINT('',(-2.7796644106404,8.87572803211754,14.0210515715284));
#4181=CARTESIAN_POINT('',(2.84704472469027,3.2560586437258,14.3597952853433));
#4182=CARTESIAN_POINT('',(9.42487557814171E-15,3.25605864372581,14.6402047156986));
#4183=CARTESIAN_POINT('',(-2.8470447246903,3.2560586437258,14.3597952853433));
#4184=CARTESIAN_POINT('',(-5.58467911725181,3.25605864372581,13.5293429714303));
#4185=CARTESIAN_POINT('',(-8.10769742326148,3.2560586437258,12.1807615906605));
#4186=CARTESIAN_POINT('',(-10.3191414641443,3.2560586437258,10.3658763692035));
#4187=CARTESIAN_POINT('',(-12.1340266856013,3.2560586437258,8.15443232832069));
#4188=CARTESIAN_POINT('',(-13.4826080663711,3.2560586437258,5.63141402231104));
#4189=CARTESIAN_POINT('',(-14.3130603802841,3.2560586437258,2.89377962974951));
#4190=CARTESIAN_POINT('',(-14.5934698106394,3.25605864372581,0.0467349050592195));
#4191=CARTESIAN_POINT('',(-14.3130603802841,3.2560586437258,-2.80030981963107));
#4192=CARTESIAN_POINT('',(-13.4826080663711,3.2560586437258,-5.5379442121926));
#4193=CARTESIAN_POINT('',(-12.1340266856013,3.2560586437258,-8.06096251820226));
#4194=CARTESIAN_POINT('',(-10.3191414641443,3.25605864372581,-10.2724065590851));
#4195=CARTESIAN_POINT('',(-8.10769742326148,3.2560586437258,-12.0872917805421));
#4196=CARTESIAN_POINT('',(-5.58467911725182,3.2560586437258,-13.4358731613119));
#4197=CARTESIAN_POINT('',(-2.84704472469028,3.2560586437258,-14.2663254752249));
#4198=CARTESIAN_POINT('',(-7.9919461779611E-15,3.2560586437258,-14.5467349055802));
#4199=CARTESIAN_POINT('',(2.8470447246903,3.2560586437258,-14.2663254752249));
#4200=CARTESIAN_POINT('',(5.5846791172518,3.25605864372581,-13.4358731613119));
#4201=CARTESIAN_POINT('',(8.1076974232615,3.2560586437258,-12.087291780542));
#4202=CARTESIAN_POINT('',(10.3191414641443,3.25605864372581,-10.2724065590851));
#4203=CARTESIAN_POINT('',(12.1340266856013,3.2560586437258,-8.06096251820224));
#4204=CARTESIAN_POINT('',(13.4826080663711,3.2560586437258,-5.53794421219261));
#4205=CARTESIAN_POINT('',(14.3130603802841,3.2560586437258,-2.80030981963105));
#4206=CARTESIAN_POINT('',(14.5934698106394,3.25605864372581,0.0467349050592066));
#4207=CARTESIAN_POINT('',(14.3130603802841,3.2560586437258,2.89377962974951));
#4208=CARTESIAN_POINT('',(13.4826080663711,3.25605864372581,5.63141402231103));
#4209=CARTESIAN_POINT('',(12.1340266856013,3.25605864372581,8.15443232832072));
#4210=CARTESIAN_POINT('',(10.3191414641443,3.2560586437258,10.3658763692035));
#4211=CARTESIAN_POINT('',(8.10769742326148,3.2560586437258,12.1807615906605));
#4212=CARTESIAN_POINT('',(5.58467911725179,3.2560586437258,13.5293429714303));
#4213=CARTESIAN_POINT('',(2.84704472469027,3.2560586437258,14.3597952853433));
#4214=CARTESIAN_POINT('',(9.42487557814171E-15,3.25605864372581,14.6402047156986));
#4215=CARTESIAN_POINT('',(-2.8470447246903,3.2560586437258,14.3597952853433));
#4216=CARTESIAN_POINT('',(2.84704472458797,-1.50000000302691,14.359795284829));
#4217=CARTESIAN_POINT('',(9.15169077877528E-15,-1.50000000302691,14.6402047151743));
#4218=CARTESIAN_POINT('',(-2.847044724588,-1.50000000302691,14.359795284829));
#4219=CARTESIAN_POINT('',(-5.58467911705116,-1.50000000302691,13.5293429709459));
#4220=CARTESIAN_POINT('',(-8.10769742297017,-1.50000000302691,12.1807615902245));
#4221=CARTESIAN_POINT('',(-10.3191414637735,-1.50000000302691,10.3658763688327));
#4222=CARTESIAN_POINT('',(-12.1340266851653,-1.50000000302691,8.1544323280294));
#4223=CARTESIAN_POINT('',(-13.4826080658867,-1.50000000302691,5.63141402211038));
#4224=CARTESIAN_POINT('',(-14.3130603797698,-1.50000000302691,2.89377962964722));
#4225=CARTESIAN_POINT('',(-14.5934698101151,-1.50000000302691,0.0467349050592195));
#4226=CARTESIAN_POINT('',(-14.3130603797698,-1.50000000302691,-2.80030981952878));
#4227=CARTESIAN_POINT('',(-13.4826080658867,-1.50000000302691,-5.53794421199194));
#4228=CARTESIAN_POINT('',(-12.1340266851653,-1.50000000302691,-8.06096251791095));
#4229=CARTESIAN_POINT('',(-10.3191414637735,-1.50000000302691,-10.2724065587143));
#4230=CARTESIAN_POINT('',(-8.10769742297018,-1.50000000302691,-12.0872917801061));
#4231=CARTESIAN_POINT('',(-5.58467911705117,-1.50000000302691,-13.4358731608275));
#4232=CARTESIAN_POINT('',(-2.84704472458798,-1.50000000302691,-14.2663254747106));
#4233=CARTESIAN_POINT('',(-7.99191991462046E-15,-1.50000000302691,-14.5467349050559));
#4234=CARTESIAN_POINT('',(2.847044724588,-1.50000000302691,-14.2663254747106));
#4235=CARTESIAN_POINT('',(5.58467911705115,-1.50000000302691,-13.4358731608275));
#4236=CARTESIAN_POINT('',(8.10769742297019,-1.50000000302691,-12.0872917801061));
#4237=CARTESIAN_POINT('',(10.3191414637735,-1.50000000302691,-10.2724065587144));
#4238=CARTESIAN_POINT('',(12.1340266851653,-1.50000000302691,-8.06096251791093));
#4239=CARTESIAN_POINT('',(13.4826080658867,-1.50000000302691,-5.53794421199196));
#4240=CARTESIAN_POINT('',(14.3130603797698,-1.50000000302691,-2.80030981952874));
#4241=CARTESIAN_POINT('',(14.5934698101151,-1.50000000302691,0.0467349050592016));
#4242=CARTESIAN_POINT('',(14.3130603797698,-1.50000000302691,2.89377962964723));
#4243=CARTESIAN_POINT('',(13.4826080658867,-1.50000000302691,5.63141402211038));
#4244=CARTESIAN_POINT('',(12.1340266851653,-1.50000000302691,8.15443232802941));
#4245=CARTESIAN_POINT('',(10.3191414637735,-1.50000000302691,10.3658763688328));
#4246=CARTESIAN_POINT('',(8.10769742297017,-1.50000000302691,12.1807615902245));
#4247=CARTESIAN_POINT('',(5.58467911705114,-1.50000000302691,13.5293429709459));
#4248=CARTESIAN_POINT('',(2.84704472458797,-1.50000000302691,14.359795284829));
#4249=CARTESIAN_POINT('',(9.15169077877528E-15,-1.50000000302691,14.6402047151743));
#4250=CARTESIAN_POINT('',(-2.847044724588,-1.50000000302691,14.359795284829));
#4251=CARTESIAN_POINT('',(0.,50.4999999969731,0.0467349050592163));
#4252=CARTESIAN_POINT('',(0.,15.5,0.046734906733036));
#4253=CARTESIAN_POINT('',(-2.5,-23.,0.));
#4254=CARTESIAN_POINT('',(2.5,-23.,0.));
#4255=CARTESIAN_POINT('',(2.5,-18.,0.));
#4256=CARTESIAN_POINT('',(-1.44241579401114E-13,-20.5,0.));
#4257=CARTESIAN_POINT('',(-6.,-44.5,0.046734906733036));
#4258=CARTESIAN_POINT('',(11.,-27.5,0.046734906733036));
#4259=CARTESIAN_POINT('',(0.,-44.5,6.04673480987549));
#4260=CARTESIAN_POINT('',(0.,-27.5,11.0467348098755));
#4261=CARTESIAN_POINT('',(0.,-11.5,0.046734906733036));
#4262=CARTESIAN_POINT('',(0.,28.5,-4.55326509475708));
#4263=CARTESIAN_POINT('',(0.,-20.5,0.046734906733036));
#4264=CARTESIAN_POINT('',(-1.15879528195251E-15,0.5,-6.95326519012451));
#4265=CARTESIAN_POINT('',(-1.15879528195251E-15,30.5,-6.95326519012451));
#4266=CARTESIAN_POINT('',(-2.70616862252382E-16,30.5,7.04673480987549));
#4267=CARTESIAN_POINT('',(12.264290420132,52.5377512059773,1.73930756768316));
#4268=CARTESIAN_POINT('',(12.264290420132,52.5377512059773,1.73930756768316));
#4269=CARTESIAN_POINT('',(12.264290420132,52.5377512059773,1.73930756768316));
#4270=CARTESIAN_POINT('',(12.264290420132,52.5377512059773,1.73930756768316));
#4271=CARTESIAN_POINT('',(12.264290420132,52.5377512059773,1.73930756768316));
#4272=CARTESIAN_POINT('',(12.264290420132,52.5377512059773,1.73930756768316));
#4273=CARTESIAN_POINT('',(12.264290420132,52.5377512059773,1.73930756768316));
#4274=CARTESIAN_POINT('',(12.264290420132,52.5377512059773,1.73930756768316));
#4275=CARTESIAN_POINT('',(12.264290420132,52.5377512059773,1.73930756768316));
#4276=CARTESIAN_POINT('',(12.264290420132,52.5377512059773,1.73930756768316));
#4277=CARTESIAN_POINT('',(12.264290420132,52.5377512059773,1.73930756768316));
#4278=CARTESIAN_POINT('',(12.264290420132,52.5377512059773,1.73930756768316));
#4279=CARTESIAN_POINT('',(12.264290420132,52.5377512059773,1.73930756768316));
#4280=CARTESIAN_POINT('',(12.264290420132,52.5377512059773,1.73930756768316));
#4281=CARTESIAN_POINT('',(12.264290420132,52.5377512059773,1.73930756768316));
#4282=CARTESIAN_POINT('',(12.264290420132,52.5377512059773,1.73930756768316));
#4283=CARTESIAN_POINT('',(12.264290420132,52.5377512059773,1.73930756768316));
#4284=CARTESIAN_POINT('',(12.264290420132,52.5377512059773,1.73930756768316));
#4285=CARTESIAN_POINT('',(12.264290420132,52.5377512059773,1.73930756768316));
#4286=CARTESIAN_POINT('',(12.264290420132,52.5377512059773,1.73930756768316));
#4287=CARTESIAN_POINT('',(12.264290420132,52.5377512059773,1.73930756768316));
#4288=CARTESIAN_POINT('',(12.264290420132,52.5377512059773,1.73930756768316));
#4289=CARTESIAN_POINT('',(12.264290420132,52.5377512059773,1.73930756768316));
#4290=CARTESIAN_POINT('',(12.264290420132,52.5377512059773,1.73930756768316));
#4291=CARTESIAN_POINT('',(12.264290420132,52.5377512059773,1.73930756768316));
#4292=CARTESIAN_POINT('',(12.264290420132,52.5377512059773,1.73930756768316));
#4293=CARTESIAN_POINT('',(12.264290420132,52.5377512059773,1.73930756768316));
#4294=CARTESIAN_POINT('',(12.264290420132,52.5377512059773,1.73930756768316));
#4295=CARTESIAN_POINT('',(12.264290420132,52.5377512059773,1.73930756768316));
#4296=CARTESIAN_POINT('',(12.264290420132,52.5377512059773,1.73930756768316));
#4297=CARTESIAN_POINT('',(12.264290420132,52.5377512059773,1.73930756768316));
#4298=CARTESIAN_POINT('',(12.264290420132,52.5377512059773,1.73930756768316));
#4299=CARTESIAN_POINT('',(12.264290420132,52.5377512059773,1.73930756768316));
#4300=CARTESIAN_POINT('',(12.264290420132,52.5377512059773,1.73930756768316));
#4301=CARTESIAN_POINT('',(12.264290420132,52.5377512059773,1.73930756768316));
#4302=CARTESIAN_POINT('',(9.96739442209428,52.0787424756696,2.19867703307892));
#4303=CARTESIAN_POINT('',(9.90964022607212,52.146518526294,1.73930756867541));
#4304=CARTESIAN_POINT('',(9.94237391646703,52.2293294296193,1.2799381042719));
#4305=CARTESIAN_POINT('',(10.0643375559144,52.3239928090714,0.838221950768048));
#4306=CARTESIAN_POINT('',(10.2708441501482,52.4268708040659,0.431134012225744));
#4307=CARTESIAN_POINT('',(10.5539577665624,52.5340098709499,0.0743184498256205));
#4308=CARTESIAN_POINT('',(10.90279850765,52.6412927154671,-0.218512514473764));
#4309=CARTESIAN_POINT('',(11.3039606193632,52.7445965180678,-0.436105550935879));
#4310=CARTESIAN_POINT('',(11.7420276667232,52.8399513715515,-0.570098681197053));
#4311=CARTESIAN_POINT('',(12.2001649787708,52.9236928423743,-0.615342624405589));
#4312=CARTESIAN_POINT('',(12.6607665955302,52.9926027927754,-0.57009868119706));
#4313=CARTESIAN_POINT('',(13.1061318551779,53.0440330520059,-0.436105550935873));
#4314=CARTESIAN_POINT('',(13.5191456205493,53.076007184046,-0.218512514473754));
#4315=CARTESIAN_POINT('',(13.883936004262,53.0872964409328,0.0743184498256336));
#4316=CARTESIAN_POINT('',(14.1864843164466,53.0774669828552,0.43113401222576));
#4317=CARTESIAN_POINT('',(14.415163795137,53.0468965503746,0.838221950768064));
#4318=CARTESIAN_POINT('',(14.561186416212,52.9967599480673,1.27993810427192));
#4319=CARTESIAN_POINT('',(14.6189406122341,52.9289838974429,1.73930756867543));
#4320=CARTESIAN_POINT('',(14.5862069218392,52.8461729941176,2.19867703307894));
#4321=CARTESIAN_POINT('',(14.4642432823919,52.7515096146655,2.64039318658278));
#4322=CARTESIAN_POINT('',(14.257736688158,52.648631619671,3.04748112512509));
#4323=CARTESIAN_POINT('',(13.9746230717439,52.5414925527871,3.40429668752522));
#4324=CARTESIAN_POINT('',(13.6257823306562,52.4342097082698,3.6971276518246));
#4325=CARTESIAN_POINT('',(13.224620218943,52.3309059056691,3.91472068828671));
#4326=CARTESIAN_POINT('',(12.786553171583,52.2355510521854,4.0487138185479));
#4327=CARTESIAN_POINT('',(12.3284158595355,52.1518095813626,4.09395776175643));
#4328=CARTESIAN_POINT('',(11.867814242776,52.0828996309615,4.04871381854789));
#4329=CARTESIAN_POINT('',(11.4224489831283,52.031469371731,3.91472068828671));
#4330=CARTESIAN_POINT('',(11.0094352177569,51.9994952396909,3.69712765182459));
#4331=CARTESIAN_POINT('',(10.6446448340443,51.9882059828041,3.4042966875252));
#4332=CARTESIAN_POINT('',(10.3420965218597,51.9980354408817,3.04748112512508));
#4333=CARTESIAN_POINT('',(10.1134170431693,52.0286058733623,2.64039318658277));
#4334=CARTESIAN_POINT('',(9.96739442209428,52.0787424756696,2.19867703307892));
#4335=CARTESIAN_POINT('',(9.90964022607212,52.146518526294,1.73930756867541));
#4336=CARTESIAN_POINT('',(9.94237391646703,52.2293294296193,1.2799381042719));
#4337=CARTESIAN_POINT('',(7.92497939471356,49.1702616305833,2.27996802204818));
#4338=CARTESIAN_POINT('',(7.80575954022997,49.3101692295015,1.33170859723717));
#4339=CARTESIAN_POINT('',(7.87333048873897,49.4811127197425,0.383449172426141));
#4340=CARTESIAN_POINT('',(8.12509552658358,49.6765228388424,-0.528369174479403));
#4341=CARTESIAN_POINT('',(8.5513794645509,49.8888900855115,-1.36870577576151));
#4342=CARTESIAN_POINT('',(9.13580044996763,50.1100533055572,-2.10526696709911));
#4343=CARTESIAN_POINT('',(9.85589951211126,50.3315133204629,-2.70974711497737));
#4344=CARTESIAN_POINT('',(10.6840036478598,50.544759546052,-3.15891638630969));
#4345=CARTESIAN_POINT('',(11.5882892796827,50.741597049465,-3.43551345789581));
#4346=CARTESIAN_POINT('',(12.534005217878,50.9144614758334,-3.52890885939211));
#4347=CARTESIAN_POINT('',(13.4848081293047,51.0567097421955,-3.43551345789581));
#4348=CARTESIAN_POINT('',(14.404159191293,51.1628753274486,-3.15891638630968));
#4349=CARTESIAN_POINT('',(15.2567282581086,51.2288783476898,-2.70974711497735));
#4350=CARTESIAN_POINT('',(16.0097515786402,51.2521823438662,-2.10526696709909));
#4351=CARTESIAN_POINT('',(16.63429088898,51.2318917564738,-1.36870577576148));
#4352=CARTESIAN_POINT('',(17.1063454936773,51.1687863414069,-0.52836917447937));
#4353=CARTESIAN_POINT('',(17.407774599005,51.0652912043766,0.383449172426183));
#4354=CARTESIAN_POINT('',(17.5269944534885,50.9253836054584,1.3317085972372));
#4355=CARTESIAN_POINT('',(17.4594235049796,50.7544401152174,2.27996802204823));
#4356=CARTESIAN_POINT('',(17.2076584671349,50.5590299961175,3.19178636895377));
#4357=CARTESIAN_POINT('',(16.7813745291676,50.3466627494484,4.03212297023589));
#4358=CARTESIAN_POINT('',(16.1969535437509,50.1254995294027,4.76868416157347));
#4359=CARTESIAN_POINT('',(15.4768544816072,49.904039514497,5.37316430945174));
#4360=CARTESIAN_POINT('',(14.6487503458587,49.6907932889079,5.82233358078406));
#4361=CARTESIAN_POINT('',(13.7444647140358,49.4939557854949,6.0989306523702));
#4362=CARTESIAN_POINT('',(12.7987487758405,49.3210913591264,6.19232605386648));
#4363=CARTESIAN_POINT('',(11.8479458644138,49.1788430927644,6.09893065237017));
#4364=CARTESIAN_POINT('',(10.9285948024255,49.0726775075113,5.82233358078404));
#4365=CARTESIAN_POINT('',(10.0760257356099,49.0066744872701,5.37316430945171));
#4366=CARTESIAN_POINT('',(9.32300241507832,48.9833704910937,4.76868416157345));
#4367=CARTESIAN_POINT('',(8.69846310473853,49.0036610784861,4.03212297023585));
#4368=CARTESIAN_POINT('',(8.22640850004118,49.066766493553,3.19178636895373));
#4369=CARTESIAN_POINT('',(7.92497939471356,49.1702616305833,2.27996802204818));
#4370=CARTESIAN_POINT('',(7.80575954022997,49.3101692295015,1.33170859723717));
#4371=CARTESIAN_POINT('',(7.87333048873897,49.4811127197425,0.383449172426141));
#4372=CARTESIAN_POINT('',(6.52296580627892,43.6828607481992,1.87896713824421));
#4373=CARTESIAN_POINT('',(6.3474373111379,43.8888480009374,0.48283601091349));
#4374=CARTESIAN_POINT('',(6.44692264399971,44.1405296837084,-0.913295116417242));
#4375=CARTESIAN_POINT('',(6.81759863931451,44.4282338105882,-2.255773707484));
#4376=CARTESIAN_POINT('',(7.44522042645984,44.740904073327,-3.49300906290278));
#4377=CARTESIAN_POINT('',(8.30566885213006,45.0665247290753,-4.57745492181439));
#4378=CARTESIAN_POINT('',(9.36587736587169,45.3925823586429,-5.46743663802512));
#4379=CARTESIAN_POINT('',(10.5851027490734,45.7065467501807,-6.12875271328849));
#4380=CARTESIAN_POINT('',(11.9164908540083,45.9963524281951,-6.53598914170245));
#4381=CARTESIAN_POINT('',(13.3088771824548,46.250862323005,-6.67349605570387));
#4382=CARTESIAN_POINT('',(14.7087531086698,46.4602957620837,-6.53598914170244));
#4383=CARTESIAN_POINT('',(16.0623221858684,46.6166043358188,-6.12875271328847));
#4384=CARTESIAN_POINT('',(17.3175675135042,46.7137811933808,-5.46743663802509));
#4385=CARTESIAN_POINT('',(18.4262507175858,46.7480918826308,-4.57745492181435));
#4386=CARTESIAN_POINT('',(19.3457657243371,46.7182178630226,-3.49300906290273));
#4387=CARTESIAN_POINT('',(20.0407760877185,46.6253071763763,-2.25577370748396));
#4388=CARTESIAN_POINT('',(20.4845729492316,46.4729303282747,-0.913295116417181));
#4389=CARTESIAN_POINT('',(20.6601014443727,46.2669430755366,0.482836010913537));
#4390=CARTESIAN_POINT('',(20.5606161115108,46.0152613927655,1.87896713824427));
#4391=CARTESIAN_POINT('',(20.189940116196,45.7275572658857,3.22144572931103));
#4392=CARTESIAN_POINT('',(19.5623183290507,45.4148870031469,4.45868108472981));
#4393=CARTESIAN_POINT('',(18.7018699033805,45.0892663473986,5.54312694364142));
#4394=CARTESIAN_POINT('',(17.6416613896388,44.763208717831,6.43310865985216));
#4395=CARTESIAN_POINT('',(16.4224360064371,44.4492443262932,7.09442473511551));
#4396=CARTESIAN_POINT('',(15.0910479015022,44.1594386482788,7.50166116352947));
#4397=CARTESIAN_POINT('',(13.6986615730558,43.9049287534689,7.6391680775309));
#4398=CARTESIAN_POINT('',(12.2987856468408,43.6954953143903,7.50166116352947));
#4399=CARTESIAN_POINT('',(10.9452165696421,43.5391867406551,7.0944247351155));
#4400=CARTESIAN_POINT('',(9.68997124200632,43.4420098830932,6.43310865985212));
#4401=CARTESIAN_POINT('',(8.5812880379247,43.4076991938432,5.54312694364138));
#4402=CARTESIAN_POINT('',(7.66177303117346,43.4375732134513,4.45868108472976));
#4403=CARTESIAN_POINT('',(6.96676266779205,43.5304839000976,3.22144572931098));
#4404=CARTESIAN_POINT('',(6.52296580627892,43.6828607481992,1.87896713824421));
#4405=CARTESIAN_POINT('',(6.3474373111379,43.8888480009374,0.48283601091349));
#4406=CARTESIAN_POINT('',(6.44692264399971,44.1405296837084,-0.913295116417242));
#4407=CARTESIAN_POINT('',(6.00483444453582,40.5132802339324,1.58138111305985));
#4408=CARTESIAN_POINT('',(5.80388008159151,40.749105403603,-0.0169841042460954));
#4409=CARTESIAN_POINT('',(5.91777618530668,41.0372439886537,-1.61534932155206));
#4410=CARTESIAN_POINT('',(6.34214579228923,41.366622984851,-3.1522902599305));
#4411=CARTESIAN_POINT('',(7.06068061653204,41.7245845420889,-4.56874314104594));
#4412=CARTESIAN_POINT('',(8.04576776769844,42.09737239847,-5.81027447503303));
#4413=CARTESIAN_POINT('',(9.25955089901232,42.4706605257352,-6.82917290898544));
#4414=CARTESIAN_POINT('',(10.6553850054347,42.8301036704963,-7.58628274749122));
#4415=CARTESIAN_POINT('',(12.1796289650487,43.1618886342781,-8.05250868404867));
#4416=CARTESIAN_POINT('',(13.773706937292,43.4532651069896,-8.20993391737841));
#4417=CARTESIAN_POINT('',(15.3763593996606,43.6930356541903,-8.05250868404865));
#4418=CARTESIAN_POINT('',(16.9259973168035,43.8719860282162,-7.58628274749119));
#4419=CARTESIAN_POINT('',(18.363068972612,43.98323926655,-6.82917290898541));
#4420=CARTESIAN_POINT('',(19.6323485092723,44.0225199696339,-5.81027447503299));
#4421=CARTESIAN_POINT('',(20.6850582260107,43.9883186020775,-4.56874314104588));
#4422=CARTESIAN_POINT('',(21.4807430787795,43.8819495032556,-3.15229025993045));
#4423=CARTESIAN_POINT('',(21.9888253449119,43.7075003779833,-1.61534932155199));
#4424=CARTESIAN_POINT('',(22.1897797078562,43.4716752083127,-0.0169841042460419));
#4425=CARTESIAN_POINT('',(22.075883604141,43.183536623262,1.58138111305993));
#4426=CARTESIAN_POINT('',(21.6515139971585,42.8541576270647,3.11832205143836));
#4427=CARTESIAN_POINT('',(20.9329791729157,42.4961960698268,4.53477493255381));
#4428=CARTESIAN_POINT('',(19.9478920217493,42.1234082134457,5.77630626654088));
#4429=CARTESIAN_POINT('',(18.7341088904354,41.7501200861805,6.79520470049331));
#4430=CARTESIAN_POINT('',(17.338274784013,41.3906769414194,7.55231453899908));
#4431=CARTESIAN_POINT('',(15.814030824399,41.0588919776376,8.01854047555655));
#4432=CARTESIAN_POINT('',(14.2199528521557,40.7675155049261,8.17596570888627));
#4433=CARTESIAN_POINT('',(12.6173003897871,40.5277449577254,8.01854047555652));
#4434=CARTESIAN_POINT('',(11.0676624726442,40.3487945836995,7.55231453899906));
#4435=CARTESIAN_POINT('',(9.63059081683569,40.2375413453657,6.79520470049326));
#4436=CARTESIAN_POINT('',(8.36131128017539,40.1982606422818,5.77630626654084));
#4437=CARTESIAN_POINT('',(7.30860156343695,40.2324620098382,4.53477493255375));
#4438=CARTESIAN_POINT('',(6.51291671066819,40.3388311086601,3.11832205143829));
#4439=CARTESIAN_POINT('',(6.00483444453582,40.5132802339324,1.58138111305985));
#4440=CARTESIAN_POINT('',(5.80388008159151,40.749105403603,-0.0169841042460954));
#4441=CARTESIAN_POINT('',(5.91777618530668,41.0372439886537,-1.61534932155206));
#4442=CARTESIAN_POINT('',(5.70095560825184,37.835216416231,1.29966077219571));
#4443=CARTESIAN_POINT('',(5.48177699304404,38.0924282197581,-0.443657809160474));
#4444=CARTESIAN_POINT('',(5.60600216498904,38.4066976644918,-2.18697639051668));
#4445=CARTESIAN_POINT('',(6.06885722039524,38.7659475519156,-3.8633002164557));
#4446=CARTESIAN_POINT('',(6.85255489905551,39.1563721103253,-5.4082091024399));
#4447=CARTESIAN_POINT('',(7.92697813868166,39.5629675428938,-6.76233306637582));
#4448=CARTESIAN_POINT('',(9.25083745671834,39.970108615169,-7.87363388373086));
#4449=CARTESIAN_POINT('',(10.7732576820023,40.3621491240705,-8.69940488731875));
#4450=CARTESIAN_POINT('',(12.4357330590589,40.7240231727002,-9.20791216056931));
#4451=CARTESIAN_POINT('',(14.1743755914748,41.0418241443105,-9.3796140541457));
#4452=CARTESIAN_POINT('',(15.9223702217713,41.3033391257873,-9.2079121605693));
#4453=CARTESIAN_POINT('',(17.6125424965927,41.4985182430517,-8.69940488731873));
#4454=CARTESIAN_POINT('',(19.1799400432772,41.619860872085,-7.87363388373083));
#4455=CARTESIAN_POINT('',(20.5643286531124,41.6627038837032,-6.76233306637578));
#4456=CARTESIAN_POINT('',(21.7125070481963,41.6254008449963,-5.40820910243985));
#4457=CARTESIAN_POINT('',(22.5803513767118,41.5093852908221,-3.86330021645563));
#4458=CARTESIAN_POINT('',(23.1345108678068,41.3191156338653,-2.18697639051661));
#4459=CARTESIAN_POINT('',(23.3536894830146,41.0619038303383,-0.443657809160416));
#4460=CARTESIAN_POINT('',(23.2294643110696,40.7476343856045,1.29966077219579));
#4461=CARTESIAN_POINT('',(22.7666092556634,40.3883844981807,2.97598459813479));
#4462=CARTESIAN_POINT('',(21.9829115770031,39.997959939771,4.52089348411902));
#4463=CARTESIAN_POINT('',(20.9084883373769,39.5913645072025,5.87501744805492));
#4464=CARTESIAN_POINT('',(19.5846290193402,39.1842234349274,6.98631826540998));
#4465=CARTESIAN_POINT('',(18.0622087940563,38.7921829260258,7.81208926899786));
#4466=CARTESIAN_POINT('',(16.3997334169997,38.4303088773961,8.32059654224843));
#4467=CARTESIAN_POINT('',(14.6610908845838,38.1125079057858,8.49229843582481));
#4468=CARTESIAN_POINT('',(12.9130962542873,37.850992924309,8.32059654224841));
#4469=CARTESIAN_POINT('',(11.2229239794659,37.6558138070446,7.81208926899783));
#4470=CARTESIAN_POINT('',(9.65552643278139,37.5344711780113,6.98631826540993));
#4471=CARTESIAN_POINT('',(8.27113782294622,37.4916281663931,5.87501744805487));
#4472=CARTESIAN_POINT('',(7.12295942786229,37.5289312051,4.52089348411896));
#4473=CARTESIAN_POINT('',(6.25511509934677,37.6449467592742,2.97598459813473));
#4474=CARTESIAN_POINT('',(5.70095560825184,37.835216416231,1.29966077219571));
#4475=CARTESIAN_POINT('',(5.48177699304404,38.0924282197581,-0.443657809160474));
#4476=CARTESIAN_POINT('',(5.60600216498904,38.4066976644918,-2.18697639051668));
#4477=CARTESIAN_POINT('',(5.50651277628946,35.5498061999322,1.0445730916595));
#4478=CARTESIAN_POINT('',(5.27336090855836,35.8234159785959,-0.809886947282745));
#4479=CARTESIAN_POINT('',(5.40550578423764,36.1577209834023,-2.66434698622502));
#4480=CARTESIAN_POINT('',(5.89786914986269,36.5398740604971,-4.4475411658639));
#4481=CARTESIAN_POINT('',(6.73152975741307,36.9551892814415,-6.09094233390269));
#4482=CARTESIAN_POINT('',(7.8744504972629,37.3877063152061,-7.53139550508366));
#4483=CARTESIAN_POINT('',(9.28270956633706,37.8208037747415,-8.71354487185377));
#4484=CARTESIAN_POINT('',(10.9021883583718,38.2378379675618,-9.59196109700503));
#4485=CARTESIAN_POINT('',(12.6706512116035,38.6227825035123,-10.1328871376264));
#4486=CARTESIAN_POINT('',(14.5201370903477,38.9608441799558,-10.3155355093316));
#4487=CARTESIAN_POINT('',(16.379571289488,39.2390314762537,-10.1328871376264));
#4488=CARTESIAN_POINT('',(18.1774967955341,39.4466538106187,-9.591961097005));
#4489=CARTESIAN_POINT('',(19.8448203395769,39.5757323731768,-8.71354487185373));
#4490=CARTESIAN_POINT('',(21.3174676128647,39.6213067471573,-7.53139550508361));
#4491=CARTESIAN_POINT('',(22.5388456065551,39.5816255349263,-6.09094233390263));
#4492=CARTESIAN_POINT('',(23.4620174493073,39.4582136632164,-4.44754116586383));
#4493=CARTESIAN_POINT('',(24.051506164925,39.2558137810474,-2.66434698622493));
#4494=CARTESIAN_POINT('',(24.2846580326561,38.9822040023837,-0.809886947282684));
#4495=CARTESIAN_POINT('',(24.1525131569768,38.6478989975773,1.04457309165959));
#4496=CARTESIAN_POINT('',(23.6601497913518,38.2657459204824,2.82776727129846));
#4497=CARTESIAN_POINT('',(22.8264891838014,37.850430699538,4.47116843933727));
#4498=CARTESIAN_POINT('',(21.6835684439516,37.4179136657735,5.91162161051823));
#4499=CARTESIAN_POINT('',(20.2753093748774,36.984816206238,7.09377097728834));
#4500=CARTESIAN_POINT('',(18.6558305828427,36.5677820134177,7.97218720243959));
#4501=CARTESIAN_POINT('',(16.887367729611,36.1828374774673,8.51311324306098));
#4502=CARTESIAN_POINT('',(15.0378818508668,35.8447758010238,8.69576161476616));
#4503=CARTESIAN_POINT('',(13.1784476517265,35.5665885047258,8.51311324306096));
#4504=CARTESIAN_POINT('',(11.3805221456804,35.3589661703609,7.97218720243958));
#4505=CARTESIAN_POINT('',(9.71319860163751,35.2298876078027,7.09377097728829));
#4506=CARTESIAN_POINT('',(8.24055132834973,35.1843132338223,5.91162161051818));
#4507=CARTESIAN_POINT('',(7.01917333465933,35.2239944460533,4.4711684393372));
#4508=CARTESIAN_POINT('',(6.09600149190716,35.3474063177631,2.82776727129838));
#4509=CARTESIAN_POINT('',(5.50651277628946,35.5498061999322,1.0445730916595));
#4510=CARTESIAN_POINT('',(5.27336090855836,35.8234159785959,-0.809886947282745));
#4511=CARTESIAN_POINT('',(5.40550578423764,36.1577209834023,-2.66434698622502));
#4512=CARTESIAN_POINT('',(5.36940898933195,33.4738111046152,0.803921691243618));
#4513=CARTESIAN_POINT('',(5.12452607920983,33.7611875665285,-1.14384555360281));
#4514=CARTESIAN_POINT('',(5.26331982780371,34.1123131364931,-3.09161279844927));
#4515=CARTESIAN_POINT('',(5.7804564691917,34.5136942557687,-4.96452844039672));
#4516=CARTESIAN_POINT('',(6.65606273225876,34.9499060730388,-6.69061738166833));
#4517=CARTESIAN_POINT('',(7.85648955936089,35.404185212796,-8.20354699225286));
#4518=CARTESIAN_POINT('',(9.33560522073967,35.859073982462,-9.44517623567624));
#4519=CARTESIAN_POINT('',(11.0365681310259,36.2970912617233,-10.3677899964274));
#4520=CARTESIAN_POINT('',(12.8940112394884,36.7014042921808,-10.9359327450885));
#4521=CARTESIAN_POINT('',(14.8365540491349,37.0564755508152,-11.1277710744465));
#4522=CARTESIAN_POINT('',(16.7895457291813,37.3486598482836,-10.9359327450885));
#4523=CARTESIAN_POINT('',(18.6779339046137,37.5667287058931,-10.3677899964274));
#4524=CARTESIAN_POINT('',(20.4291488768707,37.7023018597401,-9.4451762356762));
#4525=CARTESIAN_POINT('',(21.975892436661,37.7501693095527,-8.2035469922528));
#4526=CARTESIAN_POINT('',(23.2587240964056,37.7084915360788,-6.69061738166826));
#4527=CARTESIAN_POINT('',(24.228345354841,37.5788701927801,-4.96452844039666));
#4528=CARTESIAN_POINT('',(24.8474942107751,37.3662865551868,-3.09161279844918));
#4529=CARTESIAN_POINT('',(25.0923771208973,37.0789100932735,-1.14384555360275));
#4530=CARTESIAN_POINT('',(24.9535833723034,36.7277845233089,0.803921691243712));
#4531=CARTESIAN_POINT('',(24.4364467309154,36.3264034040332,2.67683733319115));
#4532=CARTESIAN_POINT('',(23.5608404678483,35.8901915867632,4.40292627446278));
#4533=CARTESIAN_POINT('',(22.3604136407462,35.435912447006,5.91585588504729));
#4534=CARTESIAN_POINT('',(20.8812979793674,34.9810236773399,7.1574851284707));
#4535=CARTESIAN_POINT('',(19.1803350690812,34.5430063980786,8.08009888922187));
#4536=CARTESIAN_POINT('',(17.3228919606187,34.1386933676212,8.64824163788295));
#4537=CARTESIAN_POINT('',(15.3803491509722,33.7836221089868,8.84007996724094));
#4538=CARTESIAN_POINT('',(13.4273574709258,33.4914378115184,8.64824163788293));
#4539=CARTESIAN_POINT('',(11.5389692954934,33.2733689539089,8.08009888922183));
#4540=CARTESIAN_POINT('',(9.78775432323639,33.1377958000619,7.15748512847064));
#4541=CARTESIAN_POINT('',(8.24101076344611,33.0899283502493,5.91585588504724));
#4542=CARTESIAN_POINT('',(6.95817910370146,33.1316061237231,4.40292627446271));
#4543=CARTESIAN_POINT('',(5.98855784526613,33.2612274670219,2.67683733319108));
#4544=CARTESIAN_POINT('',(5.36940898933195,33.4738111046152,0.803921691243618));
#4545=CARTESIAN_POINT('',(5.12452607920983,33.7611875665285,-1.14384555360281));
#4546=CARTESIAN_POINT('',(5.26331982780371,34.1123131364931,-3.09161279844927));
#4547=CARTESIAN_POINT('',(5.2626827154359,31.401173525509,0.556839892690021));
#4548=CARTESIAN_POINT('',(5.00682161835048,31.7014331752534,-1.47824644259111));
#4549=CARTESIAN_POINT('',(5.15183753949467,32.0682998279777,-3.51333277787227));
#4550=CARTESIAN_POINT('',(5.69215759834484,32.4876750039588,-5.47021188657813));
#4551=CARTESIAN_POINT('',(6.60701759805434,32.9434423503721,-7.27368200199158));
#4552=CARTESIAN_POINT('',(7.8612599818937,33.4180869836922,-8.85443677897499));
#4553=CARTESIAN_POINT('',(9.40668491843925,33.8933685768444,-10.1517286979463));
#4554=CARTESIAN_POINT('',(11.1839025940638,34.3510223247449,-11.1157035579893));
#4555=CARTESIAN_POINT('',(13.1246155301683,34.7734608505169,-11.7093163458357));
#4556=CARTESIAN_POINT('',(15.1542432169825,35.1444500785214,-11.9097548549505));
#4557=CARTESIAN_POINT('',(17.1947882007306,35.4497331007793,-11.7093163458357));
#4558=CARTESIAN_POINT('',(19.1678334820378,35.6775780619499,-11.1157035579893));
#4559=CARTESIAN_POINT('',(20.9975560372402,35.8192290079524,-10.1517286979463));
#4560=CARTESIAN_POINT('',(22.6136406546615,35.8692423723706,-8.85443677897493));
#4561=CARTESIAN_POINT('',(23.9539821087648,35.8256961696577,-7.27368200199152));
#4562=CARTESIAN_POINT('',(24.9670718291413,35.6902638559631,-5.47021188657807));
#4563=CARTESIAN_POINT('',(25.6139773459839,35.4681500191506,-3.51333277787218));
#4564=CARTESIAN_POINT('',(25.8698384430693,35.1678903694062,-1.47824644259104));
#4565=CARTESIAN_POINT('',(25.7248225219251,34.801023716682,0.556839892690119));
#4566=CARTESIAN_POINT('',(25.184502463075,34.3816485407009,2.51371900139597));
#4567=CARTESIAN_POINT('',(24.2696424633655,33.9258811942876,4.31718911680945));
#4568=CARTESIAN_POINT('',(23.0154000795261,33.4512365609675,5.89794389379283));
#4569=CARTESIAN_POINT('',(21.4699751429805,32.9759549678152,7.1952358127642));
#4570=CARTESIAN_POINT('',(19.692757467356,32.5183012199148,8.15921067280713));
#4571=CARTESIAN_POINT('',(17.7520445312515,32.0958626941427,8.75282346065355));
#4572=CARTESIAN_POINT('',(15.7224168444373,31.7248734661382,8.95326196976835));
#4573=CARTESIAN_POINT('',(13.6818718606892,31.4195904438803,8.75282346065354));
#4574=CARTESIAN_POINT('',(11.708826579382,31.1917454827097,8.1592106728071));
#4575=CARTESIAN_POINT('',(9.8791040241796,31.0500945367073,7.19523581276414));
#4576=CARTESIAN_POINT('',(8.26301940675834,31.0000811722891,5.89794389379277));
#4577=CARTESIAN_POINT('',(6.92267795265499,31.043627375002,4.31718911680937));
#4578=CARTESIAN_POINT('',(5.90958823227856,31.1790596886966,2.51371900139589));
#4579=CARTESIAN_POINT('',(5.2626827154359,31.401173525509,0.556839892690021));
#4580=CARTESIAN_POINT('',(5.00682161835048,31.7014331752534,-1.47824644259111));
#4581=CARTESIAN_POINT('',(5.15183753949467,32.0682998279777,-3.51333277787227));
#4582=CARTESIAN_POINT('',(5.17904599012633,29.3536479103124,0.307822543951613));
#4583=CARTESIAN_POINT('',(4.91287016436769,29.6660121623348,-1.80930581965744));
#4584=CARTESIAN_POINT('',(5.06373222584714,30.0476685975826,-3.92643418326652));
#4585=CARTESIAN_POINT('',(5.62583463014672,30.4839503732845,-5.96220249116138));
#4586=CARTESIAN_POINT('',(6.5775760970996,30.9580914254699,-7.83837730894162));
#4587=CARTESIAN_POINT('',(7.88238173587372,31.4518707794048,-9.4828582905309));
#4588=CARTESIAN_POINT('',(9.49010859751436,31.9463127714321,-10.8324489540423));
#4589=CARTESIAN_POINT('',(11.3389726403523,32.4224162730844,-11.8352852871363));
#4590=CARTESIAN_POINT('',(13.3579230560762,32.8618848937951,-12.4528288519292));
#4591=CARTESIAN_POINT('',(15.4693727124501,33.2478301009272,-12.6613477955482));
#4592=CARTESIAN_POINT('',(17.5921797832943,33.5654202366111,-12.4528288519291));
#4593=CARTESIAN_POINT('',(19.6447659833602,33.8024504900392,-11.8352852871362));
#4594=CARTESIAN_POINT('',(21.5482515760827,33.9498119215002,-10.8324489540423));
#4595=CARTESIAN_POINT('',(23.2294866776207,34.0018415138244,-9.48285829053084));
#4596=CARTESIAN_POINT('',(24.6238623658694,33.9565397989573,-7.83837730894155));
#4597=CARTESIAN_POINT('',(25.6777935651044,33.8156476963957,-5.9622024911613));
#4598=CARTESIAN_POINT('',(26.3507782903906,33.5845796106279,-3.92643418326643));
#4599=CARTESIAN_POINT('',(26.6169541161493,33.2722153586055,-1.80930581965737));
#4600=CARTESIAN_POINT('',(26.4660920546698,32.8905589233577,0.307822543951723));
#4601=CARTESIAN_POINT('',(25.9039896503703,32.4542771476558,2.34359085184656));
#4602=CARTESIAN_POINT('',(24.9522481834173,31.9801360954703,4.21976566962682));
#4603=CARTESIAN_POINT('',(23.6474425446432,31.4863567415354,5.86424665121609));
#4604=CARTESIAN_POINT('',(22.0397156830026,30.9919147495082,7.21383731472752));
#4605=CARTESIAN_POINT('',(20.1908516401646,30.5158112478559,8.21667364782144));
#4606=CARTESIAN_POINT('',(18.1719012244407,30.0763426271452,8.83421721261434));
#4607=CARTESIAN_POINT('',(16.0604515680668,29.6903974200131,9.04273615623338));
#4608=CARTESIAN_POINT('',(13.9376444972226,29.3728072843292,8.83421721261432));
#4609=CARTESIAN_POINT('',(11.8850582971568,29.1357770309011,8.21667364782151));
#4610=CARTESIAN_POINT('',(9.98157270443421,28.9884155994401,7.21383731472747));
#4611=CARTESIAN_POINT('',(8.30033760289627,28.9363860071159,5.86424665121603));
#4612=CARTESIAN_POINT('',(6.90596191464754,28.981687721983,4.21976566962673));
#4613=CARTESIAN_POINT('',(5.85203071541245,29.1225798245445,2.34359085184647));
#4614=CARTESIAN_POINT('',(5.17904599012633,29.3536479103124,0.307822543951613));
#4615=CARTESIAN_POINT('',(4.91287016436769,29.6660121623348,-1.80930581965744));
#4616=CARTESIAN_POINT('',(5.06373222584714,30.0476685975826,-3.92643418326652));
#4617=CARTESIAN_POINT('',(5.11035327398082,27.3557152159751,0.0619152107182468));
#4618=CARTESIAN_POINT('',(4.83442693525078,27.6795219484798,-2.13276748192262));
#4619=CARTESIAN_POINT('',(4.99081535316463,28.0751591650846,-4.32745017456353));
#4620=CARTESIAN_POINT('',(5.57350860852537,28.5274227494312,-6.43779244211847));
#4621=CARTESIAN_POINT('',(6.56011412630773,29.0189324656054,-8.38269501473888));
#4622=CARTESIAN_POINT('',(7.91271720975805,29.5307998708566,-10.0874163772729));
#4623=CARTESIAN_POINT('',(9.57933808092791,30.0433541878595,-11.4864450437771));
#4624=CARTESIAN_POINT('',(11.49592943439,30.5368982416554,-12.5260171271821));
#4625=CARTESIAN_POINT('',(13.5888377392676,30.9924654110397,-13.1661824553212));
#4626=CARTESIAN_POINT('',(15.7776337031207,31.392548505178,-13.3823398336432));
#4627=CARTESIAN_POINT('',(17.9782031245493,31.7217725551315,-13.1661824553212));
#4628=CARTESIAN_POINT('',(20.1059793547817,31.9674856652918,-12.526017127182));
#4629=CARTESIAN_POINT('',(22.0791931465604,32.1202452186327,-11.4864450437771));
#4630=CARTESIAN_POINT('',(23.8220150004587,32.174180751188,-10.0874163772729));
#4631=CARTESIAN_POINT('',(25.2674692500168,32.1272195506889,-8.38269501473882));
#4632=CARTESIAN_POINT('',(26.3600078990443,31.9811663097344,-6.4377924421184));
#4633=CARTESIAN_POINT('',(27.0576452999619,31.7416337724669,-4.32745017456343));
#4634=CARTESIAN_POINT('',(27.333571638692,31.4178270399622,-2.13276748192255));
#4635=CARTESIAN_POINT('',(27.1771832207781,31.0221898233574,0.0619152107183593));
#4636=CARTESIAN_POINT('',(26.5944899654174,30.5699262390108,2.17225747827329));
#4637=CARTESIAN_POINT('',(25.607884447635,30.0784165228366,4.11716005089373));
#4638=CARTESIAN_POINT('',(24.2552813641847,29.5665491175854,5.82188141342774));
#4639=CARTESIAN_POINT('',(22.5886604930148,29.0539948005825,7.22091007993198));
#4640=CARTESIAN_POINT('',(20.6720691395528,28.5604507467866,8.2604821633369));
#4641=CARTESIAN_POINT('',(18.5791608346752,28.1048835774023,8.90064749147607));
#4642=CARTESIAN_POINT('',(16.3903648708221,27.7048004832641,9.116804869798));
#4643=CARTESIAN_POINT('',(14.1897954493934,27.3755764333105,8.90064749147605));
#4644=CARTESIAN_POINT('',(12.0620192191611,27.1298633231502,8.26048216333687));
#4645=CARTESIAN_POINT('',(10.0888054273823,26.9771037698093,7.22091007993191));
#4646=CARTESIAN_POINT('',(8.34598357348408,26.923168237254,5.82188141342768));
#4647=CARTESIAN_POINT('',(6.90052932392596,26.9701294377531,4.11716005089364));
#4648=CARTESIAN_POINT('',(5.80799067489842,27.1161826787076,2.1722574782732));
#4649=CARTESIAN_POINT('',(5.11035327398082,27.3557152159751,0.0619152107182468));
#4650=CARTESIAN_POINT('',(4.83442693525078,27.6795219484798,-2.13276748192262));
#4651=CARTESIAN_POINT('',(4.99081535316463,28.0751591650846,-4.32745017456353));
#4652=CARTESIAN_POINT('',(5.05627221609076,25.4070157358676,-0.180854017063005));
#4653=CARTESIAN_POINT('',(4.77115003737056,25.7416140256901,-2.44867924101742));
#4654=CARTESIAN_POINT('',(4.9327504364025,26.1504367053239,-4.71650446497187));
#4655=CARTESIAN_POINT('',(5.53486320047824,26.6177729484612,-6.89717843738077));
#4656=CARTESIAN_POINT('',(6.55434947374317,27.1256632853633,-8.90689908042052));
#4657=CARTESIAN_POINT('',(7.95203097045015,27.6545897752113,-10.6684339568434));
#4658=CARTESIAN_POINT('',(9.67419557450954,28.1842260696258,-12.1140882692287));
#4659=CARTESIAN_POINT('',(11.6546614659884,28.6942185428358,-13.1883063330836));
#4660=CARTESIAN_POINT('',(13.8173204513353,29.164968470103,-13.8498065506427));
#4661=CARTESIAN_POINT('',(16.0790627585764,29.578385195722,-14.0731678395187));
#4662=CARTESIAN_POINT('',(18.3529708992441,29.9185813467742,-13.8498065506427));
#4663=CARTESIAN_POINT('',(20.5516598587151,30.1724833759587,-13.1883063330836));
#4664=CARTESIAN_POINT('',(22.5906352533158,30.3303339706839,-12.1140882692286));
#4665=CARTESIAN_POINT('',(24.3915404021022,30.3860670211183,-10.6684339568434));
#4666=CARTESIAN_POINT('',(25.8851675301657,30.3375407373889,-8.90689908042045));
#4667=CARTESIAN_POINT('',(27.0141173846107,30.1866199573657,-6.89717843738069));
#4668=CARTESIAN_POINT('',(27.7350050556531,29.9391044819876,-4.71650446497176));
#4669=CARTESIAN_POINT('',(28.0201272343733,29.6045061921652,-2.44867924101735));
#4670=CARTESIAN_POINT('',(27.8585268353414,29.1956835125313,-0.180854017062899));
#4671=CARTESIAN_POINT('',(27.2564140712656,28.7283472693941,1.999819955346));
#4672=CARTESIAN_POINT('',(26.2369277980007,28.2204569324919,4.00954059838578));
#4673=CARTESIAN_POINT('',(24.8392463012937,27.6915304426439,5.77107547480865));
#4674=CARTESIAN_POINT('',(23.1170816972343,27.1618941482294,7.21672978719393));
#4675=CARTESIAN_POINT('',(21.1366158057555,26.6519016750194,8.29094785104887));
#4676=CARTESIAN_POINT('',(18.9739568204086,26.1811517477522,8.95244806860792));
#4677=CARTESIAN_POINT('',(16.7122145131675,25.7677350221332,9.17580935748398));
#4678=CARTESIAN_POINT('',(14.4383063724997,25.4275388710811,8.95244806860791));
#4679=CARTESIAN_POINT('',(12.2396174130288,25.1736368418965,8.29094785104883));
#4680=CARTESIAN_POINT('',(10.2006420184281,25.0157862471713,7.21672978719386));
#4681=CARTESIAN_POINT('',(8.39973686964168,24.960053196737,5.77107547480859));
#4682=CARTESIAN_POINT('',(6.90610974157813,25.0085794804664,4.00954059838568));
#4683=CARTESIAN_POINT('',(5.77715988713315,25.1595002604896,1.99981995534591));
#4684=CARTESIAN_POINT('',(5.05627221609076,25.4070157358676,-0.180854017063005));
#4685=CARTESIAN_POINT('',(4.77115003737056,25.7416140256901,-2.44867924101742));
#4686=CARTESIAN_POINT('',(4.9327504364025,26.1504367053239,-4.71650446497187));
#4687=CARTESIAN_POINT('',(5.01798948669524,23.5023603018381,-0.421432534901063));
#4688=CARTESIAN_POINT('',(4.72423403747546,23.8470899590544,-2.75792568462734));
#4689=CARTESIAN_POINT('',(4.89072756675753,24.2682914609724,-5.09441883435366));
#4690=CARTESIAN_POINT('',(5.51107182158192,24.749778270086,-7.34112186265644));
#4691=CARTESIAN_POINT('',(6.56142732012863,25.2730471183418,-9.41169523212359));
#4692=CARTESIAN_POINT('',(8.00142948963468,25.8179890773538,-11.2265679693574));
#4693=CARTESIAN_POINT('',(9.77573985428859,26.3636623332443,-12.7159955328583));
#4694=CARTESIAN_POINT('',(11.8161726618214,26.8890969688065,-13.8227400566416));
#4695=CARTESIAN_POINT('',(14.0443152237274,27.3741008256628,-14.5042699693279));
#4696=CARTESIAN_POINT('',(16.3745412709094,27.8000354775875,-14.7343944585789));
#4697=CARTESIAN_POINT('',(18.71730152318,28.1505324947742,-14.5042699693279));
#4698=CARTESIAN_POINT('',(20.9825650178795,28.4121224734132,-13.8227400566416));
#4699=CARTESIAN_POINT('',(23.0832789492811,28.5747526573268,-12.7159955328584));
#4700=CARTESIAN_POINT('',(24.9387140590948,28.6321732597514,-11.2265679693573));
#4701=CARTESIAN_POINT('',(26.4775670165907,28.5821776391375,-9.41169523212352));
#4702=CARTESIAN_POINT('',(27.6407005656107,28.4266870991476,-7.34112186265637));
#4703=CARTESIAN_POINT('',(28.3834161361588,28.1716770540332,-5.09441883435356));
#4704=CARTESIAN_POINT('',(28.6771715853786,27.8269473968169,-2.75792568462727));
#4705=CARTESIAN_POINT('',(28.5106780560965,27.4057458948989,-0.421432534900953));
#4706=CARTESIAN_POINT('',(27.8903338012722,26.9242590857854,1.82527049340183));
#4707=CARTESIAN_POINT('',(26.8399783027254,26.4009902375296,3.89584386286899));
#4708=CARTESIAN_POINT('',(25.3999761332193,25.8560482785175,5.71071660010279));
#4709=CARTESIAN_POINT('',(23.6256657685654,25.310375022627,7.2001441636038));
#4710=CARTESIAN_POINT('',(21.5852329610327,24.7849403870649,8.30688868738704));
#4711=CARTESIAN_POINT('',(19.3570903991266,24.2999365302085,8.98841860007333));
#4712=CARTESIAN_POINT('',(17.0268643519446,23.8740018782838,9.21854308932424));
#4713=CARTESIAN_POINT('',(14.684104099674,23.5235048610972,8.98841860007331));
#4714=CARTESIAN_POINT('',(12.4188406049745,23.2619148824582,8.3068886873871));
#4715=CARTESIAN_POINT('',(10.3181266735729,23.0992846985445,7.20014416360365));
#4716=CARTESIAN_POINT('',(8.46269156375918,23.0418640961199,5.71071660010272));
#4717=CARTESIAN_POINT('',(6.92383860626343,23.0918597167338,3.89584386286891));
#4718=CARTESIAN_POINT('',(5.76070505724335,23.2473502567238,1.82527049340172));
#4719=CARTESIAN_POINT('',(5.01798948669524,23.5023603018381,-0.421432534901063));
#4720=CARTESIAN_POINT('',(4.72423403747546,23.8470899590544,-2.75792568462734));
#4721=CARTESIAN_POINT('',(4.89072756675753,24.2682914609724,-5.09441883435366));
#4722=CARTESIAN_POINT('',(4.99388838677667,21.4306377938473,-0.687079934957937));
#4723=CARTESIAN_POINT('',(4.69116924940074,21.7858865721681,-3.09486911009836));
#4724=CARTESIAN_POINT('',(4.86274318172032,22.2199406660095,-5.50265828523882));
#4725=CARTESIAN_POINT('',(5.50201669373625,22.7161196199655,-7.81791747268234));
#4726=CARTESIAN_POINT('',(6.5844228628903,23.2553555550959,-9.9516725602678));
#4727=CARTESIAN_POINT('',(8.06836542712238,23.8169259368207,-11.8219245366029));
#4728=CARTESIAN_POINT('',(9.8968173058936,24.3792499303024,-13.3568006670865));
#4729=CARTESIAN_POINT('',(11.9995121189104,24.9207177398265,-14.4973165227926));
#4730=CARTESIAN_POINT('',(14.2956444837134,25.4205210611317,-15.1996427189951));
#4731=CARTESIAN_POINT('',(16.6969753212091,25.859452732873,-15.4367892538428));
#4732=CARTESIAN_POINT('',(19.1112228339943,26.2206448570613,-15.199642718995));
#4733=CARTESIAN_POINT('',(21.4456088440784,26.4902170229228,-14.4973165227925));
#4734=CARTESIAN_POINT('',(23.6104242062325,26.6578097233012,-13.3568006670865));
#4735=CARTESIAN_POINT('',(25.5224762801315,26.7169824647082,-11.8219245366029));
#4736=CARTESIAN_POINT('',(27.1082859768667,26.6654612718759,-9.95167256026772));
#4737=CARTESIAN_POINT('',(28.3069115191247,26.5052260753513,-7.81791747268226));
#4738=CARTESIAN_POINT('',(29.0722903995138,26.2424346238761,-5.50265828523871));
#4739=CARTESIAN_POINT('',(29.3750095368897,25.8871858455553,-3.09486911009828));
#4740=CARTESIAN_POINT('',(29.2034356045701,25.4531317517139,-0.687079934957816));
#4741=CARTESIAN_POINT('',(28.5641620925542,24.9569527977579,1.6281792524857));
#4742=CARTESIAN_POINT('',(27.4817559234002,24.4177168626275,3.76193434007119));
#4743=CARTESIAN_POINT('',(25.9978133591681,23.8561464809028,5.63218631640628));
#4744=CARTESIAN_POINT('',(24.1693614803968,23.293822487421,7.16706244688991));
#4745=CARTESIAN_POINT('',(22.0666666673801,22.7523546778969,8.30757830259595));
#4746=CARTESIAN_POINT('',(19.770534302577,22.2525513565917,9.00990449879843));
#4747=CARTESIAN_POINT('',(17.3692034650814,21.8136196848504,9.24705103364617));
#4748=CARTESIAN_POINT('',(14.9549559522961,21.4524275606621,9.00990449879841));
#4749=CARTESIAN_POINT('',(12.6205699422121,21.1828553948006,8.30757830259591));
#4750=CARTESIAN_POINT('',(10.4557545800579,21.0152626944222,7.16706244688986));
#4751=CARTESIAN_POINT('',(8.54370250615893,20.9560899530152,5.63218631640622));
#4752=CARTESIAN_POINT('',(6.95789280942376,21.0076111458475,3.76193434007109));
#4753=CARTESIAN_POINT('',(5.75926726716571,21.1678463423721,1.6281792524856));
#4754=CARTESIAN_POINT('',(4.99388838677667,21.4306377938473,-0.687079934957937));
#4755=CARTESIAN_POINT('',(4.69116924940074,21.7858865721681,-3.09486911009836));
#4756=CARTESIAN_POINT('',(4.86274318172032,22.2199406660095,-5.50265828523882));
#4757=CARTESIAN_POINT('',(4.99217094595623,19.0003198019279,-1.00471375529989));
#4758=CARTESIAN_POINT('',(4.67958285210611,19.3671500572612,-3.49099934389661));
#4759=CARTESIAN_POINT('',(4.85675027179104,19.8153547627776,-5.97728493249337));
#4760=CARTESIAN_POINT('',(5.51686476042937,20.327709663,-8.36802396024536));
#4761=CARTESIAN_POINT('',(6.63455848841906,20.884525246445,-10.571341667058));
#4762=CARTESIAN_POINT('',(8.16687911260345,21.4644034025064,-12.5025657890932));
#4763=CARTESIAN_POINT('',(10.0549404107303,22.0450597388462,-14.0874804663843));
#4764=CARTESIAN_POINT('',(12.2261852459497,22.6041799580948,-15.2651783167132));
#4765=CARTESIAN_POINT('',(14.5971738968922,23.1202773837846,-15.9904010721524));
#4766=CARTESIAN_POINT('',(17.0767905993679,23.5735186812772,-16.2352788289199));
#4767=CARTESIAN_POINT('',(19.5697450740857,23.9464860416905,-15.9904010721524));
#4768=CARTESIAN_POINT('',(21.9802344786472,24.2248465385264,-15.2651783167131));
#4769=CARTESIAN_POINT('',(24.2156250570531,24.3979029339979,-14.0874804663843));
#4770=CARTESIAN_POINT('',(26.1900120029967,24.4590047678781,-12.5025657890932));
#4771=CARTESIAN_POINT('',(27.8275207333945,24.4058039309572,-10.5713416670579));
#4772=CARTESIAN_POINT('',(29.0652227060626,24.2403449015629,-8.36802396024528));
#4773=CARTESIAN_POINT('',(29.8555537283027,23.9689861774042,-5.97728493249325));
#4774=CARTESIAN_POINT('',(30.1681418221528,23.6021559220708,-3.49099934389653));
#4775=CARTESIAN_POINT('',(29.9909744024679,23.1539512165545,-1.00471375529978));
#4776=CARTESIAN_POINT('',(29.3308599138296,22.6415963163321,1.38602527245221));
#4777=CARTESIAN_POINT('',(28.2131661858399,22.0847807328871,3.58934297926486));
#4778=CARTESIAN_POINT('',(26.6808455616555,21.5049025768257,5.52056710130009));
#4779=CARTESIAN_POINT('',(24.7927842635286,20.9242462404859,7.10548177859117));
#4780=CARTESIAN_POINT('',(22.6215394283092,20.3651260212373,8.28317962892004));
#4781=CARTESIAN_POINT('',(20.2505507773667,19.8490285955475,9.00840238435927));
#4782=CARTESIAN_POINT('',(17.770934074891,19.3957872980549,9.25328014112678));
#4783=CARTESIAN_POINT('',(15.2779796001732,19.0228199376416,9.00840238435925));
#4784=CARTESIAN_POINT('',(12.8674901956117,18.7444594408057,8.28317962892001));
#4785=CARTESIAN_POINT('',(10.6320996172058,18.5714030453342,7.10548177859111));
#4786=CARTESIAN_POINT('',(8.65771267126221,18.510301211454,5.52056710130002));
#4787=CARTESIAN_POINT('',(7.02020394086445,18.5635020483749,3.58934297926477));
#4788=CARTESIAN_POINT('',(5.78250196819637,18.7289610777692,1.38602527245211));
#4789=CARTESIAN_POINT('',(4.99217094595623,19.0003198019279,-1.00471375529989));
#4790=CARTESIAN_POINT('',(4.67958285210611,19.3671500572612,-3.49099934389661));
#4791=CARTESIAN_POINT('',(4.85675027179104,19.8153547627776,-5.97728493249337));
#4792=CARTESIAN_POINT('',(5.03665434327855,16.0380469413922,-1.402405306127));
#4793=CARTESIAN_POINT('',(4.71317065809764,16.4176634564345,-3.97535303009604));
#4794=CARTESIAN_POINT('',(4.89651343711324,16.8814908148923,-6.54830075406512));
#4795=CARTESIAN_POINT('',(5.57963692014788,17.4117043914974,-9.02237153992776));
#4796=CARTESIAN_POINT('',(6.73628905484846,17.9879283758482,-11.3024882348582));
#4797=CARTESIAN_POINT('',(8.32202034833639,18.5880188033762,-13.3010272329743));
#4798=CARTESIAN_POINT('',(10.2758920362914,19.1889145354859,-14.9411858013722));
#4799=CARTESIAN_POINT('',(12.5228179254891,19.7675234861788,-16.1599335660798));
#4800=CARTESIAN_POINT('',(14.9764499140983,20.3016100379672,-16.9104347339811));
#4801=CARTESIAN_POINT('',(17.5424963008094,20.7706495441852,-17.1638479660793));
#4802=CARTESIAN_POINT('',(20.1223453620365,21.1566170796492,-16.9104347339811));
#4803=CARTESIAN_POINT('',(22.6168549451526,21.4446801284243,-16.1599335660798));
#4804=CARTESIAN_POINT('',(24.9301624458156,21.6237685890938,-14.9411858013721));
#4805=CARTESIAN_POINT('',(26.973368754093,21.6870001925481,-13.3010272329743));
#4806=CARTESIAN_POINT('',(28.6679545974008,21.6319449837272,-11.3024882348581));
#4807=CARTESIAN_POINT('',(29.9487979921155,21.4607187034307,-9.02237153992768));
#4808=CARTESIAN_POINT('',(30.7666768448834,21.1799014815856,-6.54830075406501));
#4809=CARTESIAN_POINT('',(31.0901605300643,20.8002849665433,-3.97535303009596));
#4810=CARTESIAN_POINT('',(30.9068177510487,20.3364576080855,-1.40240530612687));
#4811=CARTESIAN_POINT('',(30.2236942680141,19.8062440314803,1.07166547973577));
#4812=CARTESIAN_POINT('',(29.0670421333135,19.2300200471295,3.35178217466618));
#4813=CARTESIAN_POINT('',(27.4813108398256,18.6299296196016,5.35032117278232));
#4814=CARTESIAN_POINT('',(25.5274391518706,18.0290338874918,6.99047974118018));
#4815=CARTESIAN_POINT('',(23.2805132626728,17.450424936799,8.20922750588782));
#4816=CARTESIAN_POINT('',(20.8268812740636,16.9163383850105,8.95972867378909));
#4817=CARTESIAN_POINT('',(18.2608348873525,16.4472988787925,9.21314190588735));
#4818=CARTESIAN_POINT('',(15.6809858261255,16.0613313433286,8.95972867378907));
#4819=CARTESIAN_POINT('',(13.1864762430094,15.7732682945534,8.20922750588778));
#4820=CARTESIAN_POINT('',(10.8731687423463,15.5941798338839,6.99047974118012));
#4821=CARTESIAN_POINT('',(8.82996243406897,15.5309482304296,5.35032117278225));
#4822=CARTESIAN_POINT('',(7.13537659076119,15.5860034392506,3.35178217466608));
#4823=CARTESIAN_POINT('',(5.85453319604648,15.7572297195471,1.07166547973566));
#4824=CARTESIAN_POINT('',(5.03665434327855,16.0380469413922,-1.402405306127));
#4825=CARTESIAN_POINT('',(4.71317065809764,16.4176634564345,-3.97535303009604));
#4826=CARTESIAN_POINT('',(4.89651343711324,16.8814908148923,-6.54830075406512));
#4827=CARTESIAN_POINT('',(5.28384588421378,9.29180581978664,-2.3410942348832));
#4828=CARTESIAN_POINT('',(4.93909905326602,9.69637518922194,-5.08316629189093));
#4829=CARTESIAN_POINT('',(5.1344932723205,10.1906907274097,-7.82523834889872));
#4830=CARTESIAN_POINT('',(5.86251965111745,10.7557561654329,-10.4619341145274));
#4831=CARTESIAN_POINT('',(7.09520054420148,11.3698563554004,-12.8919268491799));
#4832=CARTESIAN_POINT('',(8.78516471614692,12.0093917714033,-15.0218332948191));
#4833=CARTESIAN_POINT('',(10.8674677915685,12.6497854260601,-16.7698023412046));
#4834=CARTESIAN_POINT('',(13.262088031047,13.2664273503592,-18.0686605181558));
#4835=CARTESIAN_POINT('',(15.8770015216977,13.8356203409667,-18.8684934343409));
#4836=CARTESIAN_POINT('',(18.6117186045353,14.3354906304606,-19.138563959342));
#4837=CARTESIAN_POINT('',(21.3611456357133,14.7468284839461,-18.8684934343408));
#4838=CARTESIAN_POINT('',(24.0196236763199,15.0538264183947,-18.0686605181558));
#4839=CARTESIAN_POINT('',(26.4849889061465,15.244686675352,-16.7698023412045));
#4840=CARTESIAN_POINT('',(28.6624987220033,15.3120746021787,-15.0218332948191));
#4841=CARTESIAN_POINT('',(30.4684726428288,15.2534005186386,-12.8919268491798));
#4842=CARTESIAN_POINT('',(31.8335081036473,15.0709192368572,-10.4619341145273));
#4843=CARTESIAN_POINT('',(32.7051475572204,14.7716434101567,-7.82523834889858));
#4844=CARTESIAN_POINT('',(33.0498943881682,14.3670740407214,-5.08316629189085));
#4845=CARTESIAN_POINT('',(32.8545001691137,13.8727585025336,-2.34109423488306));
#4846=CARTESIAN_POINT('',(32.1264737903167,13.3076930645105,0.295601530745611));
#4847=CARTESIAN_POINT('',(30.8937928972326,12.6935928745429,2.72559426539813));
#4848=CARTESIAN_POINT('',(29.2038287252874,12.0540574585401,4.85550071103735));
#4849=CARTESIAN_POINT('',(27.1215256498656,11.4136638038833,6.60346975742282));
#4850=CARTESIAN_POINT('',(24.7269054103872,10.7970218795841,7.90232793437407));
#4851=CARTESIAN_POINT('',(22.1119919197364,10.2278288889766,8.70216085055907));
#4852=CARTESIAN_POINT('',(19.3772748368989,9.72795859948273,8.97223137556018));
#4853=CARTESIAN_POINT('',(16.6278478057209,9.31662074599721,8.70216085055905));
#4854=CARTESIAN_POINT('',(13.9693697651142,9.00962281154861,7.90232793437403));
#4855=CARTESIAN_POINT('',(11.5040045352877,8.81876255459133,6.60346975742276));
#4856=CARTESIAN_POINT('',(9.32649471943085,8.75137462776459,4.85550071103728));
#4857=CARTESIAN_POINT('',(7.52052079860534,8.81004871130473,2.72559426539804));
#4858=CARTESIAN_POINT('',(6.15548533778685,8.99252999308615,0.29560153074549));
#4859=CARTESIAN_POINT('',(5.28384588421378,9.29180581978664,-2.3410942348832));
#4860=CARTESIAN_POINT('',(4.93909905326602,9.69637518922194,-5.08316629189093));
#4861=CARTESIAN_POINT('',(5.1344932723205,10.1906907274097,-7.82523834889872));
#4862=CARTESIAN_POINT('',(5.86013489025509,3.75669324364031,-3.19572350895493));
#4863=CARTESIAN_POINT('',(5.50703124125117,4.17106955633941,-6.00426462447253));
#4864=CARTESIAN_POINT('',(5.70716190395438,4.6773675252391,-8.81280573999017));
#4865=CARTESIAN_POINT('',(6.45283596923185,5.25613040332982,-11.5134161954865));
#4866=CARTESIAN_POINT('',(7.71539760093355,5.88511665778042,-14.0023130456765));
#4867=CARTESIAN_POINT('',(9.44632726360614,6.54015469957198,-16.1838493803968));
#4868=CARTESIAN_POINT('',(11.5791063010295,7.19607178410801,-17.974189981724));
#4869=CARTESIAN_POINT('',(14.0317732108717,7.82766138567229,-19.3045330643833));
#4870=CARTESIAN_POINT('',(16.7100733792591,8.41065187007629,-20.1237542897735));
#4871=CARTESIAN_POINT('',(19.5110812327285,8.92263923994915,-20.4003714456271));
#4872=CARTESIAN_POINT('',(22.3271556102944,9.34394810779249,-20.1237542897735));
#4873=CARTESIAN_POINT('',(25.0500763528996,9.65838781008783,-19.3045330643833));
#4874=CARTESIAN_POINT('',(27.5752031434374,9.85387460541579,-17.9741899817239));
#4875=CARTESIAN_POINT('',(29.8054967754548,9.92289604586217,-16.1838493803968));
#4876=CARTESIAN_POINT('',(31.6552483154365,9.86279967617826,-14.0023130456764));
#4877=CARTESIAN_POINT('',(33.0533728490535,9.67589496614859,-11.5134161954864));
#4878=CARTESIAN_POINT('',(33.9461412345564,9.36936455896226,-8.81280573999005));
#4879=CARTESIAN_POINT('',(34.2992448835603,8.95498824626317,-6.00426462447244));
#4880=CARTESIAN_POINT('',(34.0991142208571,8.44869027736347,-3.19572350895479));
#4881=CARTESIAN_POINT('',(33.3534401555796,7.86992739927277,-0.495113053458521));
#4882=CARTESIAN_POINT('',(32.0908785238778,7.24094114482213,1.99378379673153));
#4883=CARTESIAN_POINT('',(30.3599488612053,6.58590310303059,4.17532013145189));
#4884=CARTESIAN_POINT('',(28.227169823782,5.92998601849456,5.96566073277903));
#4885=CARTESIAN_POINT('',(25.7745029139397,5.29839641693028,7.29600381543836));
#4886=CARTESIAN_POINT('',(23.0962027455523,4.71540593252628,8.11522504082853));
#4887=CARTESIAN_POINT('',(20.295194892083,4.20341856265344,8.39184219668209));
#4888=CARTESIAN_POINT('',(17.4791205145171,3.78210969481008,8.11522504082851));
#4889=CARTESIAN_POINT('',(14.7561997719119,3.46766999251475,7.29600381543832));
#4890=CARTESIAN_POINT('',(12.2310729813741,3.27218319718678,5.96566073277897));
#4891=CARTESIAN_POINT('',(10.0007793493567,3.20316175674041,4.17532013145181));
#4892=CARTESIAN_POINT('',(8.15102780937497,3.26325812642431,1.99378379673142));
#4893=CARTESIAN_POINT('',(6.75290327575797,3.45016283645398,-0.495113053458631));
#4894=CARTESIAN_POINT('',(5.86013489025509,3.75669324364031,-3.19572350895493));
#4895=CARTESIAN_POINT('',(5.50703124125117,4.17106955633941,-6.00426462447253));
#4896=CARTESIAN_POINT('',(5.70716190395438,4.6773675252391,-8.81280573999017));
#4897=CARTESIAN_POINT('',(6.6291394729264,-0.871592823974486,-3.97527073619938));
#4898=CARTESIAN_POINT('',(6.27603582393509,-0.457216511290303,-6.78381185161606));
#4899=CARTESIAN_POINT('',(6.47616648663119,0.0490814575912217,-9.59235296703279));
#4900=CARTESIAN_POINT('',(7.22184055188181,0.627844335661125,-12.2929634224321));
#4901=CARTESIAN_POINT('',(8.4844021835382,1.25683059008914,-14.7818602725326));
#4902=CARTESIAN_POINT('',(10.2153318461486,1.91186863185717,-16.9633966071746));
#4903=CARTESIAN_POINT('',(12.3481108834953,2.56778571636962,-18.7537372084374));
#4904=CARTESIAN_POINT('',(14.8007777932494,3.19937531791122,-20.084080291049));
#4905=CARTESIAN_POINT('',(17.4790779615406,3.78236580229426,-20.9033015164097));
#4906=CARTESIAN_POINT('',(20.2800858149093,4.29435317214873,-21.1799186722534));
#4907=CARTESIAN_POINT('',(23.096160192374,4.71566203997693,-20.9033015164097));
#4908=CARTESIAN_POINT('',(25.8190809348814,5.03010174226098,-20.084080291049));
#4909=CARTESIAN_POINT('',(28.3442077253284,5.22558853758192,-18.7537372084374));
#4910=CARTESIAN_POINT('',(30.5745013572657,5.29460997802579,-16.9633966071745));
#4911=CARTESIAN_POINT('',(32.4242528971809,5.23451360834406,-14.7818602725326));
#4912=CARTESIAN_POINT('',(33.8223774307478,5.04760889832112,-12.292963422432));
#4913=CARTESIAN_POINT('',(34.7151458162185,4.74107849114579,-9.59235296703267));
#4914=CARTESIAN_POINT('',(35.0682494652098,4.3267021784616,-6.78381185161597));
#4915=CARTESIAN_POINT('',(34.8681188025137,3.82040420958008,-3.97527073619924));
#4916=CARTESIAN_POINT('',(34.1224447372631,3.24164133151018,-1.27466028079999));
#4917=CARTESIAN_POINT('',(32.8598831056067,2.61265507708215,1.21423656930062));
#4918=CARTESIAN_POINT('',(31.1289534429964,1.95761703531414,3.39577290394256));
#4919=CARTESIAN_POINT('',(28.9961744056496,1.30169995080167,5.18611350520539));
#4920=CARTESIAN_POINT('',(26.5435074958955,0.670110349260079,6.51645658781698));
#4921=CARTESIAN_POINT('',(23.8652073276043,0.0871198648770309,7.33567781317765));
#4922=CARTESIAN_POINT('',(21.0641994742356,-0.424867504977427,7.61229496902134));
#4923=CARTESIAN_POINT('',(18.2481250967709,-0.846176372805637,7.33567781317763));
#4924=CARTESIAN_POINT('',(15.5252043542635,-1.16061607508968,6.51645658781694));
#4925=CARTESIAN_POINT('',(13.0000775638164,-1.35610287041062,5.18611350520533));
#4926=CARTESIAN_POINT('',(10.7697839318791,-1.42512431085451,3.39577290394249));
#4927=CARTESIAN_POINT('',(8.92003239196396,-1.36502794117276,1.21423656930052));
#4928=CARTESIAN_POINT('',(7.52190785839714,-1.17812323114981,-1.2746602808001));
#4929=CARTESIAN_POINT('',(6.6291394729264,-0.871592823974486,-3.97527073619938));
#4930=CARTESIAN_POINT('',(6.27603582393509,-0.457216511290303,-6.78381185161606));
#4931=CARTESIAN_POINT('',(6.47616648663119,0.0490814575912217,-9.59235296703279));
#4932=CARTESIAN_POINT('',(13.2963200793013,3.61906948300582,6.44528570622706));
#4933=CARTESIAN_POINT('',(12.9645932771954,5.61558104103639,6.6825398163798));
#4934=CARTESIAN_POINT('',(12.301011246511,9.60937709716594,7.03274690501051));
#4935=CARTESIAN_POINT('',(11.305268257414,15.6022976991191,7.19999785336034));
#4936=CARTESIAN_POINT('',(10.3092007744236,21.5971712810681,7.05317836657586));
#4937=CARTESIAN_POINT('',(9.64497202728468,25.5948596270824,6.7774429568923));
#4938=CARTESIAN_POINT('',(9.31281519887453,27.5939593163142,6.59848415432205));
#4939=CARTESIAN_POINT('',(13.2963200793013,3.61906948300582,6.44528570622706));
#4940=CARTESIAN_POINT('',(9.31281519887344,27.5939593163208,6.59848415428168));
#4941=CARTESIAN_POINT('',(16.776831025684,0.974627403449597,7.27600812648663));
#4942=CARTESIAN_POINT('',(16.5792287320694,0.951285432407776,7.21966291949858));
#4943=CARTESIAN_POINT('',(16.2847099747317,0.946843013112752,7.13460422796317));
#4944=CARTESIAN_POINT('',(15.8962739708077,0.997161834656851,7.02056385312436));
#4945=CARTESIAN_POINT('',(15.5083929024647,1.08632400366318,6.90580572630821));
#4946=CARTESIAN_POINT('',(15.0505713503041,1.26235682581024,6.76960538396079));
#4947=CARTESIAN_POINT('',(14.5357970109578,1.57896469521102,6.62014623592844));
#4948=CARTESIAN_POINT('',(14.0910835200305,1.979285257844,6.50139691488627));
#4949=CARTESIAN_POINT('',(13.7147908299573,2.46997488410333,6.42137620649482));
#4950=CARTESIAN_POINT('',(13.4413843297596,3.01415832987143,6.39593220789094));
#4951=CARTESIAN_POINT('',(13.3300491365903,3.4160697485897,6.42116236911928));
#4952=CARTESIAN_POINT('',(13.2963200793013,3.61906948300581,6.44528570622706));
#4953=CARTESIAN_POINT('',(16.776831025684,0.974627403449597,7.27600812648663));
#4954=CARTESIAN_POINT('',(24.6686385302901,2.28587654494092,7.2760081264797));
#4955=CARTESIAN_POINT('',(24.0285409630457,2.14829520134624,7.46140786681585));
#4956=CARTESIAN_POINT('',(22.7346962014306,1.88686598688516,7.73720467963686));
#4957=CARTESIAN_POINT('',(21.0881501845717,1.59348193381291,7.85479074808748));
#4958=CARTESIAN_POINT('',(19.746691401131,1.37827976930565,7.80916070761791));
#4959=CARTESIAN_POINT('',(18.4118526869691,1.18002244961019,7.66945718064374));
#4960=CARTESIAN_POINT('',(17.4270359005689,1.05143351279809,7.46141046970768));
#4961=CARTESIAN_POINT('',(16.7768310256757,0.974627403499512,7.27600812649415));
#4962=CARTESIAN_POINT('',(24.6686385302901,2.28587654494091,7.2760081264797));
#4963=CARTESIAN_POINT('',(27.1069832123385,5.91375548052243,6.44528570619908));
#4964=CARTESIAN_POINT('',(27.140662466332,5.71105548933407,6.4211979888784));
#4965=CARTESIAN_POINT('',(27.1658563962057,5.3053360206654,6.3959886146219));
#4966=CARTESIAN_POINT('',(27.0821708293194,4.68863693203619,6.42148885872531));
#4967=CARTESIAN_POINT('',(26.9205988013928,4.20829422169446,6.48704842946448));
#4968=CARTESIAN_POINT('',(26.7394575172719,3.84413190035536,6.56079262278409));
#4969=CARTESIAN_POINT('',(26.5820954329859,3.58954620276462,6.62399928457078));
#4970=CARTESIAN_POINT('',(26.4030865066051,3.35083433651656,6.69427840579598));
#4971=CARTESIAN_POINT('',(26.1340033768682,3.0537752649362,6.79677611411662));
#4972=CARTESIAN_POINT('',(25.7585266064442,2.73949652396157,6.93270830632705));
#4973=CARTESIAN_POINT('',(25.2371716892546,2.44867977920902,7.10617195582846));
#4974=CARTESIAN_POINT('',(24.8629321669318,2.3276376466057,7.21973234662098));
#4975=CARTESIAN_POINT('',(24.6686385302901,2.28587654494092,7.2760081264797));
#4976=CARTESIAN_POINT('',(27.106983212288,5.91375548051405,6.44528570619908));
#4977=CARTESIAN_POINT('',(23.1234783318621,29.8886453138178,6.59848415432218));
#4978=CARTESIAN_POINT('',(23.4556351602722,27.8895456245863,6.77744295689239));
#4979=CARTESIAN_POINT('',(24.119863907411,23.891857278573,7.05317836657594));
#4980=CARTESIAN_POINT('',(25.1159313904013,17.8969836966244,7.19999785336038));
#4981=CARTESIAN_POINT('',(26.1116743794977,11.9040630946749,7.03274690501099));
#4982=CARTESIAN_POINT('',(26.775256410183,7.91026703853965,6.68253981637985));
#4983=CARTESIAN_POINT('',(27.1069832122888,5.91375548050945,6.44528570622716));
#4984=CARTESIAN_POINT('',(23.1234783319125,29.8886453138262,6.59848415432218));
#4985=CARTESIAN_POINT('',(19.7071841528643,32.1465961078163,8.12576540127261));
#4986=CARTESIAN_POINT('',(19.8941973454936,32.1906734876274,8.04855555595746));
#4987=CARTESIAN_POINT('',(20.173739206971,32.2295247579577,7.9269064802869));
#4988=CARTESIAN_POINT('',(20.5439214819978,32.2298822349233,7.75469985078551));
#4989=CARTESIAN_POINT('',(20.9152546108869,32.1947201598891,7.5750660692084));
#4990=CARTESIAN_POINT('',(21.2724202418784,32.1068642329805,7.3933397311522));
#4991=CARTESIAN_POINT('',(21.6120494132721,31.9668299264987,7.21595716266712));
#4992=CARTESIAN_POINT('',(21.9435202749423,31.7873733098394,7.04160662802692));
#4993=CARTESIAN_POINT('',(22.2433048676484,31.5570346517641,6.88539157933037));
#4994=CARTESIAN_POINT('',(22.5121998003572,31.2678868415997,6.75517911638281));
#4995=CARTESIAN_POINT('',(22.6892534746121,31.0284627591664,6.67722135781796));
#4996=CARTESIAN_POINT('',(22.8406107430161,30.7694363284376,6.62075171681581));
#4997=CARTESIAN_POINT('',(23.0094280762764,30.3917801674861,6.5758984280723));
#4998=CARTESIAN_POINT('',(23.0895486746937,30.0928523672431,6.58020360031443));
#4999=CARTESIAN_POINT('',(23.1234783319114,29.8886453138328,6.59848415428181));
#5000=CARTESIAN_POINT('',(19.7071841528643,32.1465961078163,8.12576540127261));
#5001=CARTESIAN_POINT('',(11.8153766481991,30.8353469663689,8.12576540127255));
#5002=CARTESIAN_POINT('',(12.1337107669803,30.8665896950357,8.25430169350498));
#5003=CARTESIAN_POINT('',(12.7767653075573,30.935673530224,8.4784986764387));
#5004=CARTESIAN_POINT('',(13.7600831330262,31.0583968589383,8.71989167289611));
#5005=CARTESIAN_POINT('',(14.7611475673128,31.1999876761574,8.86677222916259));
#5006=CARTESIAN_POINT('',(15.7837625337293,31.3614707814062,8.91680843917475));
#5007=CARTESIAN_POINT('',(16.7888339149404,31.5367630913763,8.86755105345207));
#5008=CARTESIAN_POINT('',(18.1103599928089,31.7887807479955,8.67493899046642));
#5009=CARTESIAN_POINT('',(19.0845276733897,31.999841401628,8.38283395236684));
#5010=CARTESIAN_POINT('',(19.7071841528643,32.1465961078163,8.12576540127261));
#5011=CARTESIAN_POINT('',(11.8153766481991,30.8353469663689,8.12576540127255));
#5012=CARTESIAN_POINT('',(9.31281519882298,27.5939593163124,6.59848415428168));
#5013=CARTESIAN_POINT('',(9.27899617349786,27.7975005270748,6.58026320634776));
#5014=CARTESIAN_POINT('',(9.25817683989886,28.1027027545332,6.57584337025386));
#5015=CARTESIAN_POINT('',(9.29493768140694,28.5142905988075,6.62002509197109));
#5016=CARTESIAN_POINT('',(9.35433471540222,28.8100558465735,6.67652283128882));
#5017=CARTESIAN_POINT('',(9.44410190610915,29.0936935096881,6.75422847299452));
#5018=CARTESIAN_POINT('',(9.56422224755412,29.363891772341,6.85149034643333));
#5019=CARTESIAN_POINT('',(9.70837345269629,29.6107920537263,6.96168862630135));
#5020=CARTESIAN_POINT('',(9.93456755750634,29.9163894939702,7.12518299156847));
#5021=CARTESIAN_POINT('',(10.2661431927014,30.2396775588727,7.34585108542953));
#5022=CARTESIAN_POINT('',(10.7355171398652,30.5403786373412,7.62122726709783));
#5023=CARTESIAN_POINT('',(11.249956869869,30.7439469560712,7.88421572854379));
#5024=CARTESIAN_POINT('',(11.6245329763127,30.8166167181588,8.04870693806351));
#5025=CARTESIAN_POINT('',(11.8153766481991,30.8353469663689,8.12576540127255));
#5026=CARTESIAN_POINT('',(16.5356917060059,2.42593443012495,16.7246654373921));
#5027=CARTESIAN_POINT('',(17.0207601035615,-0.493469899001721,16.232947009364));
#5028=CARTESIAN_POINT('',(16.7663358784117,1.0377928838967,6.89063220729532));
#5029=CARTESIAN_POINT('',(13.576263891786,1.93421600213823,16.7246654374005));
#5030=CARTESIAN_POINT('',(13.2847327753606,3.6888081537945,6.01980640661757));
#5031=CARTESIAN_POINT('',(16.76633587842,1.03779288384693,6.89063220728694));
#5032=CARTESIAN_POINT('',(16.5686245884094,1.01470958971144,6.83264367529556));
#5033=CARTESIAN_POINT('',(16.2740481785726,1.01071589406507,6.74497823956896));
#5034=CARTESIAN_POINT('',(15.8857485866435,1.06162120687891,6.62718925505232));
#5035=CARTESIAN_POINT('',(15.4980907012069,1.15133334572055,6.50845831263779));
#5036=CARTESIAN_POINT('',(15.0405605477807,1.32794770055388,6.36711106617253));
#5037=CARTESIAN_POINT('',(14.5261046698487,1.64501843104377,6.21125294950789));
#5038=CARTESIAN_POINT('',(14.0813526976015,2.04567258134187,6.08642794057792));
#5039=CARTESIAN_POINT('',(13.7044463210636,2.53710991927364,6.00092049036518));
#5040=CARTESIAN_POINT('',(13.4303433612438,3.08219471996493,5.97160288036861));
#5041=CARTESIAN_POINT('',(13.3185557598173,3.48524311481258,5.99573355430133));
#5042=CARTESIAN_POINT('',(13.2847327753606,3.6888081537945,6.01980640661757));
#5043=CARTESIAN_POINT('',(24.9125676081763,0.817779242437314,16.232947009364));
#5044=CARTESIAN_POINT('',(24.9125676081763,0.817779242437308,16.232947009364));
#5045=CARTESIAN_POINT('',(24.6581433830261,2.34904202533831,6.89063220727958));
#5046=CARTESIAN_POINT('',(24.6581433830261,2.34904202533832,6.89063220727959));
#5047=CARTESIAN_POINT('',(24.01905193971,2.21077083477712,7.08112018714374));
#5048=CARTESIAN_POINT('',(22.726101359063,1.94820732473581,7.36453356697391));
#5049=CARTESIAN_POINT('',(21.0780575407254,1.65399572096227,7.48555538003065));
#5050=CARTESIAN_POINT('',(19.7336151643731,1.43855738966875,7.43838425374613));
#5051=CARTESIAN_POINT('',(18.4001254311966,1.24117580282291,7.2948121098583));
#5052=CARTESIAN_POINT('',(17.4158137246797,1.11362106831202,7.08112343753209));
#5053=CARTESIAN_POINT('',(16.7663358784117,1.03779288389685,6.89063220729445));
#5054=CARTESIAN_POINT('',(24.4274992106124,3.73718357161375,16.7246654374005));
#5055=CARTESIAN_POINT('',(27.3869270247736,4.22890199964186,16.7246654374005));
#5056=CARTESIAN_POINT('',(27.0953959083474,5.98349415130289,6.0198064065886));
#5057=CARTESIAN_POINT('',(27.0953959083979,5.98349415131128,6.0198064065886));
#5058=CARTESIAN_POINT('',(27.1291643908594,5.78025713487621,5.9957723450135));
#5059=CARTESIAN_POINT('',(27.1543144103817,5.37341727502564,5.97160685639187));
#5060=CARTESIAN_POINT('',(27.0702398805627,4.75537998819669,6.00105039526351));
#5061=CARTESIAN_POINT('',(26.9082836008229,4.27414622941622,6.07115537105828));
#5062=CARTESIAN_POINT('',(26.7271624321025,3.90982580618294,6.14889053046892));
#5063=CARTESIAN_POINT('',(26.5698906310131,3.65508065921974,6.21517311600765));
#5064=CARTESIAN_POINT('',(26.3909303358515,3.41607265395627,6.28863906989159));
#5065=CARTESIAN_POINT('',(26.1221999820985,3.11885132800027,6.39536765178077));
#5066=CARTESIAN_POINT('',(25.7473223849308,2.80423768860357,6.53638600533809));
#5067=CARTESIAN_POINT('',(25.2263912626935,2.512641026942,6.71573699399398));
#5068=CARTESIAN_POINT('',(24.8524447833233,2.39108027546321,6.83271861507853));
#5069=CARTESIAN_POINT('',(24.6581433830261,2.34904202533831,6.89063220727958));
#5070=CARTESIAN_POINT('',(23.5063798442626,27.5841366330534,20.6584128616925));
#5071=CARTESIAN_POINT('',(23.5063798443131,27.5841366330617,20.6584128616924));
#5072=CARTESIAN_POINT('',(23.110162692728,29.968786042178,6.10954135424114));
#5073=CARTESIAN_POINT('',(23.1101626926775,29.9687860421697,6.10954135424114));
#5074=CARTESIAN_POINT('',(23.4423857793662,27.9692875747324,6.30096347587719));
#5075=CARTESIAN_POINT('',(24.1067781000844,23.9706147543268,6.59478336735999));
#5076=CARTESIAN_POINT('',(25.1031993032225,17.9736122929538,6.75898442442945));
#5077=CARTESIAN_POINT('',(26.0994265851591,11.9777769544002,6.60261246748125));
#5078=CARTESIAN_POINT('',(26.7634315409201,7.9814355061033,6.25607559806293));
#5079=CARTESIAN_POINT('',(27.0953959083482,5.98349415129812,6.01980640661767));
#5080=CARTESIAN_POINT('',(20.5469520301014,27.0924182050253,20.6584128616924));
#5081=CARTESIAN_POINT('',(20.0618836325376,30.0118225342017,21.1501312897289));
#5082=CARTESIAN_POINT('',(19.6960218139124,32.2137771091425,7.71589057761952));
#5083=CARTESIAN_POINT('',(19.6960218139124,32.2137771091425,7.71589057761952));
#5084=CARTESIAN_POINT('',(19.8827018501263,32.2583593542003,7.63535462259943));
#5085=CARTESIAN_POINT('',(20.1615067295485,32.2980624537043,7.50843117484438));
#5086=CARTESIAN_POINT('',(20.5303859151213,32.2999179458931,7.32858784049437));
#5087=CARTESIAN_POINT('',(20.8074725755911,32.2750170714512,7.18792497454381));
#5088=CARTESIAN_POINT('',(21.0784288114123,32.2237487344538,7.04550766007894));
#5089=CARTESIAN_POINT('',(21.3404690809958,32.1468117465242,6.9039655033583));
#5090=CARTESIAN_POINT('',(21.594319443014,32.0438220380181,6.76421546148657));
#5091=CARTESIAN_POINT('',(21.9246888550081,31.8674554708198,6.58075225200833));
#5092=CARTESIAN_POINT('',(22.2249661205685,31.6394438705995,6.41516714840699));
#5093=CARTESIAN_POINT('',(22.4946086890802,31.3521096650895,6.27671167860085));
#5094=CARTESIAN_POINT('',(22.6728580191911,31.1128869223488,6.19340085237486));
#5095=CARTESIAN_POINT('',(22.8252023679345,30.8536907229313,6.13305407135421));
#5096=CARTESIAN_POINT('',(22.9954052310389,30.4745977958149,6.08508437074194));
#5097=CARTESIAN_POINT('',(23.0760649905109,30.174004481407,6.08989475297559));
#5098=CARTESIAN_POINT('',(23.1101626927268,29.9687860421851,6.10954135419835));
#5099=CARTESIAN_POINT('',(12.1700761278723,28.7005733927543,21.1501312897289));
#5100=CARTESIAN_POINT('',(12.1700761278723,28.7005733927543,21.1501312897289));
#5101=CARTESIAN_POINT('',(11.8042143092471,30.9025279676951,7.71589057761946));
#5102=CARTESIAN_POINT('',(11.8042143092471,30.9025279676951,7.71589057761946));
#5103=CARTESIAN_POINT('',(12.1212472422495,30.9326962783248,7.84952225864562));
#5104=CARTESIAN_POINT('',(12.7625537839832,30.9999874553843,8.0826381566624));
#5105=CARTESIAN_POINT('',(13.7452248138059,31.1209418813757,8.33389533933369));
#5106=CARTESIAN_POINT('',(14.7489830959309,31.2618953931647,8.48721708735852));
#5107=CARTESIAN_POINT('',(16.1141498615622,31.4771136580278,8.55613889162822));
#5108=CARTESIAN_POINT('',(17.4431962152404,31.7205293548605,8.42201649495638));
#5109=CARTESIAN_POINT('',(18.7540781884655,31.9952184397224,8.0843006886995));
#5110=CARTESIAN_POINT('',(19.3862708145679,32.1398035057526,7.84952078820106));
#5111=CARTESIAN_POINT('',(19.6960218139124,32.2137771091425,7.71589057761952));
#5112=CARTESIAN_POINT('',(12.6551445254362,25.7811690635778,20.6584128616924));
#5113=CARTESIAN_POINT('',(9.69571671127505,25.2894506355497,20.6584128616924));
#5114=CARTESIAN_POINT('',(9.29949955968878,27.6741000446731,6.10954135419821));
#5115=CARTESIAN_POINT('',(9.29949955963833,27.6741000446647,6.10954135419821));
#5116=CARTESIAN_POINT('',(9.26552563387065,27.8785735301842,6.08996607116877));
#5117=CARTESIAN_POINT('',(9.24462277407874,28.1853931895412,6.08498841637592));
#5118=CARTESIAN_POINT('',(9.28231218627726,28.5990634295461,6.13232056160097));
#5119=CARTESIAN_POINT('',(9.36232422969781,28.9935177961612,6.21252377733048));
#5120=CARTESIAN_POINT('',(9.50599628822384,29.3660393779709,6.33994672655691));
#5121=CARTESIAN_POINT('',(9.69957288078829,29.6935913965669,6.49597496714681));
#5122=CARTESIAN_POINT('',(9.92669811849052,29.9968574562858,6.66890911908361));
#5123=CARTESIAN_POINT('',(10.2579943346804,30.3159550604232,6.90082131382719));
#5124=CARTESIAN_POINT('',(10.7258231007559,30.6123811306488,7.1889021801607));
#5125=CARTESIAN_POINT('',(11.2399082045066,30.8132486349544,7.46408908297247));
#5126=CARTESIAN_POINT('',(11.6135592740909,30.8843855612604,7.63552809728421));
#5127=CARTESIAN_POINT('',(11.8042143092471,30.9025279676951,7.71589057761946));
#5128=CARTESIAN_POINT('',(13.576263891786,1.93421600213823,16.7246654374005));
#5129=CARTESIAN_POINT('',(13.2847327753606,3.6888081537945,6.01980640661758));
#5130=CARTESIAN_POINT('',(12.9527684079325,5.68674950860007,6.25607559806288));
#5131=CARTESIAN_POINT('',(12.2887634521724,9.68309095689094,6.60261246748077));
#5132=CARTESIAN_POINT('',(11.2925361702353,15.6789262954485,6.75898442442943));
#5133=CARTESIAN_POINT('',(10.296114967097,21.6759287568218,6.59478336735992));
#5134=CARTESIAN_POINT('',(9.63172264637867,25.6746015772284,6.30096347587708));
#5135=CARTESIAN_POINT('',(9.29949955968995,27.6741000446661,6.109541354241));
#5136=CARTESIAN_POINT('',(22.3096058841086,32.9285653925345,6.05032706092816));
#5137=CARTESIAN_POINT('',(21.4243067767853,32.6483625472647,6.84060351610559));
#5138=CARTESIAN_POINT('',(19.8740419209068,32.2330565608992,7.77703920922538));
#5139=CARTESIAN_POINT('',(17.5622709441212,31.7413699442287,8.41574724724954));
#5140=CARTESIAN_POINT('',(15.762431114311,31.4153139921103,8.57609037858357));
#5141=CARTESIAN_POINT('',(13.9541041486387,31.1425288547974,8.41178470503793));
#5142=CARTESIAN_POINT('',(11.6088133555452,30.8612925823881,7.76795387627766));
#5143=CARTESIAN_POINT('',(10.0095162146605,30.7538707250838,6.82806276224681));
#5144=CARTESIAN_POINT('',(9.08285150347056,30.7333456804043,6.03579304569432));
#5145=CARTESIAN_POINT('',(22.5599522386508,32.1256136188093,6.04626038623052));
#5146=CARTESIAN_POINT('',(21.6594009695288,31.8405834024582,6.85015180789747));
#5147=CARTESIAN_POINT('',(20.0824277791923,31.4181223576213,7.8027209614824));
#5148=CARTESIAN_POINT('',(17.7308272146876,30.9179644618388,8.45243331245418));
#5149=CARTESIAN_POINT('',(15.8999791456179,30.5862911315038,8.61553876149852));
#5150=CARTESIAN_POINT('',(14.0604977594013,30.3088063471687,8.44840249350839));
#5151=CARTESIAN_POINT('',(11.67479989935,30.022724637709,7.79347911356792));
#5152=CARTESIAN_POINT('',(10.0479495902321,29.9134521526682,6.83739495161811));
#5153=CARTESIAN_POINT('',(9.10532014428427,29.8925734669591,6.03147598056732));
#5154=CARTESIAN_POINT('',(22.980089917616,30.7603369982106,6.03314024639126));
#5155=CARTESIAN_POINT('',(22.0543266054704,30.4673270630794,6.85953740247916));
#5156=CARTESIAN_POINT('',(20.4332041483159,30.0330386047403,7.83877541167435));
#5157=CARTESIAN_POINT('',(18.0157646284682,29.5188775450586,8.50667807091459));
#5158=CARTESIAN_POINT('',(16.1336594832433,29.1779186063361,8.6743496671612));
#5159=CARTESIAN_POINT('',(14.2426793823857,28.8926652358459,8.50253438924061));
#5160=CARTESIAN_POINT('',(11.7901879850004,28.5985739425333,7.82927484253413));
#5161=CARTESIAN_POINT('',(10.1177918846589,28.4862423401168,6.84642332396764));
#5162=CARTESIAN_POINT('',(9.14877250346033,28.4647790852707,6.01794194192148));
#5163=CARTESIAN_POINT('',(23.5851213156377,28.7646040704789,6.0037339571615));
#5164=CARTESIAN_POINT('',(22.6236927484311,28.4603059320207,6.86196799227611));
#5165=CARTESIAN_POINT('',(20.9401162161689,28.0092862736633,7.87893207817442));
#5166=CARTESIAN_POINT('',(18.4295401437247,27.4753161759118,8.57256695919371));
#5167=CARTESIAN_POINT('',(16.4749261328792,27.1212217057624,8.74669788213294));
#5168=CARTESIAN_POINT('',(14.5110953414922,26.8249788015687,8.5682636206271));
#5169=CARTESIAN_POINT('',(11.9641170286751,26.5195570570362,7.86906551886634));
#5170=CARTESIAN_POINT('',(10.2272913134874,26.4028979919625,6.84834858331118));
#5171=CARTESIAN_POINT('',(9.22094041686982,26.3806077972952,5.98795014649974));
#5172=CARTESIAN_POINT('',(24.1999255508215,26.7042821115799,5.96237324209366));
#5173=CARTESIAN_POINT('',(23.2029567898751,26.3887353548652,6.85233251960994));
#5174=CARTESIAN_POINT('',(21.4571451819852,25.9210431638878,7.90689038971834));
#5175=CARTESIAN_POINT('',(18.8537591688593,25.3673334955626,8.62616725452166));
#5176=CARTESIAN_POINT('',(16.8268905508595,25.0001495547003,8.80673485558687));
#5177=CARTESIAN_POINT('',(14.7904645255994,24.6929556526587,8.62170481901316));
#5178=CARTESIAN_POINT('',(12.1493306446543,24.3762431894298,7.89665912350332));
#5179=CARTESIAN_POINT('',(10.3483012418392,24.2552718379505,6.83820955277634));
#5180=CARTESIAN_POINT('',(9.30474973383012,24.2321576007034,5.94600597827913));
#5181=CARTESIAN_POINT('',(24.9392649840513,24.1682755495977,5.89193268304763));
#5182=CARTESIAN_POINT('',(23.9008214194863,23.839601850703,6.8189147812347));
#5183=CARTESIAN_POINT('',(22.0823825372526,23.3524530947635,7.91734395240539));
#5184=CARTESIAN_POINT('',(19.3706889376966,22.775707692722,8.66654456618624));
#5185=CARTESIAN_POINT('',(17.2595004243324,22.3932485623797,8.85462366350565));
#5186=CARTESIAN_POINT('',(15.1383569974246,22.0732750326429,8.6618964674188));
#5187=CARTESIAN_POINT('',(12.3873452061673,21.7433864950214,7.90668707925946));
#5188=CARTESIAN_POINT('',(10.5113911927711,21.6173827817605,6.80420417190275));
#5189=CARTESIAN_POINT('',(9.42442720189575,21.5933068964888,5.87488453920723));
#5190=CARTESIAN_POINT('',(25.9213264152585,20.6789507425675,5.75551926850363));
#5191=CARTESIAN_POINT('',(24.830409118583,20.333668905627,6.72934247125626));
#5192=CARTESIAN_POINT('',(22.9200825476706,19.8219037880475,7.88327739891898));
#5193=CARTESIAN_POINT('',(20.0713587518574,19.2160136987986,8.67033738453905));
#5194=CARTESIAN_POINT('',(17.8534891028675,18.8142284702255,8.86791999581705));
#5195=CARTESIAN_POINT('',(15.6251616161201,18.4780862158304,8.66545438575782));
#5196=CARTESIAN_POINT('',(12.7351328631057,18.1315273732008,7.87208204957224));
#5197=CARTESIAN_POINT('',(10.764384582242,17.9991567456888,6.71388838094398));
#5198=CARTESIAN_POINT('',(9.62249531687002,17.973864179172,5.73760967823122));
#5199=CARTESIAN_POINT('',(27.7584596241398,13.7338411323754,5.35213661484784));
#5200=CARTESIAN_POINT('',(26.5784318041205,13.3603555033963,6.40550505481158));
#5201=CARTESIAN_POINT('',(24.5120622271387,12.8067870362632,7.65369943219425));
#5202=CARTESIAN_POINT('',(21.4306348894574,12.151403693006,8.5050518889396));
#5203=CARTESIAN_POINT('',(19.0316001155205,11.7167990254117,8.71877330888025));
#5204=CARTESIAN_POINT('',(16.6212534387994,11.3531991615479,8.49976998539318));
#5205=CARTESIAN_POINT('',(13.4951472365652,10.9783309317172,7.64158964566038));
#5206=CARTESIAN_POINT('',(11.3634200172714,10.8351480792794,6.38878839446834));
#5207=CARTESIAN_POINT('',(10.1282570403573,10.807789324279,5.33276412199522));
#5208=CARTESIAN_POINT('',(28.9979739746759,8.03786350811975,4.72156584894271));
#5209=CARTESIAN_POINT('',(27.7797144715524,7.65227749054726,5.80906211633871));
#5210=CARTESIAN_POINT('',(25.6463967608059,7.0807738064923,7.09769720457819));
#5211=CARTESIAN_POINT('',(22.4651312699248,6.40415611194982,7.97663343564832));
#5212=CARTESIAN_POINT('',(19.9883700573629,5.95547071101812,8.19727900419779));
#5213=CARTESIAN_POINT('',(17.4999305144334,5.58009053233785,7.97118038837776));
#5214=CARTESIAN_POINT('',(14.2725386384349,5.19307653069502,7.08519509003551));
#5215=CARTESIAN_POINT('',(12.0717455784182,5.04525489608411,5.79180377158703));
#5216=CARTESIAN_POINT('',(10.7965647745393,5.01700960360191,4.70156571710948));
#5217=CARTESIAN_POINT('',(29.7715900184419,3.67836115335323,4.04256187120437));
#5218=CARTESIAN_POINT('',(28.5469038888596,3.29074116196775,5.1357949205442));
#5219=CARTESIAN_POINT('',(26.4023324302736,2.71622257650234,6.43122795243925));
#5220=CARTESIAN_POINT('',(23.2042844449416,2.03603547455627,7.31480093637968));
#5221=CARTESIAN_POINT('',(20.7144576764744,1.58498315263053,7.53661042948558));
#5222=CARTESIAN_POINT('',(18.2128909837577,1.20762274083926,7.30931912059992));
#5223=CARTESIAN_POINT('',(14.9684732983443,0.818567044932307,6.41865988858544));
#5224=CARTESIAN_POINT('',(12.7560704922962,0.669965699811715,5.11844551942769));
#5225=CARTESIAN_POINT('',(11.4741628383314,0.641571324862508,4.02245623565855));
#5226=CARTESIAN_POINT('',(2.7734142575727,-1.50000000302691,13.9896299301798));
#5227=CARTESIAN_POINT('',(2.6908702737593E-14,-1.50000000302691,14.2627873924989));
#5228=CARTESIAN_POINT('',(-2.7734142575728,-1.50000000302691,13.9896299301798));
#5229=CARTESIAN_POINT('',(-5.4402477605757,-1.50000000302691,13.1806548313109));
#5230=CARTESIAN_POINT('',(-7.89801559306577,-1.50000000302691,11.8669505552633));
#5231=CARTESIAN_POINT('',(-10.0522671155725,-1.50000000302691,10.0990020206317));
#5232=CARTESIAN_POINT('',(-11.8202156502041,-1.50000000302691,7.94475049812497));
#5233=CARTESIAN_POINT('',(-13.1339199262517,-1.50000000302691,5.48698266563487));
#5234=CARTESIAN_POINT('',(-13.9428950251206,-1.50000000302691,2.820149162632));
#5235=CARTESIAN_POINT('',(-14.2160524874397,-1.50000000302691,0.0467349050591969));
#5236=CARTESIAN_POINT('',(-13.9428950251206,-1.50000000302691,-2.72667935251355));
#5237=CARTESIAN_POINT('',(-13.1339199262517,-1.50000000302691,-5.39351285551652));
#5238=CARTESIAN_POINT('',(-11.8202156502041,-1.50000000302691,-7.85128068800659));
#5239=CARTESIAN_POINT('',(-10.0522671155724,-1.50000000302691,-10.0055322105133));
#5240=CARTESIAN_POINT('',(-7.89801559306576,-1.50000000302691,-11.7734807451449));
#5241=CARTESIAN_POINT('',(-5.44024776057573,-1.50000000302691,-13.0871850211925));
#5242=CARTESIAN_POINT('',(-2.77341425757275,-1.50000000302691,-13.8961601200614));
#5243=CARTESIAN_POINT('',(2.09434202981113E-14,-1.50000000302691,-14.1693175823805));
#5244=CARTESIAN_POINT('',(2.77341425757279,-1.50000000302691,-13.8961601200614));
#5245=CARTESIAN_POINT('',(5.44024776057566,-1.50000000302691,-13.0871850211925));
#5246=CARTESIAN_POINT('',(7.8980155930658,-1.50000000302691,-11.7734807451449));
#5247=CARTESIAN_POINT('',(10.0522671155725,-1.50000000302691,-10.0055322105133));
#5248=CARTESIAN_POINT('',(11.8202156502041,-1.50000000302691,-7.85128068800651));
#5249=CARTESIAN_POINT('',(13.1339199262517,-1.50000000302691,-5.3935128555165));
#5250=CARTESIAN_POINT('',(13.9428950251206,-1.50000000302691,-2.72667935251356));
#5251=CARTESIAN_POINT('',(14.2160524874397,-1.50000000302691,0.046734905059266));
#5252=CARTESIAN_POINT('',(13.9428950251206,-1.50000000302691,2.82014916263206));
#5253=CARTESIAN_POINT('',(13.1339199262517,-1.50000000302691,5.48698266563494));
#5254=CARTESIAN_POINT('',(11.8202156502041,-1.50000000302691,7.94475049812502));
#5255=CARTESIAN_POINT('',(10.0522671155725,-1.5000000030269,10.0990020206317));
#5256=CARTESIAN_POINT('',(7.89801559306574,-1.50000000302691,11.8669505552634));
#5257=CARTESIAN_POINT('',(5.44024776057565,-1.50000000302691,13.1806548313109));
#5258=CARTESIAN_POINT('',(2.7734142575727,-1.50000000302691,13.9896299301798));
#5259=CARTESIAN_POINT('',(2.6908702737593E-14,-1.50000000302691,14.2627873924989));
#5260=CARTESIAN_POINT('',(-2.7734142575728,-1.50000000302691,13.9896299301798));
#5261=CARTESIAN_POINT('',(2.77346922278171,-5.80892398702366,13.9899062589458));
#5262=CARTESIAN_POINT('',(2.67038141380682E-14,-5.80892398702367,14.2630691348655));
#5263=CARTESIAN_POINT('',(-2.77346922278181,-5.80892398702366,13.9899062589458));
#5264=CARTESIAN_POINT('',(-5.44035557871158,-5.80892398702367,13.1809151273168));
#5265=CARTESIAN_POINT('',(-7.89817212073801,-5.80892398702366,11.8671848154796));
#5266=CARTESIAN_POINT('',(-10.0524663375104,-5.80892398702366,10.0992012425696));
#5267=CARTESIAN_POINT('',(-11.8204499104204,-5.80892398702366,7.94490702579723));
#5268=CARTESIAN_POINT('',(-13.1341802222576,-5.80892398702367,5.48709048377074));
#5269=CARTESIAN_POINT('',(-13.9431713538866,-5.80892398702367,2.82020412784102));
#5270=CARTESIAN_POINT('',(-14.2163342298063,-5.80892398702367,0.0467349050591943));
#5271=CARTESIAN_POINT('',(-13.9431713538866,-5.80892398702366,-2.72673431772256));
#5272=CARTESIAN_POINT('',(-13.1341802222576,-5.80892398702367,-5.39362067365241));
#5273=CARTESIAN_POINT('',(-11.8204499104204,-5.80892398702367,-7.85143721567882));
#5274=CARTESIAN_POINT('',(-10.0524663375104,-5.80892398702366,-10.0057314324513));
#5275=CARTESIAN_POINT('',(-7.89817212073799,-5.80892398702367,-11.7737150053612));
#5276=CARTESIAN_POINT('',(-5.44035557871161,-5.80892398702367,-13.0874453171984));
#5277=CARTESIAN_POINT('',(-2.77346922278177,-5.80892398702366,-13.8964364488274));
#5278=CARTESIAN_POINT('',(2.16541582185374E-14,-5.80892398702367,-14.169599324747));
#5279=CARTESIAN_POINT('',(2.77346922278181,-5.80892398702366,-13.8964364488273));
#5280=CARTESIAN_POINT('',(5.44035557871153,-5.80892398702367,-13.0874453171984));
#5281=CARTESIAN_POINT('',(7.89817212073805,-5.80892398702366,-11.7737150053612));
#5282=CARTESIAN_POINT('',(10.0524663375104,-5.80892398702367,-10.0057314324513));
#5283=CARTESIAN_POINT('',(11.8204499104204,-5.80892398702367,-7.85143721567874));
#5284=CARTESIAN_POINT('',(13.1341802222576,-5.80892398702366,-5.39362067365238));
#5285=CARTESIAN_POINT('',(13.9431713538866,-5.80892398702367,-2.72673431772258));
#5286=CARTESIAN_POINT('',(14.2163342298063,-5.80892398702367,0.0467349050592676));
#5287=CARTESIAN_POINT('',(13.9431713538866,-5.80892398702367,2.82020412784107));
#5288=CARTESIAN_POINT('',(13.1341802222576,-5.80892398702367,5.48709048377083));
#5289=CARTESIAN_POINT('',(11.8204499104204,-5.80892398702367,7.94490702579727));
#5290=CARTESIAN_POINT('',(10.0524663375104,-5.80892398702367,10.0992012425697));
#5291=CARTESIAN_POINT('',(7.89817212073798,-5.80892398702367,11.8671848154797));
#5292=CARTESIAN_POINT('',(5.44035557871153,-5.80892398702367,13.1809151273168));
#5293=CARTESIAN_POINT('',(2.77346922278171,-5.80892398702366,13.9899062589458));
#5294=CARTESIAN_POINT('',(2.67038141380682E-14,-5.80892398702367,14.2630691348655));
#5295=CARTESIAN_POINT('',(-2.77346922278181,-5.80892398702366,13.9899062589458));
#5296=CARTESIAN_POINT('',(2.57728715104731,-12.5974752480923,13.0036323820683));
#5297=CARTESIAN_POINT('',(2.2401153548047E-14,-12.5974752480923,13.2574730104294));
#5298=CARTESIAN_POINT('',(-2.5772871510474,-12.5974752480923,13.0036323820683));
#5299=CARTESIAN_POINT('',(-5.05553060223934,-12.5974752480923,12.2518654499776));
#5300=CARTESIAN_POINT('',(-7.33949284756142,-12.5974752480923,11.0310621957618));
#5301=CARTESIAN_POINT('',(-9.34140249878672,-12.5974752480923,9.38813740384592));
#5302=CARTESIAN_POINT('',(-10.9843272907026,-12.5974752480923,7.38622775262062));
#5303=CARTESIAN_POINT('',(-12.2051305449184,-12.5974752480923,5.1022655072985));
#5304=CARTESIAN_POINT('',(-12.9568974770091,-12.5974752480923,2.6240220561066));
#5305=CARTESIAN_POINT('',(-13.2107381053701,-12.5974752480923,0.0467349050591995));
#5306=CARTESIAN_POINT('',(-12.9568974770091,-12.5974752480923,-2.53055224598816));
#5307=CARTESIAN_POINT('',(-12.2051305449184,-12.5974752480923,-5.00879569718014));
#5308=CARTESIAN_POINT('',(-10.9843272907025,-12.5974752480923,-7.29275794250224));
#5309=CARTESIAN_POINT('',(-9.34140249878668,-12.5974752480923,-9.29466759372757));
#5310=CARTESIAN_POINT('',(-7.33949284756141,-12.5974752480923,-10.9375923856434));
#5311=CARTESIAN_POINT('',(-5.05553060223936,-12.5974752480923,-12.1583956398592));
#5312=CARTESIAN_POINT('',(-2.57728715104735,-12.5974752480923,-12.9101625719499));
#5313=CARTESIAN_POINT('',(1.80257343557746E-14,-12.5974752480923,-13.1640032003109));
#5314=CARTESIAN_POINT('',(2.57728715104739,-12.5974752480923,-12.9101625719499));
#5315=CARTESIAN_POINT('',(5.05553060223929,-12.5974752480923,-12.1583956398592));
#5316=CARTESIAN_POINT('',(7.33949284756145,-12.5974752480923,-10.9375923856434));
#5317=CARTESIAN_POINT('',(9.34140249878676,-12.5974752480923,-9.29466759372753));
#5318=CARTESIAN_POINT('',(10.9843272907026,-12.5974752480923,-7.29275794250216));
#5319=CARTESIAN_POINT('',(12.2051305449184,-12.5974752480923,-5.00879569718014));
#5320=CARTESIAN_POINT('',(12.9568974770091,-12.5974752480923,-2.53055224598816));
#5321=CARTESIAN_POINT('',(13.2107381053701,-12.5974752480923,0.0467349050592633));
#5322=CARTESIAN_POINT('',(12.9568974770091,-12.5974752480923,2.62402205610666));
#5323=CARTESIAN_POINT('',(12.2051305449184,-12.5974752480923,5.10226550729857));
#5324=CARTESIAN_POINT('',(10.9843272907026,-12.5974752480923,7.38622775262067));
#5325=CARTESIAN_POINT('',(9.34140249878675,-12.5974752480923,9.38813740384595));
#5326=CARTESIAN_POINT('',(7.33949284756138,-12.5974752480923,11.0310621957618));
#5327=CARTESIAN_POINT('',(5.05553060223928,-12.5974752480923,12.2518654499776));
#5328=CARTESIAN_POINT('',(2.57728715104731,-12.5974752480923,13.0036323820683));
#5329=CARTESIAN_POINT('',(2.2401153548047E-14,-12.5974752480923,13.2574730104294));
#5330=CARTESIAN_POINT('',(-2.5772871510474,-12.5974752480923,13.0036323820683));
#5331=CARTESIAN_POINT('',(2.11134037382978,-21.2868451306141,10.6611597477338));
#5332=CARTESIAN_POINT('',(1.88156030563626E-14,-21.2868451306141,10.8691086241169));
#5333=CARTESIAN_POINT('',(-2.11134037382985,-21.286845130614,10.6611597477338));
#5334=CARTESIAN_POINT('',(-4.14154312114676,-21.286845130614,10.0453044772847));
#5335=CARTESIAN_POINT('',(-6.01258868892212,-21.2868451306141,9.04520978543739));
#5336=CARTESIAN_POINT('',(-7.65257384528076,-21.2868451306141,7.69930875033998));
#5337=CARTESIAN_POINT('',(-8.9984748803782,-21.2868451306141,6.05932359398132));
#5338=CARTESIAN_POINT('',(-9.9985695722255,-21.2868451306141,4.18827802620594));
#5339=CARTESIAN_POINT('',(-10.6144248426746,-21.2868451306141,2.15807527888906));
#5340=CARTESIAN_POINT('',(-10.8223737190577,-21.2868451306141,0.0467349050591992));
#5341=CARTESIAN_POINT('',(-10.6144248426746,-21.2868451306141,-2.06460546877062));
#5342=CARTESIAN_POINT('',(-9.99856957222547,-21.286845130614,-4.09480821608757));
#5343=CARTESIAN_POINT('',(-8.99847488037818,-21.2868451306141,-5.96585378386291));
#5344=CARTESIAN_POINT('',(-7.65257384528073,-21.286845130614,-7.60583894022162));
#5345=CARTESIAN_POINT('',(-6.01258868892211,-21.2868451306141,-8.95173997531898));
#5346=CARTESIAN_POINT('',(-4.14154312114677,-21.2868451306141,-9.95183466716626));
#5347=CARTESIAN_POINT('',(-2.11134037382982,-21.2868451306141,-10.5676899376154));
#5348=CARTESIAN_POINT('',(1.71019959777221E-14,-21.2868451306141,-10.7756388139985));
#5349=CARTESIAN_POINT('',(2.11134037382985,-21.2868451306141,-10.5676899376154));
#5350=CARTESIAN_POINT('',(4.14154312114672,-21.286845130614,-9.95183466716628));
#5351=CARTESIAN_POINT('',(6.01258868892214,-21.2868451306141,-8.95173997531896));
#5352=CARTESIAN_POINT('',(7.65257384528079,-21.2868451306141,-7.60583894022159));
#5353=CARTESIAN_POINT('',(8.9984748803782,-21.2868451306141,-5.96585378386285));
#5354=CARTESIAN_POINT('',(9.99856957222548,-21.2868451306141,-4.09480821608755));
#5355=CARTESIAN_POINT('',(10.6144248426746,-21.2868451306141,-2.06460546877063));
#5356=CARTESIAN_POINT('',(10.8223737190577,-21.2868451306141,0.0467349050592507));
#5357=CARTESIAN_POINT('',(10.6144248426746,-21.2868451306141,2.1580752788891));
#5358=CARTESIAN_POINT('',(9.99856957222548,-21.2868451306141,4.18827802620599));
#5359=CARTESIAN_POINT('',(8.99847488037817,-21.2868451306141,6.05932359398136));
#5360=CARTESIAN_POINT('',(7.65257384528079,-21.2868451306141,7.69930875033998));
#5361=CARTESIAN_POINT('',(6.01258868892209,-21.2868451306141,9.04520978543743));
#5362=CARTESIAN_POINT('',(4.14154312114671,-21.2868451306141,10.0453044772847));
#5363=CARTESIAN_POINT('',(2.11134037382978,-21.2868451306141,10.6611597477338));
#5364=CARTESIAN_POINT('',(1.88156030563626E-14,-21.2868451306141,10.8691086241169));
#5365=CARTESIAN_POINT('',(-2.11134037382985,-21.286845130614,10.6611597477338));
#5366=CARTESIAN_POINT('',(1.70734908382471,-27.372041371862,8.63015838101634));
#5367=CARTESIAN_POINT('',(1.76204195591345E-14,-27.372041371862,8.79831758830281));
#5368=CARTESIAN_POINT('',(-1.70734908382477,-27.372041371862,8.63015838101632));
#5369=CARTESIAN_POINT('',(-3.34908569985054,-27.3720413718619,8.13214302318816));
#5370=CARTESIAN_POINT('',(-4.86211883061995,-27.372041371862,7.32340996572942));
#5371=CARTESIAN_POINT('',(-6.18830346143628,-27.372041371862,6.2350383664955));
#5372=CARTESIAN_POINT('',(-7.27667506067023,-27.372041371862,4.90885373567915));
#5373=CARTESIAN_POINT('',(-8.08540811812896,-27.372041371862,3.39582060490972));
#5374=CARTESIAN_POINT('',(-8.58342347595711,-27.372041371862,1.75408398888397));
#5375=CARTESIAN_POINT('',(-8.75158268324359,-27.372041371862,0.0467349050592046));
#5376=CARTESIAN_POINT('',(-8.58342347595711,-27.372041371862,-1.66061417876553));
#5377=CARTESIAN_POINT('',(-8.08540811812894,-27.372041371862,-3.30235079479134));
#5378=CARTESIAN_POINT('',(-7.2766750606702,-27.372041371862,-4.81538392556075));
#5379=CARTESIAN_POINT('',(-6.18830346143626,-27.372041371862,-6.14156855637713));
#5380=CARTESIAN_POINT('',(-4.86211883061994,-27.372041371862,-7.229940155611));
#5381=CARTESIAN_POINT('',(-3.34908569985056,-27.372041371862,-8.03867321306974));
#5382=CARTESIAN_POINT('',(-1.70734908382474,-27.372041371862,-8.5366885708979));
#5383=CARTESIAN_POINT('',(1.3703170985616E-14,-27.372041371862,-8.70484777818437));
#5384=CARTESIAN_POINT('',(1.70734908382476,-27.372041371862,-8.5366885708979));
#5385=CARTESIAN_POINT('',(3.34908569985051,-27.372041371862,-8.03867321306974));
#5386=CARTESIAN_POINT('',(4.86211883061997,-27.372041371862,-7.22994015561099));
#5387=CARTESIAN_POINT('',(6.1883034614363,-27.372041371862,-6.14156855637709));
#5388=CARTESIAN_POINT('',(7.27667506067023,-27.372041371862,-4.8153839255607));
#5389=CARTESIAN_POINT('',(8.08540811812894,-27.372041371862,-3.30235079479133));
#5390=CARTESIAN_POINT('',(8.58342347595711,-27.372041371862,-1.66061417876554));
#5391=CARTESIAN_POINT('',(8.75158268324359,-27.372041371862,0.0467349050592504));
#5392=CARTESIAN_POINT('',(8.58342347595711,-27.372041371862,1.75408398888401));
#5393=CARTESIAN_POINT('',(8.08540811812895,-27.372041371862,3.39582060490977));
#5394=CARTESIAN_POINT('',(7.2766750606702,-27.372041371862,4.90885373567919));
#5395=CARTESIAN_POINT('',(6.1883034614363,-27.372041371862,6.23503836649549));
#5396=CARTESIAN_POINT('',(4.86211883061994,-27.372041371862,7.32340996572945));
#5397=CARTESIAN_POINT('',(3.3490856998505,-27.372041371862,8.13214302318818));
#5398=CARTESIAN_POINT('',(1.70734908382471,-27.372041371862,8.63015838101634));
#5399=CARTESIAN_POINT('',(1.76204195591345E-14,-27.372041371862,8.79831758830281));
#5400=CARTESIAN_POINT('',(-1.70734908382477,-27.372041371862,8.63015838101632));
#5401=CARTESIAN_POINT('',(1.31924595378588,-32.4752759993076,6.67903218835442));
#5402=CARTESIAN_POINT('',(1.00053932767954E-14,-32.4752759993076,6.80896657371605));
#5403=CARTESIAN_POINT('',(-1.31924595378592,-32.4752759993076,6.67903218835443));
#5404=CARTESIAN_POINT('',(-2.58779402540951,-32.4752759993076,6.29422233783091));
#5405=CARTESIAN_POINT('',(-3.75689462388821,-32.4752759993076,5.66932504889731));
#5406=CARTESIAN_POINT('',(-4.78161986886167,-32.4752759993076,4.82835477392087));
#5407=CARTESIAN_POINT('',(-5.6225901438381,-32.4752759993076,3.80362952894743));
#5408=CARTESIAN_POINT('',(-6.24748743277171,-32.4752759993076,2.6345289304687));
#5409=CARTESIAN_POINT('',(-6.6322972832952,-32.4752759993076,1.36598085884513));
#5410=CARTESIAN_POINT('',(-6.76223166865684,-32.4752759993076,0.0467349050592065));
#5411=CARTESIAN_POINT('',(-6.6322972832952,-32.4752759993076,-1.2725110487267));
#5412=CARTESIAN_POINT('',(-6.24748743277169,-32.4752759993076,-2.54105912035031));
#5413=CARTESIAN_POINT('',(-5.62259014383809,-32.4752759993076,-3.71015971882901));
#5414=CARTESIAN_POINT('',(-4.78161986886164,-32.4752759993076,-4.73488496380249));
#5415=CARTESIAN_POINT('',(-3.75689462388821,-32.4752759993076,-5.57585523877889));
#5416=CARTESIAN_POINT('',(-2.58779402540951,-32.4752759993076,-6.20075252771248));
#5417=CARTESIAN_POINT('',(-1.3192459537859,-32.4752759993076,-6.585562378236));
#5418=CARTESIAN_POINT('',(9.50236625609794E-15,-32.4752759993076,-6.71549676359763));
#5419=CARTESIAN_POINT('',(1.31924595378593,-32.4752759993076,-6.58556237823599));
#5420=CARTESIAN_POINT('',(2.58779402540949,-32.4752759993076,-6.20075252771249));
#5421=CARTESIAN_POINT('',(3.75689462388823,-32.4752759993076,-5.57585523877888));
#5422=CARTESIAN_POINT('',(4.78161986886168,-32.4752759993076,-4.73488496380246));
#5423=CARTESIAN_POINT('',(5.6225901438381,-32.4752759993076,-3.71015971882897));
#5424=CARTESIAN_POINT('',(6.2474874327717,-32.4752759993076,-2.5410591203503));
#5425=CARTESIAN_POINT('',(6.6322972832952,-32.4752759993076,-1.2725110487267));
#5426=CARTESIAN_POINT('',(6.76223166865684,-32.4752759993076,0.0467349050592413));
#5427=CARTESIAN_POINT('',(6.6322972832952,-32.4752759993076,1.36598085884516));
#5428=CARTESIAN_POINT('',(6.24748743277169,-32.4752759993076,2.63452893046874));
#5429=CARTESIAN_POINT('',(5.62259014383808,-32.4752759993076,3.80362952894745));
#5430=CARTESIAN_POINT('',(4.78161986886169,-32.4752759993076,4.82835477392086));
#5431=CARTESIAN_POINT('',(3.75689462388819,-32.4752759993076,5.66932504889733));
#5432=CARTESIAN_POINT('',(2.58779402540949,-32.4752759993076,6.29422233783092));
#5433=CARTESIAN_POINT('',(1.31924595378588,-32.4752759993076,6.67903218835442));
#5434=CARTESIAN_POINT('',(1.00053932767954E-14,-32.4752759993076,6.80896657371605));
#5435=CARTESIAN_POINT('',(-1.31924595378592,-32.4752759993076,6.67903218835443));
#5436=CARTESIAN_POINT('',(1.00788648994759,-36.2674750895562,5.11372245955305));
#5437=CARTESIAN_POINT('',(1.54520152141635E-14,-36.2674750895562,5.21299061437271));
#5438=CARTESIAN_POINT('',(-1.00788648994764,-36.2674750895562,5.11372245955304));
#5439=CARTESIAN_POINT('',(-1.97704046731583,-36.2674750895562,4.81973281461353));
#5440=CARTESIAN_POINT('',(-2.87021788826215,-36.2674750895562,4.34231953673792));
#5441=CARTESIAN_POINT('',(-3.65309444539928,-36.2674750895562,3.69982935045851));
#5442=CARTESIAN_POINT('',(-4.29558463167871,-36.2674750895562,2.91695279332135));
#5443=CARTESIAN_POINT('',(-4.77299790955432,-36.2674750895562,2.02377537237504));
#5444=CARTESIAN_POINT('',(-5.06698755449381,-36.2674750895562,1.05462139500685));
#5445=CARTESIAN_POINT('',(-5.16625570931349,-36.2674750895562,0.0467349050591999));
#5446=CARTESIAN_POINT('',(-5.06698755449382,-36.2674750895562,-0.96115158488841));
#5447=CARTESIAN_POINT('',(-4.77299790955431,-36.2674750895562,-1.93030556225663));
#5448=CARTESIAN_POINT('',(-4.2955846316787,-36.2674750895562,-2.82348298320294));
#5449=CARTESIAN_POINT('',(-3.65309444539927,-36.2674750895562,-3.6063595403401));
#5450=CARTESIAN_POINT('',(-2.87021788826215,-36.2674750895562,-4.24884972661948));
#5451=CARTESIAN_POINT('',(-1.97704046731584,-36.2674750895562,-4.7262630044951));
#5452=CARTESIAN_POINT('',(-1.00788648994762,-36.2674750895562,-5.02025264943461));
#5453=CARTESIAN_POINT('',(3.62992747056298E-15,-36.2674750895562,-5.11952080425428));
#5454=CARTESIAN_POINT('',(1.00788648994763,-36.2674750895562,-5.0202526494346));
#5455=CARTESIAN_POINT('',(1.97704046731581,-36.2674750895562,-4.72626300449511));
#5456=CARTESIAN_POINT('',(2.87021788826216,-36.2674750895562,-4.24884972661948));
#5457=CARTESIAN_POINT('',(3.65309444539929,-36.2674750895562,-3.60635954034008));
#5458=CARTESIAN_POINT('',(4.29558463167872,-36.2674750895562,-2.82348298320291));
#5459=CARTESIAN_POINT('',(4.77299790955431,-36.2674750895562,-1.93030556225661));
#5460=CARTESIAN_POINT('',(5.06698755449382,-36.2674750895562,-0.961151584888407));
#5461=CARTESIAN_POINT('',(5.1662557093135,-36.2674750895562,0.0467349050592363));
#5462=CARTESIAN_POINT('',(5.06698755449382,-36.2674750895562,1.05462139500686));
#5463=CARTESIAN_POINT('',(4.77299790955432,-36.2674750895562,2.02377537237505));
#5464=CARTESIAN_POINT('',(4.29558463167869,-36.2674750895562,2.91695279332138));
#5465=CARTESIAN_POINT('',(3.6530944453993,-36.2674750895562,3.69982935045849));
#5466=CARTESIAN_POINT('',(2.87021788826214,-36.2674750895562,4.34231953673793));
#5467=CARTESIAN_POINT('',(1.97704046731581,-36.2674750895562,4.81973281461354));
#5468=CARTESIAN_POINT('',(1.00788648994759,-36.2674750895562,5.11372245955305));
#5469=CARTESIAN_POINT('',(1.54520152141635E-14,-36.2674750895562,5.21299061437271));
#5470=CARTESIAN_POINT('',(-1.00788648994764,-36.2674750895562,5.11372245955304));
#5471=CARTESIAN_POINT('',(0.807631503281437,-38.6306374348742,4.10697265659106));
#5472=CARTESIAN_POINT('',(7.41013768281431E-15,-38.6306374348742,4.18651741674471));
#5473=CARTESIAN_POINT('',(-0.807631503281465,-38.6306374348742,4.10697265659105));
#5474=CARTESIAN_POINT('',(-1.58422618081678,-38.6306374348742,3.87139523665361));
#5475=CARTESIAN_POINT('',(-2.29993993466758,-38.6306374348742,3.4888382650672));
#5476=CARTESIAN_POINT('',(-2.92726828665029,-38.6306374348742,2.9740031917095));
#5477=CARTESIAN_POINT('',(-3.44210336000799,-38.6306374348742,2.34667483972679));
#5478=CARTESIAN_POINT('',(-3.8246603315944,-38.6306374348742,1.63096108587598));
#5479=CARTESIAN_POINT('',(-4.06023775153184,-38.6306374348742,0.854366408340669));
#5480=CARTESIAN_POINT('',(-4.13978251168549,-38.6306374348743,0.0467349050592137));
#5481=CARTESIAN_POINT('',(-4.06023775153184,-38.6306374348742,-0.760896598222239));
#5482=CARTESIAN_POINT('',(-3.82466033159439,-38.6306374348742,-1.53749127575757));
#5483=CARTESIAN_POINT('',(-3.44210336000799,-38.6306374348742,-2.25320502960837));
#5484=CARTESIAN_POINT('',(-2.92726828665027,-38.6306374348742,-2.8805333815911));
#5485=CARTESIAN_POINT('',(-2.29993993466758,-38.6306374348742,-3.39536845494877));
#5486=CARTESIAN_POINT('',(-1.58422618081678,-38.6306374348742,-3.77792542653518));
#5487=CARTESIAN_POINT('',(-0.807631503281438,-38.6306374348742,-4.01350284647263));
#5488=CARTESIAN_POINT('',(-3.00917791126889E-15,-38.6306374348742,-4.09304760662627));
#5489=CARTESIAN_POINT('',(0.807631503281481,-38.6306374348742,-4.01350284647262));
#5490=CARTESIAN_POINT('',(1.58422618081675,-38.6306374348742,-3.77792542653519));
#5491=CARTESIAN_POINT('',(2.29993993466759,-38.6306374348742,-3.39536845494877));
#5492=CARTESIAN_POINT('',(2.9272682866503,-38.6306374348742,-2.88053338159107));
#5493=CARTESIAN_POINT('',(3.442103360008,-38.6306374348742,-2.25320502960834));
#5494=CARTESIAN_POINT('',(3.82466033159439,-38.6306374348742,-1.53749127575756));
#5495=CARTESIAN_POINT('',(4.06023775153184,-38.6306374348742,-0.760896598222236));
#5496=CARTESIAN_POINT('',(4.13978251168549,-38.6306374348742,0.0467349050592265));
#5497=CARTESIAN_POINT('',(4.06023775153184,-38.6306374348742,0.854366408340687));
#5498=CARTESIAN_POINT('',(3.82466033159439,-38.6306374348742,1.630961085876));
#5499=CARTESIAN_POINT('',(3.44210336000798,-38.6306374348742,2.34667483972681));
#5500=CARTESIAN_POINT('',(2.92726828665031,-38.6306374348742,2.97400319170948));
#5501=CARTESIAN_POINT('',(2.29993993466756,-38.6306374348742,3.48883826506722));
#5502=CARTESIAN_POINT('',(1.58422618081676,-38.6306374348742,3.87139523665361));
#5503=CARTESIAN_POINT('',(0.807631503281437,-38.6306374348742,4.10697265659106));
#5504=CARTESIAN_POINT('',(7.41013768281431E-15,-38.6306374348742,4.18651741674471));
#5505=CARTESIAN_POINT('',(-0.807631503281465,-38.6306374348742,4.10697265659105));
#5506=CARTESIAN_POINT('',(0.688154302046144,-40.0459565472251,3.5063202044122));
#5507=CARTESIAN_POINT('',(5.2246592878829E-15,-40.0459565472251,3.57409748734699));
#5508=CARTESIAN_POINT('',(-0.688154302046154,-40.0459565472251,3.5063202044122));
#5509=CARTESIAN_POINT('',(-1.34986322018608,-40.0459565472251,3.30559299858105));
#5510=CARTESIAN_POINT('',(-1.95969765178624,-40.0459565472251,2.97962970380454));
#5511=CARTESIAN_POINT('',(-2.49422200163938,-40.0459565472251,2.5409569066986));
#5512=CARTESIAN_POINT('',(-2.93289479874533,-40.0459565472251,2.00643255684546));
#5513=CARTESIAN_POINT('',(-3.25885809352184,-40.0459565472251,1.39659812524528));
#5514=CARTESIAN_POINT('',(-3.45958529935298,-40.0459565472251,0.734889207105385));
#5515=CARTESIAN_POINT('',(-3.52736258228777,-40.0459565472251,0.0467349050591905));
#5516=CARTESIAN_POINT('',(-3.45958529935298,-40.0459565472251,-0.641419396986928));
#5517=CARTESIAN_POINT('',(-3.25885809352183,-40.045956547225,-1.30312831512687));
#5518=CARTESIAN_POINT('',(-2.93289479874531,-40.0459565472251,-1.91296274672705));
#5519=CARTESIAN_POINT('',(-2.49422200163937,-40.0459565472251,-2.44748709658017));
#5520=CARTESIAN_POINT('',(-1.95969765178625,-40.0459565472251,-2.88615989368611));
#5521=CARTESIAN_POINT('',(-1.34986322018606,-40.0459565472251,-3.21212318846263));
#5522=CARTESIAN_POINT('',(-0.688154302046174,-40.0459565472251,-3.41285039429377));
#5523=CARTESIAN_POINT('',(1.08746263458436E-14,-40.045956547225,-3.48062767722856));
#5524=CARTESIAN_POINT('',(0.688154302046151,-40.0459565472251,-3.41285039429376));
#5525=CARTESIAN_POINT('',(1.34986322018607,-40.045956547225,-3.21212318846262));
#5526=CARTESIAN_POINT('',(1.95969765178625,-40.0459565472251,-2.8861598936861));
#5527=CARTESIAN_POINT('',(2.49422200163938,-40.0459565472251,-2.44748709658016));
#5528=CARTESIAN_POINT('',(2.93289479874533,-40.0459565472251,-1.91296274672702));
#5529=CARTESIAN_POINT('',(3.25885809352183,-40.0459565472251,-1.30312831512687));
#5530=CARTESIAN_POINT('',(3.45958529935298,-40.0459565472251,-0.641419396986922));
#5531=CARTESIAN_POINT('',(3.52736258228778,-40.0459565472251,0.0467349050592304));
#5532=CARTESIAN_POINT('',(3.45958529935297,-40.0459565472251,0.734889207105409));
#5533=CARTESIAN_POINT('',(3.25885809352184,-40.0459565472251,1.39659812524527));
#5534=CARTESIAN_POINT('',(2.9328947987453,-40.0459565472251,2.00643255684549));
#5535=CARTESIAN_POINT('',(2.49422200163939,-40.0459565472251,2.54095690669858));
#5536=CARTESIAN_POINT('',(1.95969765178625,-40.0459565472251,2.97962970380454));
#5537=CARTESIAN_POINT('',(1.34986322018604,-40.0459565472251,3.30559299858106));
#5538=CARTESIAN_POINT('',(0.688154302046144,-40.0459565472251,3.5063202044122));
#5539=CARTESIAN_POINT('',(5.2246592878829E-15,-40.0459565472251,3.57409748734699));
#5540=CARTESIAN_POINT('',(-0.688154302046154,-40.0459565472251,3.5063202044122));
#5541=CARTESIAN_POINT('',(0.620149261013007,-40.8712016616705,3.16443577596264));
#5542=CARTESIAN_POINT('',(-7.00036048376467E-16,-40.8712016616705,3.22551514697072));
#5543=CARTESIAN_POINT('',(-0.620149261013013,-40.8712016616705,3.16443577596264));
#5544=CARTESIAN_POINT('',(-1.21646653370902,-40.8712016616705,2.98354490891253));
#5545=CARTESIAN_POINT('',(-1.76603567971688,-40.8712016616705,2.68979408039636));
#5546=CARTESIAN_POINT('',(-2.24773706495744,-40.8712016616705,2.29447197001664));
#5547=CARTESIAN_POINT('',(-2.64305917533715,-40.8712016616705,1.81277058477609));
#5548=CARTESIAN_POINT('',(-2.93681000385332,-40.8712016616705,1.26320143876824));
#5549=CARTESIAN_POINT('',(-3.11770087090342,-40.8712016616705,0.666884166072232));
#5550=CARTESIAN_POINT('',(-3.1787802419115,-40.8712016616705,0.0467349050592273));
#5551=CARTESIAN_POINT('',(-3.11770087090342,-40.8712016616705,-0.573414355953825));
#5552=CARTESIAN_POINT('',(-2.93681000385331,-40.8712016616705,-1.16973162864981));
#5553=CARTESIAN_POINT('',(-2.64305917533714,-40.8712016616705,-1.71930077465768));
#5554=CARTESIAN_POINT('',(-2.24773706495743,-40.8712016616705,-2.20100215989823));
#5555=CARTESIAN_POINT('',(-1.76603567971689,-40.8712016616705,-2.59632427027793));
#5556=CARTESIAN_POINT('',(-1.21646653370905,-40.8712016616705,-2.89007509879409));
#5557=CARTESIAN_POINT('',(-0.620149261013006,-40.8712016616705,-3.07096596584422));
#5558=CARTESIAN_POINT('',(-1.01891480926013E-14,-40.8712016616705,-3.13204533685229));
#5559=CARTESIAN_POINT('',(0.620149261013064,-40.8712016616705,-3.0709659658442));
#5560=CARTESIAN_POINT('',(1.21646653370899,-40.8712016616705,-2.89007509879411));
#5561=CARTESIAN_POINT('',(1.7660356797169,-40.8712016616705,-2.59632427027792));
#5562=CARTESIAN_POINT('',(2.24773706495745,-40.8712016616705,-2.20100215989822));
#5563=CARTESIAN_POINT('',(2.64305917533716,-40.8712016616705,-1.71930077465766));
#5564=CARTESIAN_POINT('',(2.93681000385333,-40.8712016616705,-1.16973162864978));
#5565=CARTESIAN_POINT('',(3.11770087090342,-40.8712016616705,-0.573414355953828));
#5566=CARTESIAN_POINT('',(3.17878024191151,-40.8712016616705,0.0467349050592287));
#5567=CARTESIAN_POINT('',(3.11770087090342,-40.8712016616705,0.666884166072248));
#5568=CARTESIAN_POINT('',(2.93681000385331,-40.8712016616705,1.26320143876825));
#5569=CARTESIAN_POINT('',(2.64305917533714,-40.8712016616705,1.8127705847761));
#5570=CARTESIAN_POINT('',(2.24773706495745,-40.8712016616705,2.29447197001664));
#5571=CARTESIAN_POINT('',(1.76603567971687,-40.8712016616705,2.68979408039637));
#5572=CARTESIAN_POINT('',(1.21646653370901,-40.8712016616705,2.98354490891253));
#5573=CARTESIAN_POINT('',(0.620149261013007,-40.8712016616705,3.16443577596264));
#5574=CARTESIAN_POINT('',(-7.00036048376467E-16,-40.8712016616705,3.22551514697072));
#5575=CARTESIAN_POINT('',(-0.620149261013013,-40.8712016616705,3.16443577596264));
#5576=CARTESIAN_POINT('',(0.561734710141466,-41.6134914161018,2.87076599745151));
#5577=CARTESIAN_POINT('',(3.3541971147209E-14,-41.6134914161019,2.92609203736775));
#5578=CARTESIAN_POINT('',(-0.561734710141521,-41.6134914161018,2.8707659974515));
#5579=CARTESIAN_POINT('',(-1.10188227039676,-41.6134914161018,2.70691402638946));
#5580=CARTESIAN_POINT('',(-1.59968511294331,-41.6134914161019,2.44083286354037));
#5581=CARTESIAN_POINT('',(-2.0360129537132,-41.6134914161018,2.08274785877246));
#5582=CARTESIAN_POINT('',(-2.39409795848115,-41.6134914161019,1.64642001800254));
#5583=CARTESIAN_POINT('',(-2.66017912133026,-41.6134914161018,1.14861717545593));
#5584=CARTESIAN_POINT('',(-2.82403109239227,-41.6134914161019,0.608469615200744));
#5585=CARTESIAN_POINT('',(-2.87935713230854,-41.6134914161019,0.0467349050591907));
#5586=CARTESIAN_POINT('',(-2.82403109239227,-41.6134914161018,-0.514999805082311));
#5587=CARTESIAN_POINT('',(-2.66017912133025,-41.6134914161019,-1.05514736533753));
#5588=CARTESIAN_POINT('',(-2.39409795848116,-41.6134914161019,-1.55295020788409));
#5589=CARTESIAN_POINT('',(-2.03601295371321,-41.6134914161018,-1.98927804865402));
#5590=CARTESIAN_POINT('',(-1.59968511294332,-41.6134914161019,-2.34736305342193));
#5591=CARTESIAN_POINT('',(-1.10188227039672,-41.6134914161018,-2.61344421627105));
#5592=CARTESIAN_POINT('',(-0.561734710141493,-41.6134914161018,-2.77729618733307));
#5593=CARTESIAN_POINT('',(5.33700597244024E-15,-41.6134914161018,-2.83262222724933));
#5594=CARTESIAN_POINT('',(0.561734710141482,-41.6134914161019,-2.77729618733306));
#5595=CARTESIAN_POINT('',(1.10188227039673,-41.6134914161018,-2.61344421627105));
#5596=CARTESIAN_POINT('',(1.59968511294333,-41.6134914161018,-2.34736305342193));
#5597=CARTESIAN_POINT('',(2.03601295371323,-41.6134914161019,-1.989278048654));
#5598=CARTESIAN_POINT('',(2.39409795848117,-41.6134914161018,-1.55295020788407));
#5599=CARTESIAN_POINT('',(2.66017912133025,-41.6134914161019,-1.05514736533753));
#5600=CARTESIAN_POINT('',(2.82403109239229,-41.6134914161018,-0.514999805082266));
#5601=CARTESIAN_POINT('',(2.87935713230854,-41.6134914161018,0.0467349050592377));
#5602=CARTESIAN_POINT('',(2.82403109239228,-41.6134914161019,0.608469615200724));
#5603=CARTESIAN_POINT('',(2.66017912133026,-41.6134914161018,1.14861717545596));
#5604=CARTESIAN_POINT('',(2.39409795848113,-41.6134914161019,1.64642001800255));
#5605=CARTESIAN_POINT('',(2.03601295371324,-41.6134914161019,2.08274785877243));
#5606=CARTESIAN_POINT('',(1.5996851129433,-41.6134914161019,2.44083286354038));
#5607=CARTESIAN_POINT('',(1.10188227039673,-41.6134914161018,2.70691402638947));
#5608=CARTESIAN_POINT('',(0.561734710141466,-41.6134914161018,2.87076599745151));
#5609=CARTESIAN_POINT('',(3.3541971147209E-14,-41.6134914161019,2.92609203736775));
#5610=CARTESIAN_POINT('',(-0.561734710141521,-41.6134914161018,2.8707659974515));
#5611=CARTESIAN_POINT('',(0.535834674556087,-41.9866514993374,2.74055772570545));
#5612=CARTESIAN_POINT('',(-9.96270815189436E-15,-41.9866514993374,2.79333283476991));
#5613=CARTESIAN_POINT('',(-0.535834674556087,-41.9866514993374,2.74055772570545));
#5614=CARTESIAN_POINT('',(-1.05107752306854,-41.9866514993374,2.58426051635679));
#5615=CARTESIAN_POINT('',(-1.52592805182054,-41.9866514993373,2.33044762082673));
#5616=CARTESIAN_POINT('',(-1.94213802129136,-41.9866514993375,1.98887292635057));
#5617=CARTESIAN_POINT('',(-2.28371271576752,-41.9866514993374,1.57266295687974));
#5618=CARTESIAN_POINT('',(-2.53752561129759,-41.9866514993374,1.09781242812774));
#5619=CARTESIAN_POINT('',(-2.69382282064622,-41.9866514993374,0.58256957961533));
#5620=CARTESIAN_POINT('',(-2.74659792971069,-41.9866514993374,0.0467349050592116));
#5621=CARTESIAN_POINT('',(-2.69382282064623,-41.9866514993374,-0.489099769496857));
#5622=CARTESIAN_POINT('',(-2.53752561129758,-41.9866514993373,-1.00434261800933));
#5623=CARTESIAN_POINT('',(-2.28371271576752,-41.9866514993374,-1.47919314676131));
#5624=CARTESIAN_POINT('',(-1.94213802129135,-41.9866514993374,-1.89540311623216));
#5625=CARTESIAN_POINT('',(-1.52592805182054,-41.9866514993374,-2.23697781070829));
#5626=CARTESIAN_POINT('',(-1.05107752306852,-41.9866514993374,-2.49079070623837));
#5627=CARTESIAN_POINT('',(-0.535834674556118,-41.9866514993375,-2.64708791558702));
#5628=CARTESIAN_POINT('',(6.45149459687489E-15,-41.9866514993374,-2.69986302465147));
#5629=CARTESIAN_POINT('',(0.535834674556106,-41.9866514993374,-2.64708791558701));
#5630=CARTESIAN_POINT('',(1.05107752306852,-41.9866514993374,-2.49079070623838));
#5631=CARTESIAN_POINT('',(1.52592805182054,-41.9866514993374,-2.2369778107083));
#5632=CARTESIAN_POINT('',(1.94213802129138,-41.9866514993373,-1.89540311623213));
#5633=CARTESIAN_POINT('',(2.28371271576752,-41.9866514993374,-1.47919314676131));
#5634=CARTESIAN_POINT('',(2.53752561129757,-41.9866514993375,-1.00434261800933));
#5635=CARTESIAN_POINT('',(2.69382282064624,-41.9866514993374,-0.489099769496868));
#5636=CARTESIAN_POINT('',(2.74659792971069,-41.9866514993375,0.0467349050592268));
#5637=CARTESIAN_POINT('',(2.69382282064623,-41.9866514993373,0.582569579615341));
#5638=CARTESIAN_POINT('',(2.53752561129758,-41.9866514993375,1.09781242812774));
#5639=CARTESIAN_POINT('',(2.28371271576752,-41.9866514993374,1.57266295687975));
#5640=CARTESIAN_POINT('',(1.94213802129136,-41.9866514993374,1.98887292635058));
#5641=CARTESIAN_POINT('',(1.52592805182054,-41.9866514993374,2.33044762082673));
#5642=CARTESIAN_POINT('',(1.0510775230685,-41.9866514993374,2.58426051635681));
#5643=CARTESIAN_POINT('',(0.535834674556087,-41.9866514993374,2.74055772570545));
#5644=CARTESIAN_POINT('',(-9.96270815189436E-15,-41.9866514993374,2.79333283476991));
#5645=CARTESIAN_POINT('',(-0.535834674556087,-41.9866514993374,2.74055772570545));
#5646=CARTESIAN_POINT('',(0.525504271145566,-42.1828649139259,2.6886232806702));
#5647=CARTESIAN_POINT('',(1.19945200971822E-14,-42.1828649139258,2.74038093380551));
#5648=CARTESIAN_POINT('',(-0.525504271145588,-42.1828649139258,2.6886232806702));
#5649=CARTESIAN_POINT('',(-1.03081370785723,-42.1828649139258,2.53533933884823));
#5650=CARTESIAN_POINT('',(-1.49650955186291,-42.1828649139258,2.28641972426118));
#5651=CARTESIAN_POINT('',(-1.90469537304271,-42.1828649139259,1.95143027810194));
#5652=CARTESIAN_POINT('',(-2.23968481920197,-42.1828649139258,1.54324445692212));
#5653=CARTESIAN_POINT('',(-2.48860443378901,-42.1828649139258,1.07754861291644));
#5654=CARTESIAN_POINT('',(-2.64188837561098,-42.1828649139258,0.572239176204798));
#5655=CARTESIAN_POINT('',(-2.69364602874629,-42.1828649139258,0.0467349050592108));
#5656=CARTESIAN_POINT('',(-2.64188837561098,-42.1828649139258,-0.47876936608636));
#5657=CARTESIAN_POINT('',(-2.48860443378901,-42.1828649139258,-0.984078802798016));
#5658=CARTESIAN_POINT('',(-2.23968481920196,-42.1828649139258,-1.4497746468037));
#5659=CARTESIAN_POINT('',(-1.90469537304271,-42.1828649139258,-1.85796046798351));
#5660=CARTESIAN_POINT('',(-1.49650955186291,-42.1828649139259,-2.19294991414275));
#5661=CARTESIAN_POINT('',(-1.03081370785721,-42.1828649139258,-2.4418695287298));
#5662=CARTESIAN_POINT('',(-0.525504271145586,-42.1828649139259,-2.59515347055177));
#5663=CARTESIAN_POINT('',(-2.55042667180708E-16,-42.1828649139258,-2.64691112368708));
#5664=CARTESIAN_POINT('',(0.52550427114559,-42.1828649139258,-2.59515347055176));
#5665=CARTESIAN_POINT('',(1.03081370785721,-42.1828649139258,-2.4418695287298));
#5666=CARTESIAN_POINT('',(1.49650955186292,-42.1828649139258,-2.19294991414275));
#5667=CARTESIAN_POINT('',(1.90469537304272,-42.1828649139258,-1.8579604679835));
#5668=CARTESIAN_POINT('',(2.23968481920198,-42.1828649139259,-1.44977464680368));
#5669=CARTESIAN_POINT('',(2.48860443378901,-42.1828649139259,-0.984078802798012));
#5670=CARTESIAN_POINT('',(2.64188837561099,-42.1828649139258,-0.478769366086348));
#5671=CARTESIAN_POINT('',(2.69364602874629,-42.1828649139259,0.046734905059229));
#5672=CARTESIAN_POINT('',(2.64188837561098,-42.1828649139259,0.57223917620481));
#5673=CARTESIAN_POINT('',(2.48860443378901,-42.1828649139259,1.07754861291643));
#5674=CARTESIAN_POINT('',(2.23968481920196,-42.1828649139259,1.54324445692213));
#5675=CARTESIAN_POINT('',(1.90469537304273,-42.1828649139258,1.95143027810192));
#5676=CARTESIAN_POINT('',(1.49650955186291,-42.1828649139259,2.28641972426119));
#5677=CARTESIAN_POINT('',(1.0308137078572,-42.1828649139258,2.53533933884823));
#5678=CARTESIAN_POINT('',(0.525504271145566,-42.1828649139259,2.6886232806702));
#5679=CARTESIAN_POINT('',(1.19945200971822E-14,-42.1828649139258,2.74038093380551));
#5680=CARTESIAN_POINT('',(-0.525504271145588,-42.1828649139258,2.6886232806702));
#5681=CARTESIAN_POINT('',(1.16274240704076,-42.1250000030269,2.49464863381102));
#5682=CARTESIAN_POINT('',(0.658284164391587,-42.1250000030269,2.6755249887517));
#5683=CARTESIAN_POINT('',(0.221334924481553,-42.1250000030269,2.74002688236673));
#5684=CARTESIAN_POINT('',(-0.130014086797176,-42.1250000030269,2.7404126704997));
#5685=CARTESIAN_POINT('',(-0.484825116932749,-42.1250000030269,2.70548005304652));
#5686=CARTESIAN_POINT('',(-0.909377785427348,-42.125000003027,2.59933977771198));
#5687=CARTESIAN_POINT('',(-1.39408301520767,-42.1250000030268,2.37041878647744));
#5688=CARTESIAN_POINT('',(-1.74613723309399,-42.125000003027,2.10949848314802));
#5689=CARTESIAN_POINT('',(-1.99832384218632,-42.1250000030268,1.85767305648263));
#5690=CARTESIAN_POINT('',(-2.16516308448702,-42.1250000030269,1.65421106140235));
#5691=CARTESIAN_POINT('',(-2.31159067409636,-42.1250000030269,1.43573199256566));
#5692=CARTESIAN_POINT('',(-2.47964346191057,-42.1250000030269,1.12161135806405));
#5693=CARTESIAN_POINT('',(-2.6276481937052,-42.1250000030269,0.708898171754119));
#5694=CARTESIAN_POINT('',(-2.70653119149158,-42.1250000030269,0.178848059283897));
#5695=CARTESIAN_POINT('',(-2.68529575554625,-42.1250000030269,-0.258346048637956));
#5696=CARTESIAN_POINT('',(-2.6161697527783,-42.1250000030269,-0.607884973255779));
#5697=CARTESIAN_POINT('',(-2.5394889956628,-42.1250000030269,-0.860502809769581));
#5698=CARTESIAN_POINT('',(-2.43915098529144,-42.1250000030269,-1.10344350757626));
#5699=CARTESIAN_POINT('',(-2.31430523431022,-42.1250000030269,-1.33775442796419));
#5700=CARTESIAN_POINT('',(-2.1664972244825,-42.1250000030269,-1.55911928334117));
#5701=CARTESIAN_POINT('',(-1.9997962177803,-42.1250000030269,-1.76236009040988));
#5702=CARTESIAN_POINT('',(-1.81372904825416,-42.1250000030268,-1.94907112729403));
#5703=CARTESIAN_POINT('',(-1.53824304101963,-42.125000003027,-2.17537179202159));
#5704=CARTESIAN_POINT('',(-1.1630444729724,-42.1250000030269,-2.40074321531951));
#5705=CARTESIAN_POINT('',(-0.658433634312625,-42.1250000030269,-2.58183613568723));
#5706=CARTESIAN_POINT('',(-0.225244073810557,-42.1250000030269,-2.64645026131511));
#5707=CARTESIAN_POINT('',(0.131244122538145,-42.1250000030269,-2.64688700555346));
#5708=CARTESIAN_POINT('',(0.393229802785471,-42.1250000030269,-2.62108986521621));
#5709=CARTESIAN_POINT('',(0.651187633459255,-42.1250000030269,-2.57026285442775));
#5710=CARTESIAN_POINT('',(0.991987531415275,-42.1250000030268,-2.46721943810265));
#5711=CARTESIAN_POINT('',(1.38892836557529,-42.1250000030269,-2.28002594611512));
#5712=CARTESIAN_POINT('',(1.81924973288574,-42.1250000030269,-1.96154060757594));
#5713=CARTESIAN_POINT('',(2.17331214513761,-42.1250000030269,-1.57172839593322));
#5714=CARTESIAN_POINT('',(2.4490322398754,-42.1250000030269,-1.11313374055196));
#5715=CARTESIAN_POINT('',(2.59749999032293,-42.125000003027,-0.699574937370447));
#5716=CARTESIAN_POINT('',(2.66732690942523,-42.1250000030269,-0.350800349241916));
#5717=CARTESIAN_POINT('',(2.69322172076221,-42.1250000030269,-0.0892562731466937));
#5718=CARTESIAN_POINT('',(2.69380973055685,-42.1250000030269,0.174185378383316));
#5719=CARTESIAN_POINT('',(2.65919963553777,-42.1250000030268,0.529037355137265));
#5720=CARTESIAN_POINT('',(2.55343801385244,-42.125000003027,0.953834280335541));
#5721=CARTESIAN_POINT('',(2.32484534761533,-42.1250000030269,1.43883173252052));
#5722=CARTESIAN_POINT('',(2.06453238063015,-42.1250000030269,1.79079799421278));
#5723=CARTESIAN_POINT('',(1.81276384668439,-42.1250000030269,2.04339143659692));
#5724=CARTESIAN_POINT('',(1.54178468354184,-42.1250000030269,2.26611188824348));
#5725=CARTESIAN_POINT('',(1.16274240704076,-42.1250000030269,2.49464863381102));
#5726=CARTESIAN_POINT('',(0.658284164391587,-42.1250000030269,2.6755249887517));
#5727=CARTESIAN_POINT('',(0.221334924481553,-42.1250000030269,2.74002688236673));
#5728=CARTESIAN_POINT('',(0.654970690184444,-42.1250000030269,2.65827930831793));
#5729=CARTESIAN_POINT('',(-5.54612810348685,-1.50000000302691,-13.3428027810372));
#5730=CARTESIAN_POINT('',(2.86844039334748E-14,-1.50000000302691,-14.4459962518926));
#5731=CARTESIAN_POINT('',(5.54612810348675,-1.50000000302691,-13.3428027810372));
#5732=CARTESIAN_POINT('',(10.2479084789942,-1.50000000302691,-10.201173573935));
#5733=CARTESIAN_POINT('',(13.3895376860964,-1.50000000302691,-5.49939319842758));
#5734=CARTESIAN_POINT('',(14.4927311569518,-1.50000000302691,0.0467349050592408));
#5735=CARTESIAN_POINT('',(13.3895376860964,-1.50000000302691,5.59286300854604));
#5736=CARTESIAN_POINT('',(10.2479084789942,-1.5000000030269,10.2946433840535));
#5737=CARTESIAN_POINT('',(5.54612810348671,-1.50000000302691,13.4362725911556));
#5738=CARTESIAN_POINT('',(-4.7223504088965E-15,-1.50000000302691,14.539466062011));
#5739=CARTESIAN_POINT('',(-5.54612810348678,-1.50000000302691,13.4362725911556));
#5740=CARTESIAN_POINT('',(-10.2479084789941,-1.50000000302691,10.2946433840534));
#5741=CARTESIAN_POINT('',(-13.3895376860964,-1.50000000302691,5.59286300854598));
#5742=CARTESIAN_POINT('',(-14.4927311569518,-1.50000000302691,0.0467349050592473));
#5743=CARTESIAN_POINT('',(-13.3895376860964,-1.50000000302691,-5.49939319842758));
#5744=CARTESIAN_POINT('',(-10.2479084789941,-1.50000000302691,-10.201173573935));
#5745=CARTESIAN_POINT('',(-5.54612810348685,-1.50000000302691,-13.3428027810372));
#5746=CARTESIAN_POINT('',(2.86844039334748E-14,-1.50000000302691,-14.4459962518926));
#5747=CARTESIAN_POINT('',(5.54612810348675,-1.50000000302691,-13.3428027810372));
#5748=CARTESIAN_POINT('',(-4.0297461285798E-15,-1.50000000298583,-14.0782650949408));
#5749=CARTESIAN_POINT('',(-1.49999999999985,-17.9375,11.5970175469661));
#5750=CARTESIAN_POINT('',(-1.57264849399406,-17.9374999999953,11.587586357492));
#5751=CARTESIAN_POINT('',(-1.7142667992903,-17.9520672434684,11.5638761255995));
#5752=CARTESIAN_POINT('',(-1.98701284961298,-18.0371432820286,11.4975267834355));
#5753=CARTESIAN_POINT('',(-2.39332749402927,-18.3165238165094,11.3445360890787));
#5754=CARTESIAN_POINT('',(-2.56250000006833,-18.7187496980115,11.1901535118368));
#5755=CARTESIAN_POINT('',(-2.56250000006833,-19.,11.1090810616939));
#5756=CARTESIAN_POINT('',(-1.49999999999985,-17.9375,11.5970175469661));
#5757=CARTESIAN_POINT('',(-2.56250000006834,-19.,11.1090810616939));
#5758=CARTESIAN_POINT('',(-2.56250000000014,-19.,11.1090810617097));
#5759=CARTESIAN_POINT('',(-2.56250000000014,-20.0048324573424,10.819430779652));
#5760=CARTESIAN_POINT('',(-2.56250000000014,-21.004679945277,10.5134614842671));
#5761=CARTESIAN_POINT('',(-2.56250000000014,-21.9999999999997,10.192670986037));
#5762=CARTESIAN_POINT('',(-2.56250000000015,-21.9999999999997,10.192670986037));
#5763=CARTESIAN_POINT('',(-2.56250000000015,-21.9999999999997,10.192670986037));
#5764=CARTESIAN_POINT('',(-2.56250000000451,-22.0676083717694,10.170880886297));
#5765=CARTESIAN_POINT('',(-2.5498565756282,-22.2013413140262,10.1308399781142));
#5766=CARTESIAN_POINT('',(-2.47211076954729,-22.4667137117193,10.0640696675316));
#5767=CARTESIAN_POINT('',(-2.27830777817257,-22.7641651675525,10.0139628094661));
#5768=CARTESIAN_POINT('',(-1.92095907999391,-23.0063553228342,10.0109259464352));
#5769=CARTESIAN_POINT('',(-1.64061804573018,-23.0625000000682,10.0408847914115));
#5770=CARTESIAN_POINT('',(-1.49999999999986,-23.0625000000682,10.0619365150192));
#5771=CARTESIAN_POINT('',(-1.49999999999985,-23.0625000000682,10.0619365150414));
#5772=CARTESIAN_POINT('',(-1.49999999999986,-23.0625,10.0619365150414));
#5773=CARTESIAN_POINT('',(-0.499999999999953,-23.0625,10.21164506417));
#5774=CARTESIAN_POINT('',(0.499999999999952,-23.0625,10.21164506417));
#5775=CARTESIAN_POINT('',(1.49999999999985,-23.0625,10.0619365150414));
#5776=CARTESIAN_POINT('',(1.49999999999985,-23.0625,10.0619365150192));
#5777=CARTESIAN_POINT('',(1.49999999999985,-23.0625000000682,10.0619365150192));
#5778=CARTESIAN_POINT('',(1.57028662786538,-23.0625000000682,10.0514140059382));
#5779=CARTESIAN_POINT('',(1.70866671532324,-23.0488422746344,10.0336609169722));
#5780=CARTESIAN_POINT('',(1.98029424599617,-22.9662811004408,10.0113746850833));
#5781=CARTESIAN_POINT('',(2.27736299640168,-22.7651494170111,10.0138634274564));
#5782=CARTESIAN_POINT('',(2.51077113739103,-22.4071549371096,10.074114585365));
#5783=CARTESIAN_POINT('',(2.56249999999985,-22.1352218355315,10.1490891454159));
#5784=CARTESIAN_POINT('',(2.56249999999985,-22.0000000000682,10.192670986015));
#5785=CARTESIAN_POINT('',(2.56249999999985,-22.0000000000682,10.192670986015));
#5786=CARTESIAN_POINT('',(2.56249999999985,-22.0000000000682,10.192670986015));
#5787=CARTESIAN_POINT('',(2.56249999999985,-21.0046799453214,10.5134614842536));
#5788=CARTESIAN_POINT('',(2.56249999999986,-20.0048324573669,10.819430779645));
#5789=CARTESIAN_POINT('',(2.56249999999986,-19.,11.1090810617097));
#5790=CARTESIAN_POINT('',(2.56249999999986,-19.,11.1090810617098));
#5791=CARTESIAN_POINT('',(2.56249999999986,-19.,11.1090810617098));
#5792=CARTESIAN_POINT('',(2.56250000000889,-18.8592322917158,11.1496583799573));
#5793=CARTESIAN_POINT('',(2.50716504895175,-18.5858750147952,11.2407456049602));
#5794=CARTESIAN_POINT('',(2.277394339657,-18.2367096821787,11.3883057157992));
#5795=CARTESIAN_POINT('',(1.92867746913643,-17.997411185752,11.5193489021082));
#5796=CARTESIAN_POINT('',(1.64541837583774,-17.9374999999318,11.5781394095267));
#5797=CARTESIAN_POINT('',(1.49999999999985,-17.9374999999318,11.5970175469846));
#5798=CARTESIAN_POINT('',(1.49999999999985,-17.9374999999318,11.5970175469661));
#5799=CARTESIAN_POINT('',(1.49999999999986,-17.9375,11.5970175469661));
#5800=CARTESIAN_POINT('',(0.499999999999955,-17.9375,11.7268370236937));
#5801=CARTESIAN_POINT('',(-0.499999999999951,-17.9375,11.7268370236936));
#5802=CARTESIAN_POINT('',(-1.49999999999985,-17.9375,11.5970175469661));
#5803=CARTESIAN_POINT('',(2.84704472458797,-1.50000000302691,14.359795284829));
#5804=CARTESIAN_POINT('',(9.15169077877528E-15,-1.50000000302691,14.6402047151743));
#5805=CARTESIAN_POINT('',(-2.847044724588,-1.50000000302691,14.359795284829));
#5806=CARTESIAN_POINT('',(-5.58467911705116,-1.50000000302691,13.5293429709459));
#5807=CARTESIAN_POINT('',(-8.10769742297017,-1.50000000302691,12.1807615902245));
#5808=CARTESIAN_POINT('',(-10.3191414637735,-1.50000000302691,10.3658763688327));
#5809=CARTESIAN_POINT('',(-12.1340266851653,-1.50000000302691,8.1544323280294));
#5810=CARTESIAN_POINT('',(-13.4826080658867,-1.50000000302691,5.63141402211038));
#5811=CARTESIAN_POINT('',(-14.3130603797698,-1.50000000302691,2.89377962964722));
#5812=CARTESIAN_POINT('',(-14.5934698101151,-1.50000000302691,0.0467349050592195));
#5813=CARTESIAN_POINT('',(-14.3130603797698,-1.50000000302691,-2.80030981952878));
#5814=CARTESIAN_POINT('',(-13.4826080658867,-1.50000000302691,-5.53794421199194));
#5815=CARTESIAN_POINT('',(-12.1340266851653,-1.50000000302691,-8.06096251791095));
#5816=CARTESIAN_POINT('',(-10.3191414637735,-1.50000000302691,-10.2724065587143));
#5817=CARTESIAN_POINT('',(-8.10769742297018,-1.50000000302691,-12.0872917801061));
#5818=CARTESIAN_POINT('',(-5.58467911705117,-1.50000000302691,-13.4358731608275));
#5819=CARTESIAN_POINT('',(-2.84704472458798,-1.50000000302691,-14.2663254747106));
#5820=CARTESIAN_POINT('',(-7.99191991462046E-15,-1.50000000302691,-14.5467349050559));
#5821=CARTESIAN_POINT('',(2.847044724588,-1.50000000302691,-14.2663254747106));
#5822=CARTESIAN_POINT('',(5.58467911705115,-1.50000000302691,-13.4358731608275));
#5823=CARTESIAN_POINT('',(8.10769742297019,-1.50000000302691,-12.0872917801061));
#5824=CARTESIAN_POINT('',(10.3191414637735,-1.50000000302691,-10.2724065587144));
#5825=CARTESIAN_POINT('',(12.1340266851653,-1.50000000302691,-8.06096251791093));
#5826=CARTESIAN_POINT('',(13.4826080658867,-1.50000000302691,-5.53794421199196));
#5827=CARTESIAN_POINT('',(14.3130603797698,-1.50000000302691,-2.80030981952874));
#5828=CARTESIAN_POINT('',(14.5934698101151,-1.50000000302691,0.0467349050592016));
#5829=CARTESIAN_POINT('',(14.3130603797698,-1.50000000302691,2.89377962964723));
#5830=CARTESIAN_POINT('',(13.4826080658867,-1.50000000302691,5.63141402211038));
#5831=CARTESIAN_POINT('',(12.1340266851653,-1.50000000302691,8.15443232802941));
#5832=CARTESIAN_POINT('',(10.3191414637735,-1.50000000302691,10.3658763688328));
#5833=CARTESIAN_POINT('',(8.10769742297017,-1.50000000302691,12.1807615902245));
#5834=CARTESIAN_POINT('',(5.58467911705114,-1.50000000302691,13.5293429709459));
#5835=CARTESIAN_POINT('',(2.84704472458797,-1.50000000302691,14.359795284829));
#5836=CARTESIAN_POINT('',(9.15169077877528E-15,-1.50000000302691,14.6402047151743));
#5837=CARTESIAN_POINT('',(-2.847044724588,-1.50000000302691,14.359795284829));
#5838=CARTESIAN_POINT('',(2.84704472458797,-19.5000000030269,14.359795284829));
#5839=CARTESIAN_POINT('',(7.10280478352708E-15,-19.5000000030269,14.6402047151743));
#5840=CARTESIAN_POINT('',(-2.84704472458799,-19.5000000030269,14.359795284829));
#5841=CARTESIAN_POINT('',(-5.58467911705116,-19.5000000030269,13.5293429709459));
#5842=CARTESIAN_POINT('',(-8.10769742297016,-19.5000000030269,12.1807615902245));
#5843=CARTESIAN_POINT('',(-10.3191414637735,-19.5000000030269,10.3658763688327));
#5844=CARTESIAN_POINT('',(-12.1340266851653,-19.5000000030269,8.15443232802939));
#5845=CARTESIAN_POINT('',(-13.4826080658867,-19.5000000030269,5.63141402211038));
#5846=CARTESIAN_POINT('',(-14.3130603797698,-19.5000000030269,2.89377962964722));
#5847=CARTESIAN_POINT('',(-14.5934698101151,-19.5000000030269,0.0467349050592202));
#5848=CARTESIAN_POINT('',(-14.3130603797698,-19.5000000030269,-2.80030981952878));
#5849=CARTESIAN_POINT('',(-13.4826080658867,-19.5000000030269,-5.53794421199193));
#5850=CARTESIAN_POINT('',(-12.1340266851653,-19.5000000030269,-8.06096251791093));
#5851=CARTESIAN_POINT('',(-10.3191414637735,-19.5000000030269,-10.2724065587144));
#5852=CARTESIAN_POINT('',(-8.10769742297016,-19.5000000030269,-12.0872917801061));
#5853=CARTESIAN_POINT('',(-5.58467911705117,-19.5000000030269,-13.4358731608275));
#5854=CARTESIAN_POINT('',(-2.84704472458797,-19.5000000030269,-14.2663254747106));
#5855=CARTESIAN_POINT('',(-9.08991461219868E-15,-19.5000000030269,-14.5467349050559));
#5856=CARTESIAN_POINT('',(2.847044724588,-19.5000000030269,-14.2663254747106));
#5857=CARTESIAN_POINT('',(5.58467911705115,-19.5000000030269,-13.4358731608275));
#5858=CARTESIAN_POINT('',(8.10769742297018,-19.5000000030269,-12.0872917801061));
#5859=CARTESIAN_POINT('',(10.3191414637735,-19.5000000030269,-10.2724065587144));
#5860=CARTESIAN_POINT('',(12.1340266851653,-19.5000000030269,-8.0609625179109));
#5861=CARTESIAN_POINT('',(13.4826080658867,-19.5000000030269,-5.53794421199196));
#5862=CARTESIAN_POINT('',(14.3130603797698,-19.5000000030269,-2.80030981952874));
#5863=CARTESIAN_POINT('',(14.5934698101151,-19.5000000030269,0.0467349050592027));
#5864=CARTESIAN_POINT('',(14.3130603797698,-19.5000000030269,2.89377962964722));
#5865=CARTESIAN_POINT('',(13.4826080658867,-19.5000000030269,5.63141402211038));
#5866=CARTESIAN_POINT('',(12.1340266851653,-19.5000000030269,8.1544323280294));
#5867=CARTESIAN_POINT('',(10.3191414637735,-19.5000000030269,10.3658763688327));
#5868=CARTESIAN_POINT('',(8.10769742297016,-19.5000000030269,12.1807615902245));
#5869=CARTESIAN_POINT('',(5.58467911705113,-19.5000000030269,13.5293429709459));
#5870=CARTESIAN_POINT('',(2.84704472458797,-19.5000000030269,14.359795284829));
#5871=CARTESIAN_POINT('',(7.10280478352708E-15,-19.5000000030269,14.6402047151743));
#5872=CARTESIAN_POINT('',(-2.84704472458799,-19.5000000030269,14.359795284829));
#5873=CARTESIAN_POINT('',(0.589043736121649,-41.0000000030269,3.00805774225297));
#5874=CARTESIAN_POINT('',(1.86960847066398E-15,-41.0000000030269,3.06607348646234));
#5875=CARTESIAN_POINT('',(-0.589043736121655,-41.0000000030269,3.00805774225297));
#5876=CARTESIAN_POINT('',(-1.15545085180369,-41.0000000030269,2.83624002213923));
#5877=CARTESIAN_POINT('',(-1.6774546392352,-41.0000000030269,2.55722318474859));
#5878=CARTESIAN_POINT('',(-2.13499478560832,-41.0000000030269,2.18172969066754));
#5879=CARTESIAN_POINT('',(-2.51048827968937,-41.0000000030269,1.72418954429443));
#5880=CARTESIAN_POINT('',(-2.78950511708001,-41.0000000030269,1.20218575686291));
#5881=CARTESIAN_POINT('',(-2.96132283719375,-41.0000000030269,0.63577864118087));
#5882=CARTESIAN_POINT('',(-3.01933858140312,-41.0000000030269,0.046734905059217));
#5883=CARTESIAN_POINT('',(-2.96132283719375,-41.0000000030269,-0.542308831062438));
#5884=CARTESIAN_POINT('',(-2.78950511708001,-41.0000000030269,-1.10871594674447));
#5885=CARTESIAN_POINT('',(-2.51048827968937,-41.0000000030269,-1.63071973417599));
#5886=CARTESIAN_POINT('',(-2.13499478560832,-41.0000000030269,-2.0882598805491));
#5887=CARTESIAN_POINT('',(-1.67745463923521,-41.0000000030269,-2.46375337463015));
#5888=CARTESIAN_POINT('',(-1.15545085180369,-41.0000000030269,-2.74277021202079));
#5889=CARTESIAN_POINT('',(-0.58904373612165,-41.0000000030269,-2.91458793213454));
#5890=CARTESIAN_POINT('',(-1.83713081917717E-15,-41.0000000030269,-2.9726036763439));
#5891=CARTESIAN_POINT('',(0.589043736121655,-41.0000000030269,-2.91458793213454));
#5892=CARTESIAN_POINT('',(1.15545085180369,-41.0000000030269,-2.74277021202079));
#5893=CARTESIAN_POINT('',(1.67745463923521,-41.0000000030269,-2.46375337463014));
#5894=CARTESIAN_POINT('',(2.13499478560832,-41.0000000030269,-2.0882598805491));
#5895=CARTESIAN_POINT('',(2.51048827968937,-41.0000000030269,-1.63071973417598));
#5896=CARTESIAN_POINT('',(2.78950511708,-41.0000000030269,-1.10871594674447));
#5897=CARTESIAN_POINT('',(2.96132283719375,-41.0000000030269,-0.542308831062428));
#5898=CARTESIAN_POINT('',(3.01933858140312,-41.0000000030269,0.0467349050592114));
#5899=CARTESIAN_POINT('',(2.96132283719375,-41.0000000030269,0.635778641180871));
#5900=CARTESIAN_POINT('',(2.78950511708001,-41.0000000030269,1.20218575686291));
#5901=CARTESIAN_POINT('',(2.51048827968936,-41.0000000030269,1.72418954429443));
#5902=CARTESIAN_POINT('',(2.13499478560832,-41.0000000030269,2.18172969066754));
#5903=CARTESIAN_POINT('',(1.67745463923521,-41.0000000030269,2.55722318474859));
#5904=CARTESIAN_POINT('',(1.15545085180368,-41.0000000030269,2.83624002213923));
#5905=CARTESIAN_POINT('',(0.589043736121649,-41.0000000030269,3.00805774225297));
#5906=CARTESIAN_POINT('',(1.86960847066398E-15,-41.0000000030269,3.06607348646234));
#5907=CARTESIAN_POINT('',(-0.589043736121655,-41.0000000030269,3.00805774225297));
#5908=CARTESIAN_POINT('',(0.58904373612165,-42.5000000030269,3.00805774225298));
#5909=CARTESIAN_POINT('',(1.83546037074318E-15,-42.5000000030269,3.06607348646234));
#5910=CARTESIAN_POINT('',(-0.589043736121656,-42.5000000030269,3.00805774225298));
#5911=CARTESIAN_POINT('',(-1.15545085180369,-42.5000000030269,2.83624002213923));
#5912=CARTESIAN_POINT('',(-1.67745463923521,-42.5000000030269,2.55722318474859));
#5913=CARTESIAN_POINT('',(-2.13499478560832,-42.5000000030269,2.18172969066754));
#5914=CARTESIAN_POINT('',(-2.51048827968937,-42.5000000030269,1.72418954429443));
#5915=CARTESIAN_POINT('',(-2.78950511708001,-42.5000000030269,1.20218575686291));
#5916=CARTESIAN_POINT('',(-2.96132283719375,-42.5000000030269,0.635778641180871));
#5917=CARTESIAN_POINT('',(-3.01933858140312,-42.5000000030269,0.0467349050592171));
#5918=CARTESIAN_POINT('',(-2.96132283719375,-42.5000000030269,-0.542308831062439));
#5919=CARTESIAN_POINT('',(-2.78950511708001,-42.5000000030269,-1.10871594674447));
#5920=CARTESIAN_POINT('',(-2.51048827968937,-42.5000000030269,-1.63071973417599));
#5921=CARTESIAN_POINT('',(-2.13499478560832,-42.5000000030269,-2.0882598805491));
#5922=CARTESIAN_POINT('',(-1.67745463923521,-42.5000000030269,-2.46375337463015));
#5923=CARTESIAN_POINT('',(-1.15545085180369,-42.5000000030269,-2.74277021202079));
#5924=CARTESIAN_POINT('',(-0.589043736121652,-42.5000000030269,-2.91458793213454));
#5925=CARTESIAN_POINT('',(-1.67243161512561E-15,-42.5000000030269,-2.9726036763439));
#5926=CARTESIAN_POINT('',(0.589043736121656,-42.5000000030269,-2.91458793213453));
#5927=CARTESIAN_POINT('',(1.15545085180369,-42.5000000030269,-2.74277021202079));
#5928=CARTESIAN_POINT('',(1.67745463923521,-42.5000000030269,-2.46375337463015));
#5929=CARTESIAN_POINT('',(2.13499478560832,-42.5000000030269,-2.0882598805491));
#5930=CARTESIAN_POINT('',(2.51048827968938,-42.5000000030269,-1.63071973417598));
#5931=CARTESIAN_POINT('',(2.78950511708001,-42.5000000030269,-1.10871594674447));
#5932=CARTESIAN_POINT('',(2.96132283719376,-42.5000000030269,-0.542308831062431));
#5933=CARTESIAN_POINT('',(3.01933858140312,-42.5000000030269,0.0467349050592132));
#5934=CARTESIAN_POINT('',(2.96132283719376,-42.5000000030269,0.635778641180872));
#5935=CARTESIAN_POINT('',(2.78950511708001,-42.5000000030269,1.20218575686291));
#5936=CARTESIAN_POINT('',(2.51048827968937,-42.5000000030269,1.72418954429443));
#5937=CARTESIAN_POINT('',(2.13499478560832,-42.5000000030269,2.18172969066754));
#5938=CARTESIAN_POINT('',(1.67745463923521,-42.5000000030269,2.55722318474859));
#5939=CARTESIAN_POINT('',(1.15545085180368,-42.5000000030269,2.83624002213923));
#5940=CARTESIAN_POINT('',(0.58904373612165,-42.5000000030269,3.00805774225298));
#5941=CARTESIAN_POINT('',(1.83546037074318E-15,-42.5000000030269,3.06607348646234));
#5942=CARTESIAN_POINT('',(-0.589043736121656,-42.5000000030269,3.00805774225298));
#5943=CARTESIAN_POINT('',(-0.49071763047061,-42.5000000030269,-2.92404590119121));
#5944=CARTESIAN_POINT('',(-0.00135399427590567,-42.5000000030269,-2.97286527619911));
#5945=CARTESIAN_POINT('',(0.594006334813175,-42.5000000030269,-2.91384743865862));
#5946=CARTESIAN_POINT('',(1.06435037770478,-42.5000000030269,-2.76996405058596));
#5947=CARTESIAN_POINT('',(1.41825663593155,-42.5000000030269,-2.60238163008777));
#5948=CARTESIAN_POINT('',(1.75869673992115,-42.5000000030269,-2.39766925362735));
#5949=CARTESIAN_POINT('',(2.13529929888018,-42.5000000030269,-2.08791016859689));
#5950=CARTESIAN_POINT('',(2.51376349826341,-42.5000000030269,-1.62582746891573));
#5951=CARTESIAN_POINT('',(2.74343635694311,-42.5000000030269,-1.19492481852357));
#5952=CARTESIAN_POINT('',(2.87687811233731,-42.5000000030269,-0.820905291160193));
#5953=CARTESIAN_POINT('',(2.94759369695584,-42.5000000030269,-0.536375061402252));
#5954=CARTESIAN_POINT('',(2.99052522771697,-42.5000000030269,-0.246445753898953));
#5955=CARTESIAN_POINT('',(3.00956542903798,-42.5000000030269,0.15008414435592));
#5956=CARTESIAN_POINT('',(2.96125283941935,-42.5000000030269,0.636209482913102));
#5957=CARTESIAN_POINT('',(2.78728068871155,-42.5000000030269,1.20745941296078));
#5958=CARTESIAN_POINT('',(2.55694816604003,-42.5000000030269,1.63734981379438));
#5959=CARTESIAN_POINT('',(2.32024966641331,-42.5000000030269,1.95612309636649));
#5960=CARTESIAN_POINT('',(2.12235140809441,-42.5000000030269,2.173742972751));
#5961=CARTESIAN_POINT('',(1.90520467093722,-42.5000000030269,2.37028516186481));
#5962=CARTESIAN_POINT('',(1.66752793279184,-42.5000000030269,2.54649698048069));
#5963=CARTESIAN_POINT('',(1.41294396241309,-42.5000000030269,2.69860308907581));
#5964=CARTESIAN_POINT('',(1.14801101189843,-42.5000000030269,2.82351874063345));
#5965=CARTESIAN_POINT('',(0.871427829647716,-42.5000000030269,2.92248129177337));
#5966=CARTESIAN_POINT('',(0.485977612406461,-42.5000000030269,3.01859197258295));
#5967=CARTESIAN_POINT('',(0.000605444490428333,-42.5000000030269,3.06605289818764));
#5968=CARTESIAN_POINT('',(-0.593860420209552,-42.5000000030269,3.00709609010498));
#5969=CARTESIAN_POINT('',(-1.06077258084674,-42.5000000030269,2.86505277067381));
#5970=CARTESIAN_POINT('',(-1.41977254504847,-42.5000000030269,2.69503774725165));
#5971=CARTESIAN_POINT('',(-1.67114203139612,-42.5000000030269,2.543856916343));
#5972=CARTESIAN_POINT('',(-1.90647821371976,-42.5000000030269,2.36933921764243));
#5973=CARTESIAN_POINT('',(-2.20028282528343,-42.5000000030269,2.1026816210813));
#5974=CARTESIAN_POINT('',(-2.5102394760671,-42.5000000030269,1.72460692251935));
#5975=CARTESIAN_POINT('',(-2.79122413735137,-42.5000000030269,1.19792961900139));
#5976=CARTESIAN_POINT('',(-2.93252806213429,-42.5000000030269,0.731035616557786));
#5977=CARTESIAN_POINT('',(-2.99068741798265,-42.5000000030269,0.33847876335901));
#5978=CARTESIAN_POINT('',(-3.00476051789577,-42.5000000030269,0.0444148311170795));
#5979=CARTESIAN_POINT('',(-2.99026624181041,-42.5000000030269,-0.248105190721622));
#5980=CARTESIAN_POINT('',(-2.94698254526505,-42.5000000030269,-0.540419295367153));
#5981=CARTESIAN_POINT('',(-2.87456040829339,-42.5000000030269,-0.828355639137442));
#5982=CARTESIAN_POINT('',(-2.77561555582415,-42.5000000030269,-1.10408306208961));
#5983=CARTESIAN_POINT('',(-2.65019625157123,-42.5000000030269,-1.36950869420208));
#5984=CARTESIAN_POINT('',(-2.44571879183297,-42.5000000030269,-1.71013556915689));
#5985=CARTESIAN_POINT('',(-2.13615678918399,-42.5000000030269,-2.0870819574501));
#5986=CARTESIAN_POINT('',(-1.67418347125294,-42.5000000030269,-2.46591857802413));
#5987=CARTESIAN_POINT('',(-1.24388924346618,-42.5000000030269,-2.69570261203585));
#5988=CARTESIAN_POINT('',(-0.869712676787386,-42.5000000030269,-2.8295115281139));
#5989=CARTESIAN_POINT('',(-0.49071763047061,-42.5000000030269,-2.92404590119121));
#5990=CARTESIAN_POINT('',(-0.00135399427590567,-42.5000000030269,-2.97286527619911));
#5991=CARTESIAN_POINT('',(0.594006334813175,-42.5000000030269,-2.91384743865862));
#5992=CARTESIAN_POINT('',(4.11059014709576E-16,-42.5000000030269,-2.95326509494078));
#5993=CARTESIAN_POINT('',(-5.69337044251747,-1.50000000302691,-13.6982772328804));
#5994=CARTESIAN_POINT('',(2.96405507312573E-14,-1.50000000302691,-14.830759025971));
#5995=CARTESIAN_POINT('',(5.69337044251737,-1.50000000302691,-13.6982772328804));
#5996=CARTESIAN_POINT('',(10.5199768456931,-1.50000000302691,-10.473241940634));
#5997=CARTESIAN_POINT('',(13.7450121379396,-1.50000000302691,-5.64663553745821));
#5998=CARTESIAN_POINT('',(14.8774939310302,-1.50000000302691,0.0467349050592415));
#5999=CARTESIAN_POINT('',(13.7450121379396,-1.50000000302691,5.74010534757666));
#6000=CARTESIAN_POINT('',(10.5199768456931,-1.50000000302691,10.5667117507524));
#6001=CARTESIAN_POINT('',(5.69337044251732,-1.50000000302691,13.7917470429989));
#6002=CARTESIAN_POINT('',(-4.37550042132201E-15,-1.50000000302691,14.9242288360894));
#6003=CARTESIAN_POINT('',(-5.6933704425174,-1.50000000302691,13.7917470429989));
#6004=CARTESIAN_POINT('',(-10.5199768456931,-1.50000000302691,10.5667117507523));
#6005=CARTESIAN_POINT('',(-13.7450121379397,-1.50000000302691,5.74010534757661));
#6006=CARTESIAN_POINT('',(-14.8774939310302,-1.50000000302691,0.0467349050592482));
#6007=CARTESIAN_POINT('',(-13.7450121379397,-1.50000000302691,-5.6466355374582));
#6008=CARTESIAN_POINT('',(-10.519976845693,-1.50000000302691,-10.4732419406339));
#6009=CARTESIAN_POINT('',(-5.69337044251747,-1.50000000302691,-13.6982772328804));
#6010=CARTESIAN_POINT('',(2.96405507312573E-14,-1.50000000302691,-14.830759025971));
#6011=CARTESIAN_POINT('',(5.69337044251737,-1.50000000302691,-13.6982772328804));
#6012=CARTESIAN_POINT('',(2.21443923723495E-15,-1.50000000302691,-14.4532650949408));
#6013=CARTESIAN_POINT('',(-2.56250000000014,-19.,11.5084917404954));
#6014=CARTESIAN_POINT('',(-2.56250000000014,-20.004778634657,11.2205170816523));
#6015=CARTESIAN_POINT('',(-2.56250000000014,-21.0046238652412,10.9162985662957));
#6016=CARTESIAN_POINT('',(-2.56250000000015,-21.9999999999997,10.5973649880487));
#6017=CARTESIAN_POINT('',(-2.56250000000014,-19.,11.5084917404802));
#6018=CARTESIAN_POINT('',(-2.56250000000015,-21.9999999999997,10.5973649880487));
#6019=CARTESIAN_POINT('',(-1.49999999999985,-17.9375,11.9884297321811));
#6020=CARTESIAN_POINT('',(-1.57259351350689,-17.9374999999953,11.9793142066456));
#6021=CARTESIAN_POINT('',(-1.71414125067052,-17.9520459799872,11.9562875766782));
#6022=CARTESIAN_POINT('',(-1.98687596004141,-18.0370707229475,11.8914984907813));
#6023=CARTESIAN_POINT('',(-2.39343735590073,-18.3165334190427,11.7413947363806));
#6024=CARTESIAN_POINT('',(-2.56250000006834,-18.7189879999365,11.5890312066451));
#6025=CARTESIAN_POINT('',(-2.56250000006834,-19.,11.5084917404802));
#6026=CARTESIAN_POINT('',(-1.49999999999985,-17.9375,11.9884297321811));
#6027=CARTESIAN_POINT('',(1.49999999999985,-17.9375,11.9884297321811));
#6028=CARTESIAN_POINT('',(0.499999999999951,-17.9375,12.1139991542456));
#6029=CARTESIAN_POINT('',(-0.499999999999951,-17.9375,12.1139991542456));
#6030=CARTESIAN_POINT('',(-1.49999999999985,-17.9375,11.9884297321811));
#6031=CARTESIAN_POINT('',(1.49999999999985,-17.9374999999318,11.9884297321811));
#6032=CARTESIAN_POINT('',(2.56249999999986,-19.,11.5084917404955));
#6033=CARTESIAN_POINT('',(2.56250000000889,-18.8593538617142,11.5488016379111));
#6034=CARTESIAN_POINT('',(2.50725208413921,-18.5860642690945,11.6389505057444));
#6035=CARTESIAN_POINT('',(2.27743696002016,-18.236709798527,11.7843334442208));
#6036=CARTESIAN_POINT('',(1.92852988148814,-17.9973332556974,11.9129021135362));
#6037=CARTESIAN_POINT('',(1.64530707967319,-17.9374999999318,11.970183606183));
#6038=CARTESIAN_POINT('',(1.49999999999986,-17.9374999999318,11.9884297321995));
#6039=CARTESIAN_POINT('',(2.56249999999986,-19.,11.5084917404955));
#6040=CARTESIAN_POINT('',(2.56249999999985,-22.0000000000682,10.5973649880268));
#6041=CARTESIAN_POINT('',(2.56249999999986,-21.0046238652857,10.9162985662822));
#6042=CARTESIAN_POINT('',(2.56249999999986,-20.0047786346815,11.2205170816454));
#6043=CARTESIAN_POINT('',(2.56249999999986,-19.,11.5084917404955));
#6044=CARTESIAN_POINT('',(2.56249999999985,-22.0000000000682,10.5973649880268));
#6045=CARTESIAN_POINT('',(1.49999999999985,-23.0625000000682,10.4601714722536));
#6046=CARTESIAN_POINT('',(1.57034358717209,-23.0625000000682,10.4500429907452));
#6047=CARTESIAN_POINT('',(1.70881993734737,-23.0488203472292,10.4331137089732));
#6048=CARTESIAN_POINT('',(1.98055927401275,-22.9661620423523,10.4126136199118));
#6049=CARTESIAN_POINT('',(2.27751835585337,-22.7649487663759,10.4172859254887));
#6050=CARTESIAN_POINT('',(2.51072679110015,-22.4071831479817,10.4790709223066));
#6051=CARTESIAN_POINT('',(2.56249999999985,-22.1352895345598,10.5540161736157));
#6052=CARTESIAN_POINT('',(2.56249999999985,-22.0000000000682,10.5973649880268));
#6053=CARTESIAN_POINT('',(1.49999999999985,-23.0625,10.4601714722536));
#6054=CARTESIAN_POINT('',(-1.49999999999985,-23.0625,10.4601714722758));
#6055=CARTESIAN_POINT('',(-0.499999999999952,-23.0625,10.6041573267872));
#6056=CARTESIAN_POINT('',(0.499999999999951,-23.0625,10.6041573267872));
#6057=CARTESIAN_POINT('',(1.49999999999985,-23.0625,10.4601714722758));
#6058=CARTESIAN_POINT('',(-1.49999999999985,-23.0625000000682,10.4601714722758));
#6059=CARTESIAN_POINT('',(-2.56250000000015,-21.9999999999997,10.5973649880487));
#6060=CARTESIAN_POINT('',(-2.56250000000451,-22.0676441109701,10.5756907911227));
#6061=CARTESIAN_POINT('',(-2.549843208766,-22.2014072475649,10.5357733415967));
#6062=CARTESIAN_POINT('',(-2.47210456910368,-22.4666914592813,10.4687743585391));
#6063=CARTESIAN_POINT('',(-2.27845662205972,-22.7639709229636,10.4173915773262));
#6064=CARTESIAN_POINT('',(-1.92126096756056,-23.0062455376538,10.4117273204076));
#6065=CARTESIAN_POINT('',(-1.64073498929056,-23.0625000000682,10.4399076245609));
#6066=CARTESIAN_POINT('',(-1.49999999999985,-23.0625000000682,10.4601714722536));
#6067=CARTESIAN_POINT('',(1.71165344863917,36.747724849575,8.65179788423659));
#6068=CARTESIAN_POINT('',(1.77570119588177E-14,36.7477248495749,8.82038103445418));
#6069=CARTESIAN_POINT('',(-1.71165344863923,36.7477248495749,8.65179788423658));
#6070=CARTESIAN_POINT('',(-3.35752901515356,36.7477248495749,8.15252698950409));
#6071=CARTESIAN_POINT('',(-4.8743766245395,36.7477248495749,7.34175505074698));
#6072=CARTESIAN_POINT('',(-6.20390467382629,36.7477248495749,6.2506395788855));
#6073=CARTESIAN_POINT('',(-7.29502014568777,36.7477248495749,4.9211115295987));
#6074=CARTESIAN_POINT('',(-8.1057920844449,36.747724849575,3.40426392021274));
#6075=CARTESIAN_POINT('',(-8.60506297917735,36.747724849575,1.75838835369843));
#6076=CARTESIAN_POINT('',(-8.77364612939497,36.747724849575,0.0467349050592073));
#6077=CARTESIAN_POINT('',(-8.60506297917737,36.747724849575,-1.66491854358));
#6078=CARTESIAN_POINT('',(-8.10579208444487,36.747724849575,-3.31079411009435));
#6079=CARTESIAN_POINT('',(-7.29502014568774,36.7477248495749,-4.82764171948031));
#6080=CARTESIAN_POINT('',(-6.20390467382627,36.747724849575,-6.1571697687671));
#6081=CARTESIAN_POINT('',(-4.87437662453949,36.747724849575,-7.24828524062856));
#6082=CARTESIAN_POINT('',(-3.35752901515356,36.7477248495749,-8.05905717938567));
#6083=CARTESIAN_POINT('',(-1.71165344863919,36.747724849575,-8.55832807411816));
#6084=CARTESIAN_POINT('',(1.11188196125383E-14,36.747724849575,-8.72691122433575));
#6085=CARTESIAN_POINT('',(1.71165344863923,36.747724849575,-8.55832807411815));
#6086=CARTESIAN_POINT('',(3.35752901515352,36.747724849575,-8.05905717938569));
#6087=CARTESIAN_POINT('',(4.87437662453952,36.747724849575,-7.24828524062853));
#6088=CARTESIAN_POINT('',(6.20390467382631,36.747724849575,-6.15716976876706));
#6089=CARTESIAN_POINT('',(7.29502014568778,36.747724849575,-4.82764171948025));
#6090=CARTESIAN_POINT('',(8.10579208444488,36.747724849575,-3.31079411009435));
#6091=CARTESIAN_POINT('',(8.60506297917737,36.7477248495749,-1.66491854357999));
#6092=CARTESIAN_POINT('',(8.77364612939497,36.747724849575,0.0467349050592398));
#6093=CARTESIAN_POINT('',(8.60506297917735,36.747724849575,1.75838835369848));
#6094=CARTESIAN_POINT('',(8.10579208444489,36.747724849575,3.40426392021278));
#6095=CARTESIAN_POINT('',(7.29502014568775,36.747724849575,4.92111152959874));
#6096=CARTESIAN_POINT('',(6.20390467382631,36.747724849575,6.25063957888549));
#6097=CARTESIAN_POINT('',(4.87437662453948,36.747724849575,7.341755050747));
#6098=CARTESIAN_POINT('',(3.35752901515352,36.7477248495749,8.15252698950411));
#6099=CARTESIAN_POINT('',(1.71165344863917,36.747724849575,8.65179788423659));
#6100=CARTESIAN_POINT('',(1.77570119588177E-14,36.7477248495749,8.82038103445418));
#6101=CARTESIAN_POINT('',(-1.71165344863923,36.7477248495749,8.65179788423658));
#6102=CARTESIAN_POINT('',(1.80270153994701,35.0197153235298,9.1095275493512));
#6103=CARTESIAN_POINT('',(2.27084864473342E-14,35.0197153235298,9.28707815385468));
#6104=CARTESIAN_POINT('',(-1.80270153994708,35.0197153235298,9.10952754935117));
#6105=CARTESIAN_POINT('',(-3.53612627068064,35.0197153235298,8.58369890600019));
#6106=CARTESIAN_POINT('',(-5.13365965191441,35.0197153235298,7.72979952367763));
#6107=CARTESIAN_POINT('',(-6.53390937171461,35.0197153235298,6.58064427677382));
#6108=CARTESIAN_POINT('',(-7.68306461861842,35.0197153235298,5.18039455697361));
#6109=CARTESIAN_POINT('',(-8.53696400094098,35.0197153235298,3.58286117573982));
#6110=CARTESIAN_POINT('',(-9.06279264429196,35.0197153235298,1.84943644500627));
#6111=CARTESIAN_POINT('',(-9.24034324879546,35.0197153235298,0.0467349050592045));
#6112=CARTESIAN_POINT('',(-9.06279264429195,35.0197153235298,-1.75596663488785));
#6113=CARTESIAN_POINT('',(-8.53696400094097,35.0197153235298,-3.48939136562143));
#6114=CARTESIAN_POINT('',(-7.6830646186184,35.0197153235298,-5.08692474685522));
#6115=CARTESIAN_POINT('',(-6.53390937171458,35.0197153235298,-6.48717446665542));
#6116=CARTESIAN_POINT('',(-5.13365965191441,35.0197153235298,-7.6363297135592));
#6117=CARTESIAN_POINT('',(-3.53612627068065,35.0197153235298,-8.49022909588175));
#6118=CARTESIAN_POINT('',(-1.80270153994704,35.0197153235298,-9.01605773923275));
#6119=CARTESIAN_POINT('',(1.63640002255844E-14,35.0197153235298,-9.19360834373626));
#6120=CARTESIAN_POINT('',(1.80270153994707,35.0197153235298,-9.01605773923274));
#6121=CARTESIAN_POINT('',(3.5361262706806,35.0197153235298,-8.49022909588179));
#6122=CARTESIAN_POINT('',(5.13365965191443,35.0197153235298,-7.63632971355917));
#6123=CARTESIAN_POINT('',(6.53390937171463,35.0197153235298,-6.48717446665537));
#6124=CARTESIAN_POINT('',(7.68306461861843,35.0197153235298,-5.08692474685516));
#6125=CARTESIAN_POINT('',(8.53696400094095,35.0197153235298,-3.48939136562143));
#6126=CARTESIAN_POINT('',(9.06279264429198,35.0197153235298,-1.75596663488783));
#6127=CARTESIAN_POINT('',(9.24034324879547,35.0197153235298,0.0467349050592393));
#6128=CARTESIAN_POINT('',(9.06279264429194,35.0197153235298,1.84943644500634));
#6129=CARTESIAN_POINT('',(8.53696400094099,35.0197153235298,3.58286117573985));
#6130=CARTESIAN_POINT('',(7.68306461861839,35.0197153235298,5.18039455697364));
#6131=CARTESIAN_POINT('',(6.53390937171464,35.0197153235298,6.5806442767738));
#6132=CARTESIAN_POINT('',(5.13365965191439,35.0197153235298,7.72979952367764));
#6133=CARTESIAN_POINT('',(3.5361262706806,35.0197153235298,8.58369890600022));
#6134=CARTESIAN_POINT('',(1.80270153994701,35.0197153235298,9.1095275493512));
#6135=CARTESIAN_POINT('',(2.27084864473342E-14,35.0197153235298,9.28707815385468));
#6136=CARTESIAN_POINT('',(-1.80270153994708,35.0197153235298,9.10952754935117));
#6137=CARTESIAN_POINT('',(1.9266417805831,32.3410430802057,9.73261721576454));
#6138=CARTESIAN_POINT('',(1.6322791762144E-14,32.3410430802057,9.92237486850069));
#6139=CARTESIAN_POINT('',(-1.92664178058317,32.3410430802057,9.73261721576454));
#6140=CARTESIAN_POINT('',(-3.77924379801164,32.3410430802057,9.17063653773335));
#6141=CARTESIAN_POINT('',(-5.4866115957069,32.3410430802057,8.25802943670143));
#6142=CARTESIAN_POINT('',(-6.98313198670636,32.3410430802057,7.02986689176556));
#6143=CARTESIAN_POINT('',(-8.21129453164223,32.3410430802057,5.53334650076609));
#6144=CARTESIAN_POINT('',(-9.12390163267416,32.3410430802057,3.82597870307082));
#6145=CARTESIAN_POINT('',(-9.68588231070532,32.3410430802057,1.97337668564236));
#6146=CARTESIAN_POINT('',(-9.87563996344148,32.3410430802057,0.0467349050592071));
#6147=CARTESIAN_POINT('',(-9.68588231070533,32.3410430802057,-1.87990687552394));
#6148=CARTESIAN_POINT('',(-9.12390163267412,32.3410430802057,-3.73250889295244));
#6149=CARTESIAN_POINT('',(-8.21129453164219,32.3410430802057,-5.43987669064772));
#6150=CARTESIAN_POINT('',(-6.98313198670635,32.3410430802057,-6.93639708164715));
#6151=CARTESIAN_POINT('',(-5.48661159570687,32.3410430802057,-8.16455962658302));
#6152=CARTESIAN_POINT('',(-3.77924379801167,32.3410430802057,-9.07716672761493));
#6153=CARTESIAN_POINT('',(-1.92664178058314,32.3410430802057,-9.63914740564612));
#6154=CARTESIAN_POINT('',(1.37817471184954E-14,32.3410430802057,-9.82890505838222));
#6155=CARTESIAN_POINT('',(1.92664178058316,32.3410430802057,-9.63914740564611));
#6156=CARTESIAN_POINT('',(3.77924379801159,32.3410430802057,-9.0771667276149));
#6157=CARTESIAN_POINT('',(5.48661159570693,32.3410430802057,-8.164559626583));
#6158=CARTESIAN_POINT('',(6.98313198670636,32.3410430802057,-6.93639708164713));
#6159=CARTESIAN_POINT('',(8.21129453164226,32.3410430802057,-5.43987669064764));
#6160=CARTESIAN_POINT('',(9.12390163267413,32.3410430802057,-3.73250889295244));
#6161=CARTESIAN_POINT('',(9.68588231070532,32.3410430802057,-1.87990687552393));
#6162=CARTESIAN_POINT('',(9.87563996344147,32.3410430802057,0.0467349050592541));
#6163=CARTESIAN_POINT('',(9.68588231070532,32.3410430802057,1.9733766856424));
#6164=CARTESIAN_POINT('',(9.12390163267408,32.3410430802057,3.82597870307088));
#6165=CARTESIAN_POINT('',(8.21129453164221,32.3410430802057,5.53334650076613));
#6166=CARTESIAN_POINT('',(6.98313198670636,32.3410430802057,7.02986689176555));
#6167=CARTESIAN_POINT('',(5.48661159570687,32.3410430802057,8.25802943670147));
#6168=CARTESIAN_POINT('',(3.77924379801161,32.3410430802057,9.17063653773332));
#6169=CARTESIAN_POINT('',(1.9266417805831,32.3410430802057,9.73261721576454));
#6170=CARTESIAN_POINT('',(1.6322791762144E-14,32.3410430802057,9.92237486850069));
#6171=CARTESIAN_POINT('',(-1.92664178058317,32.3410430802057,9.73261721576454));
#6172=CARTESIAN_POINT('',(2.07298862094742,28.8079005850736,10.468352465876));
#6173=CARTESIAN_POINT('',(1.58447183632527E-14,28.8079005850737,10.6725240242965));
#6174=CARTESIAN_POINT('',(-2.07298862094748,28.8079005850736,10.468352465876));
#6175=CARTESIAN_POINT('',(-4.06631345173736,28.8079005850736,9.86368398910365));
#6176=CARTESIAN_POINT('',(-5.90337213699184,28.8079005850737,8.88175566444007));
#6177=CARTESIAN_POINT('',(-7.51356754167094,28.8079005850736,7.56030244673014));
#6178=CARTESIAN_POINT('',(-8.83502075938086,28.8079005850736,5.95010704205104));
#6179=CARTESIAN_POINT('',(-9.81694908404445,28.8079005850736,4.11304835679654));
#6180=CARTESIAN_POINT('',(-10.4216175608168,28.8079005850737,2.11972352600668));
#6181=CARTESIAN_POINT('',(-10.6257891192373,28.8079005850736,0.0467349050592058));
#6182=CARTESIAN_POINT('',(-10.4216175608168,28.8079005850737,-2.02625371588826));
#6183=CARTESIAN_POINT('',(-9.81694908404443,28.8079005850736,-4.01957854667816));
#6184=CARTESIAN_POINT('',(-8.83502075938084,28.8079005850736,-5.85663723193265));
#6185=CARTESIAN_POINT('',(-7.5135675416709,28.8079005850736,-7.46683263661176));
#6186=CARTESIAN_POINT('',(-5.90337213699182,28.8079005850736,-8.78828585432164));
#6187=CARTESIAN_POINT('',(-4.06631345173737,28.8079005850736,-9.77021417898521));
#6188=CARTESIAN_POINT('',(-2.07298862094743,28.8079005850737,-10.3748826557576));
#6189=CARTESIAN_POINT('',(1.12999705970873E-14,28.8079005850736,-10.5790542141781));
#6190=CARTESIAN_POINT('',(2.07298862094748,28.8079005850736,-10.3748826557576));
#6191=CARTESIAN_POINT('',(4.06631345173732,28.8079005850736,-9.77021417898533));
#6192=CARTESIAN_POINT('',(5.90337213699186,28.8079005850737,-8.78828585432161));
#6193=CARTESIAN_POINT('',(7.51356754167096,28.8079005850736,-7.4668326366117));
#6194=CARTESIAN_POINT('',(8.83502075938088,28.8079005850736,-5.85663723193258));
#6195=CARTESIAN_POINT('',(9.81694908404442,28.8079005850736,-4.01957854667816));
#6196=CARTESIAN_POINT('',(10.4216175608168,28.8079005850736,-2.02625371588824));
#6197=CARTESIAN_POINT('',(10.6257891192373,28.8079005850736,0.0467349050592455));
#6198=CARTESIAN_POINT('',(10.4216175608168,28.8079005850736,2.11972352600676));
#6199=CARTESIAN_POINT('',(9.81694908404453,28.8079005850736,4.11304835679658));
#6200=CARTESIAN_POINT('',(8.83502075938084,28.8079005850737,5.95010704205107));
#6201=CARTESIAN_POINT('',(7.51356754167097,28.8079005850736,7.56030244673014));
#6202=CARTESIAN_POINT('',(5.90337213699179,28.8079005850737,8.88175566444009));
#6203=CARTESIAN_POINT('',(4.06631345173731,28.8079005850736,9.86368398910377));
#6204=CARTESIAN_POINT('',(2.07298862094742,28.8079005850736,10.468352465876));
#6205=CARTESIAN_POINT('',(1.58447183632527E-14,28.8079005850737,10.6725240242965));
#6206=CARTESIAN_POINT('',(-2.07298862094748,28.8079005850736,10.468352465876));
#6207=CARTESIAN_POINT('',(2.17500434996417,26.2353941616516,10.98122016918));
#6208=CARTESIAN_POINT('',(2.01132308533531E-14,26.2353941616516,11.1954393999159));
#6209=CARTESIAN_POINT('',(-2.17500434996425,26.2353941616516,10.98122016918));
#6210=CARTESIAN_POINT('',(-4.26642450251587,26.2353941616516,10.3467948018739));
#6211=CARTESIAN_POINT('',(-6.19388835407421,26.2353941616516,9.31654390907335));
#6212=CARTESIAN_POINT('',(-7.88332454975811,26.2353941616516,7.93005945481731));
#6213=CARTESIAN_POINT('',(-9.26980900401415,26.2353941616516,6.24062325913341));
#6214=CARTESIAN_POINT('',(-10.3000598968147,26.2353941616516,4.31315940757505));
#6215=CARTESIAN_POINT('',(-10.9344852641207,26.2353941616516,2.22173925502345));
#6216=CARTESIAN_POINT('',(-11.1487044948567,26.2353941616516,0.0467349050592036));
#6217=CARTESIAN_POINT('',(-10.9344852641207,26.2353941616516,-2.12826944490502));
#6218=CARTESIAN_POINT('',(-10.3000598968147,26.2353941616516,-4.21968959745668));
#6219=CARTESIAN_POINT('',(-9.2698090040141,26.2353941616516,-6.14715344901503));
#6220=CARTESIAN_POINT('',(-7.88332454975809,26.2353941616516,-7.83658964469891));
#6221=CARTESIAN_POINT('',(-6.19388835407421,26.2353941616516,-9.22307409895491));
#6222=CARTESIAN_POINT('',(-4.26642450251589,26.2353941616516,-10.2533249917554));
#6223=CARTESIAN_POINT('',(-2.17500434996422,26.2353941616516,-10.8877503590615));
#6224=CARTESIAN_POINT('',(1.726039266251E-14,26.2353941616516,-11.1019695897975));
#6225=CARTESIAN_POINT('',(2.17500434996425,26.2353941616516,-10.8877503590615));
#6226=CARTESIAN_POINT('',(4.26642450251582,26.2353941616516,-10.2533249917555));
#6227=CARTESIAN_POINT('',(6.19388835407427,26.2353941616516,-9.22307409895491));
#6228=CARTESIAN_POINT('',(7.88332454975812,26.2353941616516,-7.83658964469887));
#6229=CARTESIAN_POINT('',(9.26980900401416,26.2353941616516,-6.14715344901497));
#6230=CARTESIAN_POINT('',(10.3000598968147,26.2353941616516,-4.21968959745666));
#6231=CARTESIAN_POINT('',(10.9344852641207,26.2353941616516,-2.12826944490501));
#6232=CARTESIAN_POINT('',(11.1487044948567,26.2353941616516,0.0467349050592528));
#6233=CARTESIAN_POINT('',(10.9344852641207,26.2353941616516,2.2217392550235));
#6234=CARTESIAN_POINT('',(10.3000598968146,26.2353941616516,4.31315940757509));
#6235=CARTESIAN_POINT('',(9.26980900401411,26.2353941616516,6.24062325913346));
#6236=CARTESIAN_POINT('',(7.88332454975813,26.2353941616516,7.93005945481729));
#6237=CARTESIAN_POINT('',(6.19388835407419,26.2353941616516,9.31654390907338));
#6238=CARTESIAN_POINT('',(4.26642450251583,26.2353941616516,10.3467948018739));
#6239=CARTESIAN_POINT('',(2.17500434996417,26.2353941616516,10.98122016918));
#6240=CARTESIAN_POINT('',(2.01132308533531E-14,26.2353941616516,11.1954393999159));
#6241=CARTESIAN_POINT('',(-2.17500434996425,26.2353941616516,10.98122016918));
#6242=CARTESIAN_POINT('',(2.26931292860642,23.7410235649466,11.4553414110344));
#6243=CARTESIAN_POINT('',(1.91912321554914E-14,23.7410235649466,11.6788492260293));
#6244=CARTESIAN_POINT('',(-2.26931292860648,23.7410235649466,11.4553414110344));
#6245=CARTESIAN_POINT('',(-4.45141743401195,23.7410235649466,10.7934072460349));
#6246=CARTESIAN_POINT('',(-6.46245646381203,23.7410235649466,9.71848448977508));
#6247=CARTESIAN_POINT('',(-8.22514691589512,23.7410235649466,8.27188182095433));
#6248=CARTESIAN_POINT('',(-9.67174958471587,23.7410235649466,6.50919136887122));
#6249=CARTESIAN_POINT('',(-10.7466723409757,23.7410235649466,4.49815233907113));
#6250=CARTESIAN_POINT('',(-11.4086065059751,23.7410235649466,2.31604783366568));
#6251=CARTESIAN_POINT('',(-11.6321143209701,23.7410235649466,0.0467349050592062));
#6252=CARTESIAN_POINT('',(-11.4086065059752,23.7410235649466,-2.22257802354725));
#6253=CARTESIAN_POINT('',(-10.7466723409757,23.7410235649466,-4.40468252895277));
#6254=CARTESIAN_POINT('',(-9.67174958471592,23.7410235649466,-6.41572155875284));
#6255=CARTESIAN_POINT('',(-8.22514691589509,23.7410235649466,-8.17841201083593));
#6256=CARTESIAN_POINT('',(-6.462456463812,23.7410235649466,-9.62501467965675));
#6257=CARTESIAN_POINT('',(-4.45141743401198,23.7410235649466,-10.6999374359166));
#6258=CARTESIAN_POINT('',(-2.26931292860645,23.7410235649466,-11.3618716009159));
#6259=CARTESIAN_POINT('',(1.71688620750345E-14,23.7410235649466,-11.5853794159109));
#6260=CARTESIAN_POINT('',(2.26931292860648,23.7410235649466,-11.3618716009159));
#6261=CARTESIAN_POINT('',(4.45141743401192,23.7410235649466,-10.6999374359166));
#6262=CARTESIAN_POINT('',(6.46245646381205,23.7410235649466,-9.62501467965664));
#6263=CARTESIAN_POINT('',(8.22514691589515,23.7410235649466,-8.17841201083589));
#6264=CARTESIAN_POINT('',(9.67174958471596,23.7410235649466,-6.41572155875276));
#6265=CARTESIAN_POINT('',(10.7466723409757,23.7410235649466,-4.40468252895277));
#6266=CARTESIAN_POINT('',(11.4086065059751,23.7410235649466,-2.22257802354724));
#6267=CARTESIAN_POINT('',(11.6321143209701,23.7410235649466,0.0467349050592474));
#6268=CARTESIAN_POINT('',(11.4086065059751,23.7410235649466,2.31604783366576));
#6269=CARTESIAN_POINT('',(10.7466723409758,23.7410235649466,4.49815233907119));
#6270=CARTESIAN_POINT('',(9.67174958471585,23.7410235649466,6.50919136887126));
#6271=CARTESIAN_POINT('',(8.22514691589515,23.7410235649466,8.27188182095432));
#6272=CARTESIAN_POINT('',(6.46245646381199,23.7410235649466,9.71848448977511));
#6273=CARTESIAN_POINT('',(4.45141743401191,23.7410235649466,10.793407246035));
#6274=CARTESIAN_POINT('',(2.26931292860642,23.7410235649466,11.4553414110344));
#6275=CARTESIAN_POINT('',(1.91912321554914E-14,23.7410235649466,11.6788492260293));
#6276=CARTESIAN_POINT('',(-2.26931292860648,23.7410235649466,11.4553414110344));
#6277=CARTESIAN_POINT('',(2.35579908910319,21.3121340226883,11.8901367012222));
#6278=CARTESIAN_POINT('',(1.98058979540659E-14,21.3121340226883,12.1221626595355));
#6279=CARTESIAN_POINT('',(-2.35579908910328,21.3121340226883,11.8901367012222));
#6280=CARTESIAN_POINT('',(-4.62106614035965,21.3121340226883,11.2029754537385));
#6281=CARTESIAN_POINT('',(-6.70874821136578,21.3121340226883,10.087086138461));
#6282=CARTESIAN_POINT('',(-8.53861685091843,21.3121340226883,8.58535175597763));
#6283=CARTESIAN_POINT('',(-10.0403512334018,21.3121340226883,6.75548311642498));
#6284=CARTESIAN_POINT('',(-11.1562405486793,21.3121340226883,4.66780104541882));
#6285=CARTESIAN_POINT('',(-11.843401796163,21.3121340226883,2.40253399416248));
#6286=CARTESIAN_POINT('',(-12.0754277544763,21.3121340226883,0.0467349050592073));
#6287=CARTESIAN_POINT('',(-11.843401796163,21.3121340226883,-2.30906418404405));
#6288=CARTESIAN_POINT('',(-11.1562405486793,21.3121340226883,-4.57433123530045));
#6289=CARTESIAN_POINT('',(-10.0403512334018,21.3121340226883,-6.66201330630659));
#6290=CARTESIAN_POINT('',(-8.53861685091839,21.3121340226883,-8.49188194585923));
#6291=CARTESIAN_POINT('',(-6.70874821136575,21.3121340226883,-9.99361632834259));
#6292=CARTESIAN_POINT('',(-4.62106614035967,21.3121340226883,-11.1095056436201));
#6293=CARTESIAN_POINT('',(-2.35579908910324,21.3121340226883,-11.7966668911038));
#6294=CARTESIAN_POINT('',(1.61348311100738E-14,21.3121340226883,-12.0286928494171));
#6295=CARTESIAN_POINT('',(2.35579908910327,21.3121340226883,-11.7966668911038));
#6296=CARTESIAN_POINT('',(4.6210661403596,21.3121340226883,-11.1095056436201));
#6297=CARTESIAN_POINT('',(6.70874821136581,21.3121340226883,-9.99361632834255));
#6298=CARTESIAN_POINT('',(8.53861685091845,21.3121340226883,-8.49188194585918));
#6299=CARTESIAN_POINT('',(10.0403512334018,21.3121340226883,-6.66201330630651));
#6300=CARTESIAN_POINT('',(11.1562405486793,21.3121340226883,-4.57433123530045));
#6301=CARTESIAN_POINT('',(11.843401796163,21.3121340226883,-2.30906418404403));
#6302=CARTESIAN_POINT('',(12.0754277544763,21.3121340226883,0.0467349050592552));
#6303=CARTESIAN_POINT('',(11.843401796163,21.3121340226883,2.40253399416254));
#6304=CARTESIAN_POINT('',(11.1562405486793,21.3121340226883,4.66780104541887));
#6305=CARTESIAN_POINT('',(10.0403512334018,21.3121340226883,6.75548311642502));
#6306=CARTESIAN_POINT('',(8.53861685091845,21.3121340226883,8.58535175597761));
#6307=CARTESIAN_POINT('',(6.70874821136574,21.3121340226883,10.087086138461));
#6308=CARTESIAN_POINT('',(4.6210661403596,21.3121340226883,11.2029754537385));
#6309=CARTESIAN_POINT('',(2.35579908910319,21.3121340226883,11.8901367012222));
#6310=CARTESIAN_POINT('',(1.98058979540659E-14,21.3121340226883,12.1221626595355));
#6311=CARTESIAN_POINT('',(-2.35579908910328,21.3121340226883,11.8901367012222));
#6312=CARTESIAN_POINT('',(2.44313569965811,18.6762534824434,12.3292074925734));
#6313=CARTESIAN_POINT('',(2.67721103379098E-14,18.6762534824434,12.5698353562246));
#6314=CARTESIAN_POINT('',(-2.44313569965819,18.6762534824434,12.3292074925734));
#6315=CARTESIAN_POINT('',(-4.79238306450479,18.6762534824434,11.6165710954738));
#6316=CARTESIAN_POINT('',(-6.95746183578185,18.6762534824434,10.4593123820156));
#6317=CARTESIAN_POINT('',(-8.85516925049938,18.6762534824434,8.90190415555859));
#6318=CARTESIAN_POINT('',(-10.4125774769564,18.6762534824434,7.00419674084106));
#6319=CARTESIAN_POINT('',(-11.5698361904146,18.6762534824434,4.83911796956396));
#6320=CARTESIAN_POINT('',(-12.2824725875141,18.6762534824434,2.4898706047174));
#6321=CARTESIAN_POINT('',(-12.5231004511654,18.6762534824434,0.0467349050591982));
#6322=CARTESIAN_POINT('',(-12.2824725875141,18.6762534824434,-2.39640079459896));
#6323=CARTESIAN_POINT('',(-11.5698361904146,18.6762534824434,-4.74564815944559));
#6324=CARTESIAN_POINT('',(-10.4125774769563,18.6762534824434,-6.91072693072268));
#6325=CARTESIAN_POINT('',(-8.85516925049935,18.6762534824434,-8.80843434544019));
#6326=CARTESIAN_POINT('',(-6.95746183578185,18.6762534824434,-10.3658425718972));
#6327=CARTESIAN_POINT('',(-4.7923830645048,18.6762534824434,-11.5231012853554));
#6328=CARTESIAN_POINT('',(-2.44313569965815,18.6762534824434,-12.2357376824549));
#6329=CARTESIAN_POINT('',(1.96426350898547E-14,18.6762534824434,-12.4763655461062));
#6330=CARTESIAN_POINT('',(2.44313569965818,18.6762534824434,-12.2357376824549));
#6331=CARTESIAN_POINT('',(4.79238306450474,18.6762534824434,-11.5231012853554));
#6332=CARTESIAN_POINT('',(6.95746183578191,18.6762534824434,-10.3658425718972));
#6333=CARTESIAN_POINT('',(8.8551692504994,18.6762534824434,-8.80843434544014));
#6334=CARTESIAN_POINT('',(10.4125774769564,18.6762534824434,-6.91072693072259));
#6335=CARTESIAN_POINT('',(11.5698361904146,18.6762534824434,-4.74564815944559));
#6336=CARTESIAN_POINT('',(12.2824725875141,18.6762534824434,-2.39640079459896));
#6337=CARTESIAN_POINT('',(12.5231004511654,18.6762534824434,0.046734905059255));
#6338=CARTESIAN_POINT('',(12.2824725875141,18.6762534824434,2.48987060471746));
#6339=CARTESIAN_POINT('',(11.5698361904146,18.6762534824434,4.83911796956401));
#6340=CARTESIAN_POINT('',(10.4125774769564,18.6762534824434,7.0041967408411));
#6341=CARTESIAN_POINT('',(8.8551692504994,18.6762534824434,8.90190415555857));
#6342=CARTESIAN_POINT('',(6.95746183578182,18.6762534824434,10.4593123820156));
#6343=CARTESIAN_POINT('',(4.79238306450474,18.6762534824434,11.6165710954738));
#6344=CARTESIAN_POINT('',(2.44313569965811,18.6762534824434,12.3292074925734));
#6345=CARTESIAN_POINT('',(2.67721103379098E-14,18.6762534824434,12.5698353562246));
#6346=CARTESIAN_POINT('',(-2.44313569965819,18.6762534824434,12.3292074925734));
#6347=CARTESIAN_POINT('',(2.53555654718623,15.5856406652319,12.7938384692472));
#6348=CARTESIAN_POINT('',(2.2401153548047E-14,15.5856406652319,13.043568991871));
#6349=CARTESIAN_POINT('',(-2.53555654718632,15.5856406652319,12.7938384692472));
#6350=CARTESIAN_POINT('',(-4.97367307822073,15.5856406652319,12.0542439053097));
#6351=CARTESIAN_POINT('',(-7.22065414212715,15.5856406652319,10.8532075043811));
#6352=CARTESIAN_POINT('',(-9.1901495167411,15.5856406652319,9.2368844218003));
#6353=CARTESIAN_POINT('',(-10.8064725993219,15.5856406652319,7.26738904718634));
#6354=CARTESIAN_POINT('',(-12.0075090002505,15.5856406652319,5.02040798327991));
#6355=CARTESIAN_POINT('',(-12.747103564188,15.5856406652319,2.58229145224552));
#6356=CARTESIAN_POINT('',(-12.9968340868118,15.5856406652319,0.0467349050592106));
#6357=CARTESIAN_POINT('',(-12.747103564188,15.5856406652319,-2.4888216421271));
#6358=CARTESIAN_POINT('',(-12.0075090002504,15.5856406652319,-4.92693817316153));
#6359=CARTESIAN_POINT('',(-10.8064725993218,15.5856406652319,-7.17391923706797));
#6360=CARTESIAN_POINT('',(-9.19014951674106,15.5856406652319,-9.14341461168191));
#6361=CARTESIAN_POINT('',(-7.22065414212712,15.5856406652319,-10.7597376942627));
#6362=CARTESIAN_POINT('',(-4.97367307822075,15.5856406652319,-11.9607740951912));
#6363=CARTESIAN_POINT('',(-2.53555654718628,15.5856406652319,-12.7003686591288));
#6364=CARTESIAN_POINT('',(1.53944697577551E-14,15.5856406652319,-12.9500991817525));
#6365=CARTESIAN_POINT('',(2.53555654718632,15.5856406652319,-12.7003686591288));
#6366=CARTESIAN_POINT('',(4.97367307822068,15.5856406652319,-11.9607740951913));
#6367=CARTESIAN_POINT('',(7.22065414212718,15.5856406652319,-10.7597376942627));
#6368=CARTESIAN_POINT('',(9.19014951674112,15.5856406652319,-9.14341461168185));
#6369=CARTESIAN_POINT('',(10.8064725993219,15.5856406652319,-7.17391923706789));
#6370=CARTESIAN_POINT('',(12.0075090002504,15.5856406652319,-4.92693817316152));
#6371=CARTESIAN_POINT('',(12.747103564188,15.5856406652319,-2.48882164212708));
#6372=CARTESIAN_POINT('',(12.9968340868118,15.5856406652319,0.0467349050592545));
#6373=CARTESIAN_POINT('',(12.747103564188,15.5856406652319,2.58229145224558));
#6374=CARTESIAN_POINT('',(12.0075090002504,15.5856406652319,5.02040798327996));
#6375=CARTESIAN_POINT('',(10.8064725993219,15.5856406652319,7.26738904718639));
#6376=CARTESIAN_POINT('',(9.19014951674112,15.5856406652319,9.23688442180029));
#6377=CARTESIAN_POINT('',(7.22065414212711,15.5856406652319,10.8532075043811));
#6378=CARTESIAN_POINT('',(4.97367307822069,15.5856406652319,12.0542439053097));
#6379=CARTESIAN_POINT('',(2.53555654718623,15.5856406652319,12.7938384692472));
#6380=CARTESIAN_POINT('',(2.2401153548047E-14,15.5856406652319,13.043568991871));
#6381=CARTESIAN_POINT('',(-2.53555654718632,15.5856406652319,12.7938384692472));
#6382=CARTESIAN_POINT('',(2.63094093677999,11.8062478162024,13.2733681779843));
#6383=CARTESIAN_POINT('',(2.62940369390185E-14,11.8062478162024,13.5324932429975));
#6384=CARTESIAN_POINT('',(-2.63094093678009,11.8062478162024,13.2733681779843));
#6385=CARTESIAN_POINT('',(-5.16077628880836,11.8062478162024,12.5059510138738));
#6386=CARTESIAN_POINT('',(-7.49228590225444,11.8062478162024,11.2597331619106));
#6387=CARTESIAN_POINT('',(-9.5358711701992,11.8062478162024,9.5826060752584));
#6388=CARTESIAN_POINT('',(-11.2129982568514,11.8062478162024,7.53902080731364));
#6389=CARTESIAN_POINT('',(-12.4592161088147,11.8062478162024,5.20751119386752));
#6390=CARTESIAN_POINT('',(-13.2266332729251,11.8062478162024,2.67767584183929));
#6391=CARTESIAN_POINT('',(-13.4857583379383,11.8062478162024,0.0467349050592001));
#6392=CARTESIAN_POINT('',(-13.2266332729251,11.8062478162024,-2.58420603172085));
#6393=CARTESIAN_POINT('',(-12.4592161088146,11.8062478162024,-5.11404138374917));
#6394=CARTESIAN_POINT('',(-11.2129982568514,11.8062478162024,-7.44555099719526));
#6395=CARTESIAN_POINT('',(-9.53587117019916,11.8062478162024,-9.48913626514001));
#6396=CARTESIAN_POINT('',(-7.49228590225443,11.8062478162024,-11.1662633517922));
#6397=CARTESIAN_POINT('',(-5.16077628880838,11.8062478162024,-12.4124812037554));
#6398=CARTESIAN_POINT('',(-2.63094093678004,11.8062478162024,-13.1798983678659));
#6399=CARTESIAN_POINT('',(2.19343956009721E-14,11.8062478162024,-13.4390234328791));
#6400=CARTESIAN_POINT('',(2.63094093678008,11.8062478162024,-13.1798983678659));
#6401=CARTESIAN_POINT('',(5.16077628880832,11.8062478162024,-12.4124812037554));
#6402=CARTESIAN_POINT('',(7.49228590225448,11.8062478162024,-11.1662633517921));
#6403=CARTESIAN_POINT('',(9.53587117019923,11.8062478162024,-9.48913626513999));
#6404=CARTESIAN_POINT('',(11.2129982568514,11.8062478162024,-7.44555099719517));
#6405=CARTESIAN_POINT('',(12.4592161088146,11.8062478162024,-5.11404138374917));
#6406=CARTESIAN_POINT('',(13.2266332729251,11.8062478162024,-2.58420603172084));
#6407=CARTESIAN_POINT('',(13.4857583379383,11.8062478162024,0.0467349050592572));
#6408=CARTESIAN_POINT('',(13.2266332729251,11.8062478162024,2.67767584183936));
#6409=CARTESIAN_POINT('',(12.4592161088146,11.8062478162024,5.20751119386759));
#6410=CARTESIAN_POINT('',(11.2129982568514,11.8062478162024,7.53902080731368));
#6411=CARTESIAN_POINT('',(9.53587117019922,11.8062478162024,9.58260607525838));
#6412=CARTESIAN_POINT('',(7.4922859022544,11.8062478162024,11.2597331619106));
#6413=CARTESIAN_POINT('',(5.1607762888083,11.8062478162024,12.5059510138739));
#6414=CARTESIAN_POINT('',(2.63094093677999,11.8062478162024,13.2733681779843));
#6415=CARTESIAN_POINT('',(2.62940369390185E-14,11.8062478162024,13.5324932429975));
#6416=CARTESIAN_POINT('',(-2.63094093678009,11.8062478162024,13.2733681779843));
#6417=CARTESIAN_POINT('',(2.73888099955154,6.09156758816369,13.8160195183383));
#6418=CARTESIAN_POINT('',(3.02552165298317E-14,6.09156758816369,14.0857757516124));
#6419=CARTESIAN_POINT('',(-2.73888099955165,6.09156758816368,13.8160195183383));
#6420=CARTESIAN_POINT('',(-5.37250833827265,6.0915675881637,13.0171173992796));
#6421=CARTESIAN_POINT('',(-7.79967319449126,6.09156758816368,11.7197707548424));
#6422=CARTESIAN_POINT('',(-9.92710098395267,6.0915675881637,9.97383588901186));
#6423=CARTESIAN_POINT('',(-11.6730358497832,6.09156758816368,7.84640809955045));
#6424=CARTESIAN_POINT('',(-12.9703824942204,6.09156758816368,5.41924324333183));
#6425=CARTESIAN_POINT('',(-13.7692846132791,6.09156758816368,2.78561590461085));
#6426=CARTESIAN_POINT('',(-14.0390408465531,6.09156758816369,0.0467349050592016));
#6427=CARTESIAN_POINT('',(-13.7692846132791,6.09156758816369,-2.69214609449241));
#6428=CARTESIAN_POINT('',(-12.9703824942204,6.09156758816369,-5.32577343321348));
#6429=CARTESIAN_POINT('',(-11.6730358497831,6.09156758816369,-7.75293828943209));
#6430=CARTESIAN_POINT('',(-9.92710098395261,6.09156758816369,-9.88036607889346));
#6431=CARTESIAN_POINT('',(-7.79967319449124,6.09156758816368,-11.626300944724));
#6432=CARTESIAN_POINT('',(-5.37250833827268,6.09156758816369,-12.9236475891612));
#6433=CARTESIAN_POINT('',(-2.73888099955159,6.09156758816369,-13.7225497082199));
#6434=CARTESIAN_POINT('',(1.71275124749834E-14,6.09156758816368,-13.9923059414939));
#6435=CARTESIAN_POINT('',(2.73888099955165,6.09156758816368,-13.7225497082199));
#6436=CARTESIAN_POINT('',(5.3725083382726,6.0915675881637,-12.9236475891612));
#6437=CARTESIAN_POINT('',(7.79967319449131,6.09156758816369,-11.6263009447239));
#6438=CARTESIAN_POINT('',(9.92710098395269,6.09156758816368,-9.88036607889345));
#6439=CARTESIAN_POINT('',(11.6730358497832,6.0915675881637,-7.75293828943198));
#6440=CARTESIAN_POINT('',(12.9703824942204,6.09156758816368,-5.32577343321347));
#6441=CARTESIAN_POINT('',(13.7692846132791,6.0915675881637,-2.69214609449241));
#6442=CARTESIAN_POINT('',(14.0390408465532,6.09156758816368,0.0467349050592613));
#6443=CARTESIAN_POINT('',(13.7692846132791,6.09156758816368,2.78561590461092));
#6444=CARTESIAN_POINT('',(12.9703824942204,6.09156758816369,5.4192432433319));
#6445=CARTESIAN_POINT('',(11.6730358497832,6.0915675881637,7.8464080995505));
#6446=CARTESIAN_POINT('',(9.9271009839527,6.09156758816367,9.97383588901184));
#6447=CARTESIAN_POINT('',(7.79967319449122,6.09156758816369,11.7197707548424));
#6448=CARTESIAN_POINT('',(5.37250833827262,6.09156758816368,13.0171173992796));
#6449=CARTESIAN_POINT('',(2.73888099955154,6.09156758816369,13.8160195183383));
#6450=CARTESIAN_POINT('',(3.02552165298317E-14,6.09156758816369,14.0857757516124));
#6451=CARTESIAN_POINT('',(-2.73888099955165,6.09156758816368,13.8160195183383));
#6452=CARTESIAN_POINT('',(2.77341250948762,1.60387713945553,13.9896211419626));
#6453=CARTESIAN_POINT('',(2.59525559398105E-14,1.60387713945553,14.2627784321103));
#6454=CARTESIAN_POINT('',(-2.77341250948772,1.60387713945553,13.9896211419626));
#6455=CARTESIAN_POINT('',(-5.44024433158345,1.60387713945553,13.1806465529913));
#6456=CARTESIAN_POINT('',(-7.89801061494062,1.60387713945553,11.8669431049726));
#6457=CARTESIAN_POINT('',(-10.052260779621,1.60387713945552,10.0989956846802));
#6458=CARTESIAN_POINT('',(-11.8202081999134,1.60387713945553,7.94474551999981));
#6459=CARTESIAN_POINT('',(-13.1339116479321,1.60387713945553,5.48697923664262));
#6460=CARTESIAN_POINT('',(-13.9428862369034,1.60387713945553,2.8201474145469));
#6461=CARTESIAN_POINT('',(-14.2160435270511,1.60387713945553,0.0467349050592037));
#6462=CARTESIAN_POINT('',(-13.9428862369034,1.60387713945553,-2.72667760442848));
#6463=CARTESIAN_POINT('',(-13.1339116479321,1.60387713945553,-5.39350942652426));
#6464=CARTESIAN_POINT('',(-11.8202081999133,1.60387713945553,-7.85127570988144));
#6465=CARTESIAN_POINT('',(-10.0522607796209,1.60387713945553,-10.0055258745618));
#6466=CARTESIAN_POINT('',(-7.89801061494059,1.60387713945553,-11.7734732948541));
#6467=CARTESIAN_POINT('',(-5.44024433158348,1.60387713945552,-13.0871767428729));
#6468=CARTESIAN_POINT('',(-2.77341250948766,1.60387713945553,-13.8961513318442));
#6469=CARTESIAN_POINT('',(2.13922371045225E-14,1.60387713945552,-14.1693086219919));
#6470=CARTESIAN_POINT('',(2.77341250948771,1.60387713945553,-13.8961513318442));
#6471=CARTESIAN_POINT('',(5.44024433158339,1.60387713945553,-13.0871767428729));
#6472=CARTESIAN_POINT('',(7.89801061494066,1.60387713945552,-11.773473294854));
#6473=CARTESIAN_POINT('',(10.052260779621,1.60387713945553,-10.0055258745617));
#6474=CARTESIAN_POINT('',(11.8202081999134,1.60387713945552,-7.85127570988135));
#6475=CARTESIAN_POINT('',(13.1339116479321,1.60387713945553,-5.39350942652425));
#6476=CARTESIAN_POINT('',(13.9428862369034,1.60387713945552,-2.72667760442847));
#6477=CARTESIAN_POINT('',(14.2160435270511,1.60387713945554,0.0467349050592641));
#6478=CARTESIAN_POINT('',(13.9428862369034,1.60387713945553,2.82014741454697));
#6479=CARTESIAN_POINT('',(13.1339116479321,1.60387713945553,5.48697923664268));
#6480=CARTESIAN_POINT('',(11.8202081999133,1.60387713945553,7.94474551999987));
#6481=CARTESIAN_POINT('',(10.052260779621,1.60387713945553,10.0989956846802));
#6482=CARTESIAN_POINT('',(7.89801061494058,1.60387713945553,11.8669431049726));
#6483=CARTESIAN_POINT('',(5.44024433158339,1.60387713945553,13.1806465529913));
#6484=CARTESIAN_POINT('',(2.77341250948762,1.60387713945553,13.9896211419626));
#6485=CARTESIAN_POINT('',(2.59525559398105E-14,1.60387713945553,14.2627784321103));
#6486=CARTESIAN_POINT('',(-2.77341250948772,1.60387713945553,13.9896211419626));
#6487=CARTESIAN_POINT('',(2.7734142575727,-1.50000000298583,13.9896299301798));
#6488=CARTESIAN_POINT('',(2.6908702737593E-14,-1.50000000298583,14.2627873924989));
#6489=CARTESIAN_POINT('',(-2.7734142575728,-1.50000000298583,13.9896299301798));
#6490=CARTESIAN_POINT('',(-5.4402477605757,-1.50000000298583,13.1806548313109));
#6491=CARTESIAN_POINT('',(-7.89801559306577,-1.50000000298583,11.8669505552633));
#6492=CARTESIAN_POINT('',(-10.0522671155725,-1.50000000298582,10.0990020206317));
#6493=CARTESIAN_POINT('',(-11.8202156502041,-1.50000000298583,7.94475049812497));
#6494=CARTESIAN_POINT('',(-13.1339199262517,-1.50000000298583,5.48698266563487));
#6495=CARTESIAN_POINT('',(-13.9428950251206,-1.50000000298583,2.820149162632));
#6496=CARTESIAN_POINT('',(-14.2160524874397,-1.50000000298583,0.0467349050592022));
#6497=CARTESIAN_POINT('',(-13.9428950251206,-1.50000000298583,-2.72667935251357));
#6498=CARTESIAN_POINT('',(-13.1339199262517,-1.50000000298583,-5.39351285551652));
#6499=CARTESIAN_POINT('',(-11.8202156502041,-1.50000000298583,-7.8512806880066));
#6500=CARTESIAN_POINT('',(-10.0522671155724,-1.50000000298582,-10.0055322105133));
#6501=CARTESIAN_POINT('',(-7.89801559306576,-1.50000000298583,-11.7734807451449));
#6502=CARTESIAN_POINT('',(-5.44024776057573,-1.50000000298583,-13.0871850211925));
#6503=CARTESIAN_POINT('',(-2.77341425757275,-1.50000000298583,-13.8961601200614));
#6504=CARTESIAN_POINT('',(2.07238213590791E-14,-1.50000000298583,-14.1693175823805));
#6505=CARTESIAN_POINT('',(2.77341425757279,-1.50000000298583,-13.8961601200614));
#6506=CARTESIAN_POINT('',(5.44024776057565,-1.50000000298583,-13.0871850211925));
#6507=CARTESIAN_POINT('',(7.89801559306582,-1.50000000298583,-11.7734807451449));
#6508=CARTESIAN_POINT('',(10.0522671155725,-1.50000000298583,-10.0055322105133));
#6509=CARTESIAN_POINT('',(11.8202156502041,-1.50000000298583,-7.8512806880065));
#6510=CARTESIAN_POINT('',(13.1339199262517,-1.50000000298583,-5.39351285551651));
#6511=CARTESIAN_POINT('',(13.9428950251206,-1.50000000298583,-2.72667935251356));
#6512=CARTESIAN_POINT('',(14.2160524874397,-1.50000000298583,0.0467349050592601));
#6513=CARTESIAN_POINT('',(13.9428950251206,-1.50000000298583,2.82014916263208));
#6514=CARTESIAN_POINT('',(13.1339199262517,-1.50000000298583,5.48698266563494));
#6515=CARTESIAN_POINT('',(11.8202156502041,-1.50000000298583,7.94475049812503));
#6516=CARTESIAN_POINT('',(10.0522671155725,-1.50000000298583,10.0990020206317));
#6517=CARTESIAN_POINT('',(7.89801559306574,-1.50000000298583,11.8669505552634));
#6518=CARTESIAN_POINT('',(5.44024776057565,-1.50000000298583,13.1806548313109));
#6519=CARTESIAN_POINT('',(2.7734142575727,-1.50000000298583,13.9896299301798));
#6520=CARTESIAN_POINT('',(2.6908702737593E-14,-1.50000000298583,14.2627873924989));
#6521=CARTESIAN_POINT('',(-2.7734142575728,-1.50000000298583,13.9896299301798));
#6522=CARTESIAN_POINT('',(-0.867613912769547,36.4999999969731,8.80157015807237));
#6523=CARTESIAN_POINT('',(0.000384211102683998,36.4999999969731,8.84462653850685));
#6524=CARTESIAN_POINT('',(0.866077068358815,36.4999999969731,8.80154357353838));
#6525=CARTESIAN_POINT('',(1.71440720834344,36.4999999969731,8.67550362651419));
#6526=CARTESIAN_POINT('',(2.54927488737088,36.4999999969731,8.46711589743589));
#6527=CARTESIAN_POINT('',(3.64428337773979,36.4999999969731,8.07506621280189));
#6528=CARTESIAN_POINT('',(4.65016349296471,36.499999996973,7.53712836248441));
#6529=CARTESIAN_POINT('',(5.58164120893773,36.4999999969731,6.847277883321));
#6530=CARTESIAN_POINT('',(6.22223967478881,36.4999999969731,6.2661366258795));
#6531=CARTESIAN_POINT('',(6.79801811363245,36.4999999969731,5.63073331937827));
#6532=CARTESIAN_POINT('',(7.31226525930535,36.4999999969731,4.93892349784469));
#6533=CARTESIAN_POINT('',(7.76029835601029,36.4999999969731,4.1912730837702));
#6534=CARTESIAN_POINT('',(8.12702485566007,36.4999999969731,3.41506563749413));
#6535=CARTESIAN_POINT('',(8.41679911500516,36.4999999969731,2.60730749299613));
#6536=CARTESIAN_POINT('',(8.62897328884109,36.4999999969731,1.76244495453201));
#6537=CARTESIAN_POINT('',(8.75506947438326,36.4999999969731,0.908888181035292));
#6538=CARTESIAN_POINT('',(8.79753499670761,36.4999999969731,0.0524792359325582));
#6539=CARTESIAN_POINT('',(8.75599353383837,36.4999999969731,-0.810401026067078));
#6540=CARTESIAN_POINT('',(8.58555078375797,36.4999999969731,-1.95811797656996));
#6541=CARTESIAN_POINT('',(8.25517236469309,36.4999999969731,-3.04942428492129));
#6542=CARTESIAN_POINT('',(7.75881733984025,36.4999999969731,-4.10086530724003));
#6543=CARTESIAN_POINT('',(7.31580501516325,36.4999999969731,-4.83938320904773));
#6544=CARTESIAN_POINT('',(6.80541279805364,36.4999999969731,-5.52844702670807));
#6545=CARTESIAN_POINT('',(6.22452786923941,36.4999999969731,-6.17084463670682));
#6546=CARTESIAN_POINT('',(5.58103929560863,36.4999999969731,-6.75395809465855));
#6547=CARTESIAN_POINT('',(4.89230960319659,36.4999999969731,-7.26490166387571));
#6548=CARTESIAN_POINT('',(4.15525261493157,36.4999999969731,-7.70789190494737));
#6549=CARTESIAN_POINT('',(3.36691878506789,36.4999999969731,-8.08136809494501));
#6550=CARTESIAN_POINT('',(2.5572214028632,36.4999999969731,-8.37071213839835));
#6551=CARTESIAN_POINT('',(1.72562166575787,36.4999999969731,-8.58005917642879));
#6552=CARTESIAN_POINT('',(0.866650296689886,36.4999999969731,-8.70826923419838));
#6553=CARTESIAN_POINT('',(0.00173472218365929,36.4999999969731,-8.75088013520202));
#6554=CARTESIAN_POINT('',(-0.854733331172083,36.4999999969732,-8.70900786540506));
#6555=CARTESIAN_POINT('',(-1.7068561500716,36.4999999969731,-8.58398062046168));
#6556=CARTESIAN_POINT('',(-2.55281292716694,36.4999999969731,-8.3724643098766));
#6557=CARTESIAN_POINT('',(-3.36147470751055,36.4999999969731,-8.08313305341696));
#6558=CARTESIAN_POINT('',(-4.13746415119902,36.4999999969731,-7.71728390301997));
#6559=CARTESIAN_POINT('',(-4.88456091639763,36.4999999969731,-7.27064127075756));
#6560=CARTESIAN_POINT('',(-5.57827281000446,36.4999999969731,-6.7560529915433));
#6561=CARTESIAN_POINT('',(-6.21408142557094,36.4999999969731,-6.18073123590029));
#6562=CARTESIAN_POINT('',(-6.79455634121687,36.4999999969731,-5.54218905697303));
#6563=CARTESIAN_POINT('',(-7.48664299248857,36.4999999969731,-4.6096894669877));
#6564=CARTESIAN_POINT('',(-8.02492627313491,36.4999999969731,-3.60480933785687));
#6565=CARTESIAN_POINT('',(-8.41781555702443,36.4999999969731,-2.51106661266984));
#6566=CARTESIAN_POINT('',(-8.6273582572474,36.4999999969731,-1.67497076663661));
#6567=CARTESIAN_POINT('',(-8.75399951073115,36.4999999969731,-0.826885601643116));
#6568=CARTESIAN_POINT('',(-8.79789253387019,36.4999999969731,0.0369867414570739));
#6569=CARTESIAN_POINT('',(-8.75561305143356,36.4999999969731,0.905348032601591));
#6570=CARTESIAN_POINT('',(-8.63020207836235,36.4999999969731,1.7538059960628));
#6571=CARTESIAN_POINT('',(-8.42276777009913,36.4999999969731,2.58780966197893));
#6572=CARTESIAN_POINT('',(-8.12987120162406,36.4999999969731,3.40943906191982));
#6573=CARTESIAN_POINT('',(-7.76200151403507,36.4999999969731,4.18723562886136));
#6574=CARTESIAN_POINT('',(-7.17591130346413,36.4999999969731,5.16900285257571));
#6575=CARTESIAN_POINT('',(-6.43657084618879,36.4999999969731,6.07183138812886));
#6576=CARTESIAN_POINT('',(-5.58969006909976,36.4999999969731,6.83995340102938));
#6577=CARTESIAN_POINT('',(-4.89956550471835,36.4999999969731,7.35405426109421));
#6578=CARTESIAN_POINT('',(-4.15182847118291,36.4999999969731,7.80317047674611));
#6579=CARTESIAN_POINT('',(-3.37522908034359,36.4999999969731,8.17091876933632));
#6580=CARTESIAN_POINT('',(-2.56796766304782,36.499999996973,8.46121597027329));
#6581=CARTESIAN_POINT('',(-1.72533810658768,36.4999999969731,8.67378411995398));
#6582=CARTESIAN_POINT('',(-0.867613912769547,36.4999999969731,8.80157015807237));
#6583=CARTESIAN_POINT('',(0.000384211102683998,36.4999999969731,8.84462653850685));
#6584=CARTESIAN_POINT('',(0.866077068358815,36.4999999969731,8.80154357353838));
#6585=CARTESIAN_POINT('',(-2.40357834055743E-14,36.4999999969731,8.83026998093968));
#6586=CARTESIAN_POINT('',(9.36704502341751,30.5624999969731,4.04673490511042));
#6587=CARTESIAN_POINT('',(9.28351518330887,30.5624999969731,4.24232524105511));
#6588=CARTESIAN_POINT('',(9.15631991503935,30.534647546661,4.52983741214855));
#6589=CARTESIAN_POINT('',(8.98402142370306,30.4454875284122,4.90158465422841));
#6590=CARTESIAN_POINT('',(8.85314274402034,30.3515037789453,5.17632958319894));
#6591=CARTESIAN_POINT('',(8.7244864283509,30.2320791392696,5.44047458507383));
#6592=CARTESIAN_POINT('',(8.6005535414899,30.0888302025551,5.69130744653028));
#6593=CARTESIAN_POINT('',(8.48235765878509,29.9214093161743,5.92952416475448));
#6594=CARTESIAN_POINT('',(8.33370493379294,29.6613012881281,6.23246322823586));
#6595=CARTESIAN_POINT('',(8.21059179176793,29.3577859701979,6.49666868546249));
#6596=CARTESIAN_POINT('',(8.12388869334608,29.004794893074,6.72024433315949));
#6597=CARTESIAN_POINT('',(8.08302231300494,28.723722941746,6.85988099229646));
#6598=CARTESIAN_POINT('',(8.06821837283053,28.4308550853044,6.97008570234494));
#6599=CARTESIAN_POINT('',(8.08640046464518,28.017720898592,7.07826594348506));
#6600=CARTESIAN_POINT('',(8.14326582509188,27.70632526598,7.10923490511043));
#6601=CARTESIAN_POINT('',(8.19824544904487,27.4999999969731,7.10923490511043));
#6602=CARTESIAN_POINT('',(9.36704502341751,30.5624999969731,4.04673490511042));
#6603=CARTESIAN_POINT('',(8.19824544904488,27.4999999969731,7.10923490511042));
#6604=CARTESIAN_POINT('',(8.19824544908893,27.4999999969731,7.10923490505928));
#6605=CARTESIAN_POINT('',(8.72257503265923,25.5323175247995,7.10923490505928));
#6606=CARTESIAN_POINT('',(9.68170059448713,21.5823514625795,7.1092349050593));
#6607=CARTESIAN_POINT('',(10.8448391241739,15.612465774926,7.10923490505926));
#6608=CARTESIAN_POINT('',(11.689762374005,9.59068561933633,7.10923490505929));
#6609=CARTESIAN_POINT('',(12.0129566835993,5.53701204818201,7.10923490505928));
#6610=CARTESIAN_POINT('',(12.1121594227799,3.4999999969731,7.10923490505928));
#6611=CARTESIAN_POINT('',(12.1121594227799,3.4999999969731,7.10923490505928));
#6612=CARTESIAN_POINT('',(12.1121594227799,3.4999999969731,7.10923490505928));
#6613=CARTESIAN_POINT('',(12.122464534178,3.28839660492241,7.10923490506281));
#6614=CARTESIAN_POINT('',(12.1663337881112,2.87586701578598,7.06644014102827));
#6615=CARTESIAN_POINT('',(12.2969130711305,2.28066230332104,6.87827217411081));
#6616=CARTESIAN_POINT('',(12.4438154323533,1.84111640315101,6.63460974335662));
#6617=CARTESIAN_POINT('',(12.5783214553122,1.52226364918481,6.39134233626229));
#6618=CARTESIAN_POINT('',(12.6835844954218,1.30633598647269,6.1904141544835));
#6619=CARTESIAN_POINT('',(12.7928757962027,1.1107789998888,5.9702537204723));
#6620=CARTESIAN_POINT('',(12.9429757982385,0.877811596357138,5.65002988733513));
#6621=CARTESIAN_POINT('',(13.1276066475461,0.650760717729374,5.22000976625133));
#6622=CARTESIAN_POINT('',(13.3428864014026,0.476997938944668,4.64656695482652));
#6623=CARTESIAN_POINT('',(13.470708950294,0.43749999692195,4.2495422387441));
#6624=CARTESIAN_POINT('',(13.5306664118799,0.43749999692195,4.04673490505928));
#6625=CARTESIAN_POINT('',(13.5306664118791,0.437499996921952,4.04673490505928));
#6626=CARTESIAN_POINT('',(13.5306664118791,0.4374999969731,4.04673490505928));
#6627=CARTESIAN_POINT('',(13.7237515115275,0.437499996973099,3.39362062706629));
#6628=CARTESIAN_POINT('',(14.0110288179578,0.4374999969731,2.07511820006001));
#6629=CARTESIAN_POINT('',(14.1337000991585,0.437499996973093,0.401144744149708));
#6630=CARTESIAN_POINT('',(14.085886641228,0.437499996973092,-0.960419417737376));
#6631=CARTESIAN_POINT('',(13.9403571222645,0.437499996973089,-2.30823092983394));
#6632=CARTESIAN_POINT('',(13.7237548050135,0.437499996973093,-3.30013967667353));
#6633=CARTESIAN_POINT('',(13.530666411864,0.437499996973092,-3.9532650949919));
#6634=CARTESIAN_POINT('',(13.530666411864,0.437499996973091,-3.9532650949919));
#6635=CARTESIAN_POINT('',(13.530666411864,0.437499996973085,-3.9532650949919));
#6636=CARTESIAN_POINT('',(13.4706311110617,0.437499996973085,-4.15633572140706));
#6637=CARTESIAN_POINT('',(13.3747623009365,0.46751720176948,-4.45375873682105));
#6638=CARTESIAN_POINT('',(13.2366363740448,0.562521608793135,-4.8363295737047));
#6639=CARTESIAN_POINT('',(13.0910225756871,0.695802320751974,-5.2116952609788));
#6640=CARTESIAN_POINT('',(12.9059914139537,0.923126484438955,-5.64279454935914));
#6641=CARTESIAN_POINT('',(12.681111306094,1.29683214107582,-6.10763125640754));
#6642=CARTESIAN_POINT('',(12.4754926893439,1.7471756941234,-6.48834075752372));
#6643=CARTESIAN_POINT('',(12.2963609780347,2.28315216053879,-6.78566923575766));
#6644=CARTESIAN_POINT('',(12.1681571996557,2.86496349090282,-6.97057337799622));
#6645=CARTESIAN_POINT('',(12.1224814007692,3.28805026866026,-7.01576509499191));
#6646=CARTESIAN_POINT('',(12.1121594227501,3.49999999697308,-7.01576509499191));
#6647=CARTESIAN_POINT('',(12.1121594227799,3.49999999697308,-7.0157650949919));
#6648=CARTESIAN_POINT('',(12.1121594227799,3.49999999697308,-7.01576509494075));
#6649=CARTESIAN_POINT('',(12.0129566835994,5.53701204818199,-7.01576509494075));
#6650=CARTESIAN_POINT('',(11.6897623740051,9.59068561933632,-7.01576509494076));
#6651=CARTESIAN_POINT('',(10.844839124174,15.612465774926,-7.01576509494075));
#6652=CARTESIAN_POINT('',(9.68170059448723,21.5823514625795,-7.01576509494074));
#6653=CARTESIAN_POINT('',(8.7225750326593,25.5323175247995,-7.01576509494076));
#6654=CARTESIAN_POINT('',(8.19824544908901,27.4999999969731,-7.01576509494076));
#6655=CARTESIAN_POINT('',(8.19824544904496,27.4999999969731,-7.01576509494075));
#6656=CARTESIAN_POINT('',(8.19824544904496,27.4999999969731,-7.01576509499189));
#6657=CARTESIAN_POINT('',(8.14346995801075,27.7055592043675,-7.01576509499189));
#6658=CARTESIAN_POINT('',(8.08704037768877,28.0132609177856,-6.98544184626282));
#6659=CARTESIAN_POINT('',(8.06819903394883,28.4263303820271,-6.87805946264308));
#6660=CARTESIAN_POINT('',(8.08737531100454,28.8185946055803,-6.73126682078888));
#6661=CARTESIAN_POINT('',(8.16018472907229,29.1862766072201,-6.52404538736592));
#6662=CARTESIAN_POINT('',(8.27074906635469,29.5056191894808,-6.27426519079114));
#6663=CARTESIAN_POINT('',(8.40328433664724,29.7980634955364,-5.99487427561341));
#6664=CARTESIAN_POINT('',(8.59575369517017,30.0987852661392,-5.60816622379144));
#6665=CARTESIAN_POINT('',(8.8520868337523,30.36396897218,-5.08804312100029));
#6666=CARTESIAN_POINT('',(9.11197825456531,30.5248054269805,-4.53659984344449));
#6667=CARTESIAN_POINT('',(9.28369907634258,30.5624999969731,-4.14842483391656));
#6668=CARTESIAN_POINT('',(9.36704502341754,30.5624999969731,-3.95326509499189));
#6669=CARTESIAN_POINT('',(9.36704502341754,30.5624999969731,-3.95326509499189));
#6670=CARTESIAN_POINT('',(9.36704502341754,30.5624999969731,-3.95326509499189));
#6671=CARTESIAN_POINT('',(9.50269655848998,30.5624999969731,-3.6356285559811));
#6672=CARTESIAN_POINT('',(9.7393378299962,30.5624999969731,-2.99203908768553));
#6673=CARTESIAN_POINT('',(9.99440443249527,30.5624999969731,-2.00286581639241));
#6674=CARTESIAN_POINT('',(10.1500639030137,30.5624999969731,-0.989476890363279));
#6675=CARTESIAN_POINT('',(10.2200252964069,30.5624999969731,0.39254584876758));
#6676=CARTESIAN_POINT('',(10.0838906876111,30.5624999969732,1.7435784120104));
#6677=CARTESIAN_POINT('',(9.74100937770446,30.562499996973,3.08189244871296));
#6678=CARTESIAN_POINT('',(9.50269510715589,30.5624999969731,3.72910176448896));
#6679=CARTESIAN_POINT('',(9.36704502341751,30.5624999969731,4.04673490511042));
#6680=CARTESIAN_POINT('',(0.,50.4999999969731,0.0467349050592163));
#6681=CARTESIAN_POINT('',(0.,50.4999999969731,0.0467349050592163));
#6682=CARTESIAN_POINT('',(0.,50.4999999969731,0.0467349050592163));
#6683=CARTESIAN_POINT('',(0.,50.4999999969731,0.0467349050592163));
#6684=CARTESIAN_POINT('',(0.,50.4999999969731,0.0467349050592163));
#6685=CARTESIAN_POINT('',(0.,50.4999999969731,0.0467349050592163));
#6686=CARTESIAN_POINT('',(0.,50.4999999969731,0.0467349050592163));
#6687=CARTESIAN_POINT('',(0.,50.4999999969731,0.0467349050592163));
#6688=CARTESIAN_POINT('',(0.,50.4999999969731,0.0467349050592163));
#6689=CARTESIAN_POINT('',(0.,50.4999999969731,0.0467349050592163));
#6690=CARTESIAN_POINT('',(0.,50.4999999969731,0.0467349050592163));
#6691=CARTESIAN_POINT('',(0.,50.4999999969731,0.0467349050592163));
#6692=CARTESIAN_POINT('',(0.,50.4999999969731,0.0467349050592163));
#6693=CARTESIAN_POINT('',(0.,50.4999999969731,0.0467349050592163));
#6694=CARTESIAN_POINT('',(0.,50.4999999969731,0.0467349050592163));
#6695=CARTESIAN_POINT('',(0.,50.4999999969731,0.0467349050592163));
#6696=CARTESIAN_POINT('',(0.,50.4999999969731,0.0467349050592163));
#6697=CARTESIAN_POINT('',(0.,50.4999999969731,0.0467349050592163));
#6698=CARTESIAN_POINT('',(0.,50.4999999969731,0.0467349050592163));
#6699=CARTESIAN_POINT('',(0.,50.4999999969731,0.0467349050592163));
#6700=CARTESIAN_POINT('',(0.,50.4999999969731,0.0467349050592163));
#6701=CARTESIAN_POINT('',(0.,50.4999999969731,0.0467349050592163));
#6702=CARTESIAN_POINT('',(0.,50.4999999969731,0.0467349050592163));
#6703=CARTESIAN_POINT('',(0.,50.4999999969731,0.0467349050592163));
#6704=CARTESIAN_POINT('',(0.,50.4999999969731,0.0467349050592163));
#6705=CARTESIAN_POINT('',(0.,50.4999999969731,0.0467349050592163));
#6706=CARTESIAN_POINT('',(0.,50.4999999969731,0.0467349050592163));
#6707=CARTESIAN_POINT('',(0.,50.4999999969731,0.0467349050592163));
#6708=CARTESIAN_POINT('',(0.,50.4999999969731,0.0467349050592163));
#6709=CARTESIAN_POINT('',(0.,50.4999999969731,0.0467349050592163));
#6710=CARTESIAN_POINT('',(0.,50.4999999969731,0.0467349050592163));
#6711=CARTESIAN_POINT('',(0.,50.4999999969731,0.0467349050592163));
#6712=CARTESIAN_POINT('',(0.,50.4999999969731,0.0467349050592163));
#6713=CARTESIAN_POINT('',(0.,50.4999999969731,0.0467349050592163));
#6714=CARTESIAN_POINT('',(0.,50.4999999969731,0.0467349050592163));
#6715=CARTESIAN_POINT('',(0.465667176132036,50.5000000030269,2.38780188981455));
#6716=CARTESIAN_POINT('',(1.35738697185193E-15,50.5000000030269,2.43366610348916));
#6717=CARTESIAN_POINT('',(-0.46566717613204,50.5000000030269,2.38780188981455));
#6718=CARTESIAN_POINT('',(-0.913439023834487,50.5000000030269,2.25197178480128));
#6719=CARTESIAN_POINT('',(-1.32610792211348,50.5000000030269,2.03139566321061));
#6720=CARTESIAN_POINT('',(-1.68781523663554,50.5000000030269,1.73455014169476));
#6721=CARTESIAN_POINT('',(-1.98466075815139,50.5000000030269,1.3728428271727));
#6722=CARTESIAN_POINT('',(-2.20523687974206,50.5000000030269,0.960173928893702));
#6723=CARTESIAN_POINT('',(-2.34106698475532,50.5000000030269,0.512402081191256));
#6724=CARTESIAN_POINT('',(-2.38693119842994,50.5000000030269,0.0467349050592172));
#6725=CARTESIAN_POINT('',(-2.34106698475533,50.5000000030269,-0.418932271072824));
#6726=CARTESIAN_POINT('',(-2.20523687974206,50.5000000030269,-0.866704118775268));
#6727=CARTESIAN_POINT('',(-1.98466075815139,50.5000000030269,-1.27937301705426));
#6728=CARTESIAN_POINT('',(-1.68781523663554,50.5000000030269,-1.64108033157632));
#6729=CARTESIAN_POINT('',(-1.32610792211348,50.5000000030269,-1.93792585309217));
#6730=CARTESIAN_POINT('',(-0.913439023834487,50.5000000030269,-2.15850197468284));
#6731=CARTESIAN_POINT('',(-0.465667176132037,50.5000000030269,-2.29433207969611));
#6732=CARTESIAN_POINT('',(-1.30789609363478E-15,50.5000000030269,-2.34019629337072));
#6733=CARTESIAN_POINT('',(0.46566717613204,50.5000000030269,-2.29433207969611));
#6734=CARTESIAN_POINT('',(0.913439023834484,50.5000000030269,-2.15850197468284));
#6735=CARTESIAN_POINT('',(1.32610792211348,50.5000000030269,-1.93792585309217));
#6736=CARTESIAN_POINT('',(1.68781523663554,50.5000000030269,-1.64108033157633));
#6737=CARTESIAN_POINT('',(1.98466075815139,50.5000000030269,-1.27937301705425));
#6738=CARTESIAN_POINT('',(2.20523687974206,50.5000000030269,-0.866704118775274));
#6739=CARTESIAN_POINT('',(2.34106698475533,50.5000000030269,-0.418932271072816));
#6740=CARTESIAN_POINT('',(2.38693119842994,50.5000000030269,0.0467349050592134));
#6741=CARTESIAN_POINT('',(2.34106698475532,50.5000000030269,0.512402081191257));
#6742=CARTESIAN_POINT('',(2.20523687974206,50.5000000030269,0.960173928893701));
#6743=CARTESIAN_POINT('',(1.98466075815139,50.5000000030269,1.3728428271727));
#6744=CARTESIAN_POINT('',(1.68781523663554,50.5000000030269,1.73455014169476));
#6745=CARTESIAN_POINT('',(1.32610792211348,50.5000000030269,2.03139566321061));
#6746=CARTESIAN_POINT('',(0.913439023834482,50.5000000030269,2.25197178480128));
#6747=CARTESIAN_POINT('',(0.465667176132036,50.5000000030269,2.38780188981455));
#6748=CARTESIAN_POINT('',(1.35738697185193E-15,50.5000000030269,2.43366610348916));
#6749=CARTESIAN_POINT('',(-0.46566717613204,50.5000000030269,2.38780188981455));
#6750=CARTESIAN_POINT('',(0.961259558611971,48.0132172334701,4.87931304625268));
#6751=CARTESIAN_POINT('',(2.97289340486993E-15,48.0132172334701,4.97398884917086));
#6752=CARTESIAN_POINT('',(-0.96125955861198,48.0132172334701,4.87931304625268));
#6753=CARTESIAN_POINT('',(-1.88557845146707,48.0132172334701,4.59892397550948));
#6754=CARTESIAN_POINT('',(-2.73743562187686,48.0132172334701,4.14359683168592));
#6755=CARTESIAN_POINT('',(-3.48409467650951,48.0132172334701,3.53082958156873));
#6756=CARTESIAN_POINT('',(-4.0968619266267,48.0132172334701,2.78417052693608));
#6757=CARTESIAN_POINT('',(-4.55218907045026,48.0132172334701,1.93231335652629));
#6758=CARTESIAN_POINT('',(-4.83257814119346,48.0132172334701,1.0079944636712));
#6759=CARTESIAN_POINT('',(-4.92725394411165,48.0132172334701,0.046734905059218));
#6760=CARTESIAN_POINT('',(-4.83257814119346,48.0132172334701,-0.914524653552762));
#6761=CARTESIAN_POINT('',(-4.55218907045026,48.0132172334701,-1.83884354640784));
#6762=CARTESIAN_POINT('',(-4.0968619266267,48.0132172334701,-2.69070071681764));
#6763=CARTESIAN_POINT('',(-3.48409467650951,48.0132172334701,-3.43735977145029));
#6764=CARTESIAN_POINT('',(-2.73743562187686,48.0132172334701,-4.05012702156747));
#6765=CARTESIAN_POINT('',(-1.88557845146707,48.0132172334701,-4.50545416539104));
#6766=CARTESIAN_POINT('',(-0.961259558611973,48.0132172334701,-4.78584323613425));
#6767=CARTESIAN_POINT('',(-3.01789736447391E-15,48.0132172334701,-4.88051903905243));
#6768=CARTESIAN_POINT('',(0.961259558611981,48.0132172334701,-4.78584323613425));
#6769=CARTESIAN_POINT('',(1.88557845146707,48.0132172334701,-4.50545416539104));
#6770=CARTESIAN_POINT('',(2.73743562187687,48.0132172334701,-4.05012702156748));
#6771=CARTESIAN_POINT('',(3.4840946765095,48.0132172334701,-3.43735977145029));
#6772=CARTESIAN_POINT('',(4.0968619266267,48.0132172334701,-2.69070071681763));
#6773=CARTESIAN_POINT('',(4.55218907045026,48.0132172334701,-1.83884354640786));
#6774=CARTESIAN_POINT('',(4.83257814119348,48.0132172334701,-0.914524653552747));
#6775=CARTESIAN_POINT('',(4.92725394411165,48.0132172334701,0.0467349050592085));
#6776=CARTESIAN_POINT('',(4.83257814119346,48.0132172334701,1.0079944636712));
#6777=CARTESIAN_POINT('',(4.55218907045026,48.0132172334701,1.93231335652629));
#6778=CARTESIAN_POINT('',(4.09686192662669,48.0132172334701,2.78417052693609));
#6779=CARTESIAN_POINT('',(3.4840946765095,48.0132172334701,3.53082958156873));
#6780=CARTESIAN_POINT('',(2.73743562187686,48.0132172334701,4.14359683168592));
#6781=CARTESIAN_POINT('',(1.88557845146706,48.0132172334701,4.59892397550949));
#6782=CARTESIAN_POINT('',(0.961259558611971,48.0132172334701,4.87931304625268));
#6783=CARTESIAN_POINT('',(2.97289340486993E-15,48.0132172334701,4.97398884917086));
#6784=CARTESIAN_POINT('',(-0.96125955861198,48.0132172334701,4.87931304625268));
#6785=CARTESIAN_POINT('',(1.41527134464266,42.834200922977,7.16178442805537));
#6786=CARTESIAN_POINT('',(4.37095678986282E-15,42.834200922977,7.3011764889204));
#6787=CARTESIAN_POINT('',(-1.41527134464267,42.834200922977,7.16178442805537));
#6788=CARTESIAN_POINT('',(-2.77615460520403,42.834200922977,6.74896500418733));
#6789=CARTESIAN_POINT('',(-4.03035180117285,42.834200922977,6.07858263626374));
#6790=CARTESIAN_POINT('',(-5.12966483766992,42.834200922977,5.17639974272914));
#6791=CARTESIAN_POINT('',(-6.03184773120452,42.834200922977,4.07708670623207));
#6792=CARTESIAN_POINT('',(-6.70223009912811,42.834200922977,2.82288951026326));
#6793=CARTESIAN_POINT('',(-7.11504952299615,42.834200922977,1.46200624970189));
#6794=CARTESIAN_POINT('',(-7.25444158386119,42.834200922977,0.0467349050592183));
#6795=CARTESIAN_POINT('',(-7.11504952299615,42.834200922977,-1.36853643958345));
#6796=CARTESIAN_POINT('',(-6.70223009912811,42.834200922977,-2.72941970014482));
#6797=CARTESIAN_POINT('',(-6.03184773120452,42.834200922977,-3.98361689611363));
#6798=CARTESIAN_POINT('',(-5.12966483766992,42.834200922977,-5.0829299326107));
#6799=CARTESIAN_POINT('',(-4.03035180117285,42.834200922977,-5.9851128261453));
#6800=CARTESIAN_POINT('',(-2.77615460520404,42.834200922977,-6.65549519406889));
#6801=CARTESIAN_POINT('',(-1.41527134464266,42.834200922977,-7.06831461793693));
#6802=CARTESIAN_POINT('',(-3.70780141431858E-15,42.834200922977,-7.20770667880197));
#6803=CARTESIAN_POINT('',(1.41527134464267,42.834200922977,-7.06831461793692));
#6804=CARTESIAN_POINT('',(2.77615460520403,42.834200922977,-6.6554951940689));
#6805=CARTESIAN_POINT('',(4.03035180117286,42.834200922977,-5.98511282614529));
#6806=CARTESIAN_POINT('',(5.12966483766992,42.834200922977,-5.08292993261071));
#6807=CARTESIAN_POINT('',(6.03184773120453,42.834200922977,-3.98361689611362));
#6808=CARTESIAN_POINT('',(6.7022300991281,42.834200922977,-2.72941970014483));
#6809=CARTESIAN_POINT('',(7.11504952299615,42.834200922977,-1.36853643958343));
#6810=CARTESIAN_POINT('',(7.25444158386119,42.834200922977,0.0467349050592101));
#6811=CARTESIAN_POINT('',(7.11504952299615,42.834200922977,1.46200624970189));
#6812=CARTESIAN_POINT('',(6.70223009912811,42.834200922977,2.82288951026325));
#6813=CARTESIAN_POINT('',(6.03184773120452,42.834200922977,4.07708670623207));
#6814=CARTESIAN_POINT('',(5.12966483766992,42.834200922977,5.17639974272915));
#6815=CARTESIAN_POINT('',(4.03035180117285,42.834200922977,6.07858263626374));
#6816=CARTESIAN_POINT('',(2.77615460520403,42.834200922977,6.74896500418733));
#6817=CARTESIAN_POINT('',(1.41527134464266,42.834200922977,7.16178442805537));
#6818=CARTESIAN_POINT('',(4.37095678986282E-15,42.834200922977,7.3011764889204));
#6819=CARTESIAN_POINT('',(-1.41527134464267,42.834200922977,7.16178442805537));
#6820=CARTESIAN_POINT('',(1.62027795673579,39.7847721035888,8.19242226517811));
#6821=CARTESIAN_POINT('',(4.71243778907085E-15,39.7847721035888,8.35200571496569));
#6822=CARTESIAN_POINT('',(-1.6202779567358,39.7847721035888,8.1924222651781));
#6823=CARTESIAN_POINT('',(-3.1782895402566,39.7847721035888,7.71980461829524));
#6824=CARTESIAN_POINT('',(-4.61416123915064,39.7847721035888,6.9523152054398));
#6825=CARTESIAN_POINT('',(-5.87271330927556,39.7847721035888,5.91944821433477));
#6826=CARTESIAN_POINT('',(-6.90558030038058,39.7847721035888,4.66089614420986));
#6827=CARTESIAN_POINT('',(-7.67306971323603,39.7847721035888,3.22502444531582));
#6828=CARTESIAN_POINT('',(-8.14568736011888,39.7847721035888,1.66701286179502));
#6829=CARTESIAN_POINT('',(-8.30527080990647,39.7847721035888,0.0467349050592187));
#6830=CARTESIAN_POINT('',(-8.14568736011888,39.7847721035888,-1.57354305167659));
#6831=CARTESIAN_POINT('',(-7.67306971323602,39.7847721035888,-3.13155463519737));
#6832=CARTESIAN_POINT('',(-6.90558030038058,39.7847721035888,-4.56742633409142));
#6833=CARTESIAN_POINT('',(-5.87271330927556,39.7847721035888,-5.82597840421633));
#6834=CARTESIAN_POINT('',(-4.61416123915064,39.7847721035888,-6.85884539532136));
#6835=CARTESIAN_POINT('',(-3.1782895402566,39.7847721035888,-7.6263348081768));
#6836=CARTESIAN_POINT('',(-1.62027795673579,39.7847721035888,-8.09895245505967));
#6837=CARTESIAN_POINT('',(-4.76905674607521E-15,39.7847721035888,-8.25853590484725));
#6838=CARTESIAN_POINT('',(1.62027795673581,39.7847721035888,-8.09895245505967));
#6839=CARTESIAN_POINT('',(3.17828954025659,39.7847721035888,-7.6263348081768));
#6840=CARTESIAN_POINT('',(4.61416123915065,39.7847721035888,-6.85884539532135));
#6841=CARTESIAN_POINT('',(5.87271330927555,39.7847721035888,-5.82597840421634));
#6842=CARTESIAN_POINT('',(6.90558030038059,39.7847721035888,-4.5674263340914));
#6843=CARTESIAN_POINT('',(7.67306971323602,39.7847721035888,-3.13155463519739));
#6844=CARTESIAN_POINT('',(8.1456873601189,39.7847721035888,-1.57354305167656));
#6845=CARTESIAN_POINT('',(8.30527080990647,39.7847721035888,0.0467349050592065));
#6846=CARTESIAN_POINT('',(8.14568736011888,39.7847721035888,1.66701286179503));
#6847=CARTESIAN_POINT('',(7.67306971323603,39.7847721035888,3.22502444531581));
#6848=CARTESIAN_POINT('',(6.90558030038057,39.7847721035888,4.66089614420987));
#6849=CARTESIAN_POINT('',(5.87271330927555,39.7847721035888,5.91944821433478));
#6850=CARTESIAN_POINT('',(4.61416123915064,39.7847721035888,6.9523152054398));
#6851=CARTESIAN_POINT('',(3.17828954025658,39.7847721035888,7.71980461829525));
#6852=CARTESIAN_POINT('',(1.62027795673579,39.7847721035888,8.19242226517811));
#6853=CARTESIAN_POINT('',(4.71243778907085E-15,39.7847721035888,8.35200571496569));
#6854=CARTESIAN_POINT('',(-1.6202779567358,39.7847721035888,8.1924222651781));
#6855=CARTESIAN_POINT('',(1.76721855453056,37.1816133815241,8.93114253546833));
#6856=CARTESIAN_POINT('',(5.63443648693254E-15,37.1816133815241,9.10519837094286));
#6857=CARTESIAN_POINT('',(-1.76721855453057,37.1816133815241,8.93114253546832));
#6858=CARTESIAN_POINT('',(-3.46652389107812,37.1816133815241,8.41566389719037));
#6859=CARTESIAN_POINT('',(-5.03261265854053,37.1816133815241,7.57857201109426));
#6860=CARTESIAN_POINT('',(-6.40530094385692,37.1816133815241,6.45203584891614));
#6861=CARTESIAN_POINT('',(-7.53183710603504,37.1816133815241,5.07934756359975));
#6862=CARTESIAN_POINT('',(-8.36892899213115,37.1816133815241,3.51325879613734));
#6863=CARTESIAN_POINT('',(-8.8844076304091,37.1816133815241,1.81395345958979));
#6864=CARTESIAN_POINT('',(-9.05846346588364,37.1816133815241,0.0467349050592176));
#6865=CARTESIAN_POINT('',(-8.8844076304091,37.1816133815241,-1.72048364947135));
#6866=CARTESIAN_POINT('',(-8.36892899213115,37.1816133815241,-3.4197889860189));
#6867=CARTESIAN_POINT('',(-7.53183710603504,37.1816133815241,-4.9858777534813));
#6868=CARTESIAN_POINT('',(-6.40530094385692,37.1816133815241,-6.3585660387977));
#6869=CARTESIAN_POINT('',(-5.03261265854053,37.1816133815241,-7.48510220097583));
#6870=CARTESIAN_POINT('',(-3.46652389107812,37.1816133815241,-8.32219408707193));
#6871=CARTESIAN_POINT('',(-1.76721855453056,37.1816133815241,-8.83767272534989));
#6872=CARTESIAN_POINT('',(-4.82453040490078E-15,37.1816133815241,-9.01172856082442));
#6873=CARTESIAN_POINT('',(1.76721855453057,37.1816133815241,-8.83767272534989));
#6874=CARTESIAN_POINT('',(3.46652389107811,37.1816133815241,-8.32219408707194));
#6875=CARTESIAN_POINT('',(5.03261265854054,37.1816133815241,-7.48510220097582));
#6876=CARTESIAN_POINT('',(6.40530094385691,37.1816133815241,-6.3585660387977));
#6877=CARTESIAN_POINT('',(7.53183710603505,37.1816133815241,-4.9858777534813));
#6878=CARTESIAN_POINT('',(8.36892899213115,37.1816133815241,-3.41978898601891));
#6879=CARTESIAN_POINT('',(8.88440763040911,37.1816133815241,-1.72048364947133));
#6880=CARTESIAN_POINT('',(9.05846346588364,37.1816133815241,0.0467349050592066));
#6881=CARTESIAN_POINT('',(8.8844076304091,37.1816133815241,1.8139534595898));
#6882=CARTESIAN_POINT('',(8.36892899213115,37.1816133815241,3.51325879613734));
#6883=CARTESIAN_POINT('',(7.53183710603504,37.1816133815241,5.07934756359976));
#6884=CARTESIAN_POINT('',(6.40530094385691,37.1816133815241,6.45203584891615));
#6885=CARTESIAN_POINT('',(5.03261265854053,37.1816133815241,7.57857201109426));
#6886=CARTESIAN_POINT('',(3.46652389107811,37.1816133815241,8.41566389719037));
#6887=CARTESIAN_POINT('',(1.76721855453056,37.1816133815241,8.93114253546833));
#6888=CARTESIAN_POINT('',(5.63443648693254E-15,37.1816133815241,9.10519837094286));
#6889=CARTESIAN_POINT('',(-1.76721855453057,37.1816133815241,8.93114253546832));
#6890=CARTESIAN_POINT('',(1.8798837025558,34.9472301415995,9.49754848352184));
#6891=CARTESIAN_POINT('',(5.66858458685335E-15,34.9472301415995,9.68270086753481));
#6892=CARTESIAN_POINT('',(-1.87988370255582,34.9472301415995,9.49754848352183));
#6893=CARTESIAN_POINT('',(-3.68752452867334,34.9472301415995,8.94920663376584));
#6894=CARTESIAN_POINT('',(-5.35345585514152,34.9472301415995,8.05874778803933));
#6895=CARTESIAN_POINT('',(-6.81365687534925,34.9472301415995,6.86039178040847));
#6896=CARTESIAN_POINT('',(-8.01201288298011,34.9472301415995,5.40019076020074));
#6897=CARTESIAN_POINT('',(-8.90247172870662,34.9472301415995,3.73425943373256));
#6898=CARTESIAN_POINT('',(-9.45081357846261,34.9472301415995,1.92661860761503));
#6899=CARTESIAN_POINT('',(-9.63596596247559,34.9472301415995,0.0467349050592177));
#6900=CARTESIAN_POINT('',(-9.45081357846261,34.9472301415995,-1.8331487974966));
#6901=CARTESIAN_POINT('',(-8.90247172870662,34.9472301415995,-3.64078962361411));
#6902=CARTESIAN_POINT('',(-8.01201288298011,34.9472301415995,-5.3067209500823));
#6903=CARTESIAN_POINT('',(-6.81365687534925,34.9472301415995,-6.76692197029003));
#6904=CARTESIAN_POINT('',(-5.35345585514152,34.9472301415995,-7.96527797792089));
#6905=CARTESIAN_POINT('',(-3.68752452867334,34.9472301415995,-8.8557368236474));
#6906=CARTESIAN_POINT('',(-1.8798837025558,34.9472301415995,-9.40407867340339));
#6907=CARTESIAN_POINT('',(-5.11002217008505E-15,34.9472301415995,-9.58923105741637));
#6908=CARTESIAN_POINT('',(1.87988370255582,34.9472301415995,-9.40407867340339));
#6909=CARTESIAN_POINT('',(3.68752452867333,34.9472301415995,-8.85573682364741));
#6910=CARTESIAN_POINT('',(5.35345585514153,34.9472301415995,-7.96527797792087));
#6911=CARTESIAN_POINT('',(6.81365687534925,34.9472301415995,-6.76692197029004));
#6912=CARTESIAN_POINT('',(8.01201288298011,34.9472301415995,-5.30672095008228));
#6913=CARTESIAN_POINT('',(8.90247172870661,34.9472301415995,-3.64078962361413));
#6914=CARTESIAN_POINT('',(9.45081357846262,34.9472301415995,-1.83314879749657));
#6915=CARTESIAN_POINT('',(9.63596596247559,34.9472301415995,0.0467349050592057));
#6916=CARTESIAN_POINT('',(9.45081357846261,34.9472301415995,1.92661860761504));
#6917=CARTESIAN_POINT('',(8.90247172870663,34.9472301415995,3.73425943373255));
#6918=CARTESIAN_POINT('',(8.0120128829801,34.9472301415995,5.40019076020075));
#6919=CARTESIAN_POINT('',(6.81365687534925,34.9472301415995,6.86039178040847));
#6920=CARTESIAN_POINT('',(5.35345585514152,34.9472301415995,8.05874778803933));
#6921=CARTESIAN_POINT('',(3.68752452867332,34.9472301415995,8.94920663376585));
#6922=CARTESIAN_POINT('',(1.8798837025558,34.9472301415995,9.49754848352184));
#6923=CARTESIAN_POINT('',(5.66858458685335E-15,34.9472301415995,9.68270086753481));
#6924=CARTESIAN_POINT('',(-1.87988370255582,34.9472301415995,9.49754848352183));
#6925=CARTESIAN_POINT('',(1.97447010076708,32.9097311140344,9.97306641866735));
#6926=CARTESIAN_POINT('',(6.35154658526941E-15,32.9097311140344,10.1675347497786));
#6927=CARTESIAN_POINT('',(-1.9744701007671,32.9097311140344,9.97306641866735));
#6928=CARTESIAN_POINT('',(-3.8730624228573,32.9097311140344,9.39713473423891));
#6929=CARTESIAN_POINT('',(-5.62281512807553,32.9097311140344,8.46187242813975));
#6930=CARTESIAN_POINT('',(-7.15648620123287,32.9097311140344,7.20322110629209));
#6931=CARTESIAN_POINT('',(-8.41513752308053,32.9097311140344,5.66955003313475));
#6932=CARTESIAN_POINT('',(-9.35039982917969,32.9097311140344,3.91979732791652));
#6933=CARTESIAN_POINT('',(-9.92633151360813,32.9097311140344,2.02120500582631));
#6934=CARTESIAN_POINT('',(-10.1207998447194,32.9097311140344,0.0467349050592219));
#6935=CARTESIAN_POINT('',(-9.92633151360813,32.9097311140344,-1.92773519570788));
#6936=CARTESIAN_POINT('',(-9.35039982917969,32.9097311140344,-3.82632751779807));
#6937=CARTESIAN_POINT('',(-8.41513752308053,32.9097311140344,-5.57608022301631));
#6938=CARTESIAN_POINT('',(-7.15648620123287,32.9097311140344,-7.10975129617365));
#6939=CARTESIAN_POINT('',(-5.62281512807553,32.9097311140344,-8.36840261802131));
#6940=CARTESIAN_POINT('',(-3.87306242285731,32.9097311140344,-9.30366492412048));
#6941=CARTESIAN_POINT('',(-1.97447010076708,32.9097311140344,-9.87959660854891));
#6942=CARTESIAN_POINT('',(-5.71042759949115E-15,32.9097311140344,-10.0740649396602));
#6943=CARTESIAN_POINT('',(1.9744701007671,32.9097311140344,-9.87959660854891));
#6944=CARTESIAN_POINT('',(3.87306242285729,32.9097311140344,-9.30366492412048));
#6945=CARTESIAN_POINT('',(5.62281512807554,32.9097311140344,-8.3684026180213));
#6946=CARTESIAN_POINT('',(7.15648620123286,32.9097311140344,-7.10975129617366));
#6947=CARTESIAN_POINT('',(8.41513752308054,32.9097311140344,-5.5760802230163));
#6948=CARTESIAN_POINT('',(9.35039982917969,32.9097311140344,-3.82632751779809));
#6949=CARTESIAN_POINT('',(9.92633151360813,32.9097311140344,-1.92773519570785));
#6950=CARTESIAN_POINT('',(10.1207998447194,32.9097311140344,0.0467349050592049));
#6951=CARTESIAN_POINT('',(9.92633151360813,32.9097311140344,2.02120500582632));
#6952=CARTESIAN_POINT('',(9.35039982917969,32.9097311140344,3.91979732791652));
#6953=CARTESIAN_POINT('',(8.41513752308053,32.9097311140344,5.66955003313476));
#6954=CARTESIAN_POINT('',(7.15648620123286,32.9097311140344,7.20322110629209));
#6955=CARTESIAN_POINT('',(5.62281512807553,32.9097311140344,8.46187242813975));
#6956=CARTESIAN_POINT('',(3.87306242285729,32.9097311140344,9.39713473423892));
#6957=CARTESIAN_POINT('',(1.97447010076708,32.9097311140344,9.97306641866735));
#6958=CARTESIAN_POINT('',(6.35154658526941E-15,32.9097311140344,10.1675347497786));
#6959=CARTESIAN_POINT('',(-1.9744701007671,32.9097311140344,9.97306641866735));
#6960=CARTESIAN_POINT('',(2.06298628962161,30.8695336966408,10.4180673505882));
#6961=CARTESIAN_POINT('',(6.14665798574459E-15,30.8695336966408,10.6212537653596));
#6962=CARTESIAN_POINT('',(-2.06298628962163,30.8695336966408,10.4180673505882));
#6963=CARTESIAN_POINT('',(-4.04669317306914,30.8695336966408,9.81631644624536));
#6964=CARTESIAN_POINT('',(-5.87488790728728,30.8695336966408,8.83912600211915));
#6965=CARTESIAN_POINT('',(-7.47731399390347,30.8695336966408,7.52404889896269));
#6966=CARTESIAN_POINT('',(-8.79239109705993,30.8695336966408,5.9216228123465));
#6967=CARTESIAN_POINT('',(-9.76958154118614,30.8695336966408,4.09342807812836));
#6968=CARTESIAN_POINT('',(-10.371332445529,30.8695336966408,2.10972119468085));
#6969=CARTESIAN_POINT('',(-10.5745188603004,30.8695336966408,0.0467349050592188));
#6970=CARTESIAN_POINT('',(-10.371332445529,30.8695336966408,-2.01625138456241));
#6971=CARTESIAN_POINT('',(-9.76958154118613,30.8695336966408,-3.99995826800992));
#6972=CARTESIAN_POINT('',(-8.79239109705994,30.8695336966408,-5.82815300222806));
#6973=CARTESIAN_POINT('',(-7.47731399390347,30.8695336966408,-7.43057908884424));
#6974=CARTESIAN_POINT('',(-5.87488790728728,30.8695336966408,-8.74565619200072));
#6975=CARTESIAN_POINT('',(-4.04669317306915,30.8695336966408,-9.72284663612692));
#6976=CARTESIAN_POINT('',(-2.06298628962162,30.8695336966408,-10.3245975404698));
#6977=CARTESIAN_POINT('',(-5.63347426676974E-15,30.8695336966408,-10.5277839552412));
#6978=CARTESIAN_POINT('',(2.06298628962163,30.8695336966408,-10.3245975404698));
#6979=CARTESIAN_POINT('',(4.04669317306913,30.8695336966408,-9.72284663612691));
#6980=CARTESIAN_POINT('',(5.8748879072873,30.8695336966408,-8.74565619200071));
#6981=CARTESIAN_POINT('',(7.47731399390346,30.8695336966408,-7.43057908884426));
#6982=CARTESIAN_POINT('',(8.79239109705995,30.8695336966408,-5.82815300222804));
#6983=CARTESIAN_POINT('',(9.76958154118613,30.8695336966408,-3.99995826800994));
#6984=CARTESIAN_POINT('',(10.371332445529,30.8695336966408,-2.01625138456238));
#6985=CARTESIAN_POINT('',(10.5745188603004,30.8695336966408,0.0467349050592045));
#6986=CARTESIAN_POINT('',(10.371332445529,30.8695336966408,2.10972119468085));
#6987=CARTESIAN_POINT('',(9.76958154118613,30.8695336966408,4.09342807812836));
#6988=CARTESIAN_POINT('',(8.79239109705993,30.8695336966408,5.92162281234651));
#6989=CARTESIAN_POINT('',(7.47731399390346,30.8695336966408,7.52404889896269));
#6990=CARTESIAN_POINT('',(5.87488790728728,30.8695336966408,8.83912600211916));
#6991=CARTESIAN_POINT('',(4.04669317306912,30.8695336966408,9.81631644624536));
#6992=CARTESIAN_POINT('',(2.06298628962161,30.8695336966408,10.4180673505882));
#6993=CARTESIAN_POINT('',(6.14665798574459E-15,30.8695336966408,10.6212537653596));
#6994=CARTESIAN_POINT('',(-2.06298628962163,30.8695336966408,10.4180673505882));
#6995=CARTESIAN_POINT('',(2.14615307064659,28.8497230192885,10.8361749932681));
#6996=CARTESIAN_POINT('',(6.41984278511102E-15,28.8497230192885,11.0475526210153));
#6997=CARTESIAN_POINT('',(-2.14615307064661,28.8497230192885,10.8361749932681));
#6998=CARTESIAN_POINT('',(-4.20983068236479,28.8497230192885,10.2101652337186));
#6999=CARTESIAN_POINT('',(-6.11172686185993,28.8497230192885,9.19358054635626));
#7000=CARTESIAN_POINT('',(-7.7787528055497,28.8497230192885,7.82548771060892));
#7001=CARTESIAN_POINT('',(-9.14684564129704,28.8497230192885,6.15846176691915));
#7002=CARTESIAN_POINT('',(-10.1634303286594,28.8497230192885,4.25656558742401));
#7003=CARTESIAN_POINT('',(-10.7894400882089,28.8497230192885,2.19288797570583));
#7004=CARTESIAN_POINT('',(-11.0008177159561,28.8497230192885,0.0467349050592203));
#7005=CARTESIAN_POINT('',(-10.7894400882089,28.8497230192885,-2.0994181655874));
#7006=CARTESIAN_POINT('',(-10.1634303286594,28.8497230192885,-4.16309577730556));
#7007=CARTESIAN_POINT('',(-9.14684564129704,28.8497230192885,-6.0649919568007));
#7008=CARTESIAN_POINT('',(-7.7787528055497,28.8497230192885,-7.73201790049049));
#7009=CARTESIAN_POINT('',(-6.11172686185993,28.8497230192885,-9.10011073623781));
#7010=CARTESIAN_POINT('',(-4.20983068236479,28.8497230192885,-10.1166954236002));
#7011=CARTESIAN_POINT('',(-2.1461530706466,28.8497230192885,-10.7427051831497));
#7012=CARTESIAN_POINT('',(-6.24877697488889E-15,28.8497230192885,-10.954082810897));
#7013=CARTESIAN_POINT('',(2.14615307064662,28.8497230192885,-10.7427051831497));
#7014=CARTESIAN_POINT('',(4.20983068236478,28.8497230192885,-10.1166954236003));
#7015=CARTESIAN_POINT('',(6.11172686185994,28.8497230192885,-9.1001107362378));
#7016=CARTESIAN_POINT('',(7.7787528055497,28.8497230192885,-7.73201790049049));
#7017=CARTESIAN_POINT('',(9.14684564129704,28.8497230192885,-6.06499195680069));
#7018=CARTESIAN_POINT('',(10.1634303286594,28.8497230192885,-4.16309577730558));
#7019=CARTESIAN_POINT('',(10.7894400882089,28.8497230192885,-2.09941816558736));
#7020=CARTESIAN_POINT('',(11.0008177159561,28.8497230192885,0.046734905059204));
#7021=CARTESIAN_POINT('',(10.7894400882089,28.8497230192885,2.19288797570584));
#7022=CARTESIAN_POINT('',(10.1634303286595,28.8497230192885,4.256565587424));
#7023=CARTESIAN_POINT('',(9.14684564129703,28.8497230192885,6.15846176691916));
#7024=CARTESIAN_POINT('',(7.7787528055497,28.8497230192885,7.82548771060893));
#7025=CARTESIAN_POINT('',(6.11172686185992,28.8497230192885,9.19358054635625));
#7026=CARTESIAN_POINT('',(4.20983068236477,28.8497230192885,10.2101652337187));
#7027=CARTESIAN_POINT('',(2.14615307064659,28.8497230192885,10.8361749932681));
#7028=CARTESIAN_POINT('',(6.41984278511102E-15,28.8497230192885,11.0475526210153));
#7029=CARTESIAN_POINT('',(-2.14615307064661,28.8497230192885,10.8361749932681));
#7030=CARTESIAN_POINT('',(2.22477062839818,26.876266399673,11.2314121461271));
#7031=CARTESIAN_POINT('',(7.00036048376467E-15,26.876266399673,11.4505329274659));
#7032=CARTESIAN_POINT('',(-2.22477062839821,26.876266399673,11.2314121461271));
#7033=CARTESIAN_POINT('',(-4.36404456921281,26.876266399673,10.5824704908534));
#7034=CARTESIAN_POINT('',(-6.33561072461695,26.876266399673,9.52864642552622));
#7035=CARTESIAN_POINT('',(-8.0637029129255,26.876266399673,8.11043781798472));
#7036=CARTESIAN_POINT('',(-9.48191152046701,26.876266399673,6.38234562967617));
#7037=CARTESIAN_POINT('',(-10.5357355857942,26.876266399673,4.41077947427203));
#7038=CARTESIAN_POINT('',(-11.1846772410679,26.876266399673,2.27150553345742));
#7039=CARTESIAN_POINT('',(-11.4037980224067,26.876266399673,0.0467349050592193));
#7040=CARTESIAN_POINT('',(-11.1846772410679,26.876266399673,-2.17803572333898));
#7041=CARTESIAN_POINT('',(-10.5357355857942,26.876266399673,-4.31730966415359));
#7042=CARTESIAN_POINT('',(-9.48191152046701,26.876266399673,-6.28887581955773));
#7043=CARTESIAN_POINT('',(-8.06370291292551,26.876266399673,-8.01696800786628));
#7044=CARTESIAN_POINT('',(-6.33561072461696,26.876266399673,-9.4351766154078));
#7045=CARTESIAN_POINT('',(-4.36404456921282,26.876266399673,-10.489000680735));
#7046=CARTESIAN_POINT('',(-2.22477062839819,26.876266399673,-11.1379423360087));
#7047=CARTESIAN_POINT('',(-6.24947126849843E-15,26.876266399673,-11.3570631173475));
#7048=CARTESIAN_POINT('',(2.22477062839821,26.876266399673,-11.1379423360087));
#7049=CARTESIAN_POINT('',(4.3640445692128,26.876266399673,-10.489000680735));
#7050=CARTESIAN_POINT('',(6.33561072461697,26.876266399673,-9.43517661540778));
#7051=CARTESIAN_POINT('',(8.06370291292549,26.876266399673,-8.01696800786629));
#7052=CARTESIAN_POINT('',(9.48191152046702,26.876266399673,-6.28887581955772));
#7053=CARTESIAN_POINT('',(10.5357355857942,26.876266399673,-4.3173096641536));
#7054=CARTESIAN_POINT('',(11.1846772410679,26.876266399673,-2.17803572333895));
#7055=CARTESIAN_POINT('',(11.4037980224067,26.876266399673,0.0467349050592036));
#7056=CARTESIAN_POINT('',(11.1846772410679,26.876266399673,2.27150553345743));
#7057=CARTESIAN_POINT('',(10.5357355857942,26.876266399673,4.41077947427202));
#7058=CARTESIAN_POINT('',(9.481911520467,26.876266399673,6.38234562967619));
#7059=CARTESIAN_POINT('',(8.06370291292549,26.876266399673,8.11043781798472));
#7060=CARTESIAN_POINT('',(6.33561072461695,26.876266399673,9.52864642552623));
#7061=CARTESIAN_POINT('',(4.36404456921279,26.876266399673,10.5824704908534));
#7062=CARTESIAN_POINT('',(2.22477062839818,26.876266399673,11.2314121461271));
#7063=CARTESIAN_POINT('',(7.00036048376467E-15,26.876266399673,11.4505329274659));
#7064=CARTESIAN_POINT('',(-2.22477062839821,26.876266399673,11.2314121461271));
#7065=CARTESIAN_POINT('',(2.2989159050246,24.9488721365195,11.6041656234657));
#7066=CARTESIAN_POINT('',(7.3076933830519E-15,24.9488721365195,11.8305890771517));
#7067=CARTESIAN_POINT('',(-2.29891590502462,24.9488721365195,11.6041656234657));
#7068=CARTESIAN_POINT('',(-4.50948576106603,24.9488721365195,10.9335965887532));
#7069=CARTESIAN_POINT('',(-6.54675860825843,24.9488721365195,9.84465156495868));
#7070=CARTESIAN_POINT('',(-8.33244319359999,24.9488721365195,8.3791780986592));
#7071=CARTESIAN_POINT('',(-9.79791665989947,24.9488721365195,6.59349351331766));
#7072=CARTESIAN_POINT('',(-10.886861683694,24.9488721365195,4.55622066612525));
#7073=CARTESIAN_POINT('',(-11.5574307184065,24.9488721365195,2.34565081008384));
#7074=CARTESIAN_POINT('',(-11.7838541720925,24.9488721365195,0.0467349050592192));
#7075=CARTESIAN_POINT('',(-11.5574307184065,24.9488721365195,-2.2521809999654));
#7076=CARTESIAN_POINT('',(-10.886861683694,24.9488721365195,-4.46275085600681));
#7077=CARTESIAN_POINT('',(-9.79791665989947,24.9488721365195,-6.50002370319921));
#7078=CARTESIAN_POINT('',(-8.33244319359998,24.9488721365195,-8.28570828854076));
#7079=CARTESIAN_POINT('',(-6.54675860825843,24.9488721365195,-9.75118175484024));
#7080=CARTESIAN_POINT('',(-4.50948576106604,24.9488721365195,-10.8401267786348));
#7081=CARTESIAN_POINT('',(-2.2989159050246,24.9488721365195,-11.5106958133473));
#7082=CARTESIAN_POINT('',(-6.28516829712764E-15,24.9488721365195,-11.7371192670333));
#7083=CARTESIAN_POINT('',(2.29891590502462,24.9488721365195,-11.5106958133473));
#7084=CARTESIAN_POINT('',(4.50948576106603,24.9488721365195,-10.8401267786348));
#7085=CARTESIAN_POINT('',(6.54675860825845,24.9488721365195,-9.75118175484024));
#7086=CARTESIAN_POINT('',(8.33244319359998,24.9488721365195,-8.28570828854078));
#7087=CARTESIAN_POINT('',(9.79791665989948,24.9488721365195,-6.50002370319919));
#7088=CARTESIAN_POINT('',(10.886861683694,24.9488721365195,-4.46275085600683));
#7089=CARTESIAN_POINT('',(11.5574307184065,24.9488721365195,-2.25218099996537));
#7090=CARTESIAN_POINT('',(11.7838541720925,24.9488721365195,0.0467349050592042));
#7091=CARTESIAN_POINT('',(11.5574307184065,24.9488721365195,2.34565081008384));
#7092=CARTESIAN_POINT('',(10.886861683694,24.9488721365195,4.55622066612525));
#7093=CARTESIAN_POINT('',(9.79791665989946,24.9488721365195,6.59349351331766));
#7094=CARTESIAN_POINT('',(8.33244319359998,24.9488721365195,8.37917809865921));
#7095=CARTESIAN_POINT('',(6.54675860825843,24.9488721365195,9.84465156495868));
#7096=CARTESIAN_POINT('',(4.50948576106602,24.9488721365195,10.9335965887532));
#7097=CARTESIAN_POINT('',(2.2989159050246,24.9488721365195,11.6041656234657));
#7098=CARTESIAN_POINT('',(7.3076933830519E-15,24.9488721365195,11.8305890771517));
#7099=CARTESIAN_POINT('',(-2.29891590502462,24.9488721365195,11.6041656234657));
#7100=CARTESIAN_POINT('',(2.36852523164049,23.0621433138183,11.9541153401821));
#7101=CARTESIAN_POINT('',(7.64917438225994E-15,23.0621433138183,12.1873947141332));
#7102=CARTESIAN_POINT('',(-2.36852523164051,23.0621433138183,11.9541153401821));
#7103=CARTESIAN_POINT('',(-4.64602936691333,23.0621433138183,11.263242013845));
#7104=CARTESIAN_POINT('',(-6.74498919913896,23.0621433138183,10.141324609607));
#7105=CARTESIAN_POINT('',(-8.58474287907519,23.0621433138183,8.63147778413442));
#7106=CARTESIAN_POINT('',(-10.0945897045478,23.0621433138183,6.79172410419818));
#7107=CARTESIAN_POINT('',(-11.2165071087858,23.0621433138183,4.69276427197255));
#7108=CARTESIAN_POINT('',(-11.9073804351229,23.0621433138183,2.41526013669973));
#7109=CARTESIAN_POINT('',(-12.140659809074,23.0621433138183,0.04673490505922));
#7110=CARTESIAN_POINT('',(-11.9073804351229,23.0621433138183,-2.32179032658129));
#7111=CARTESIAN_POINT('',(-11.2165071087858,23.0621433138183,-4.59929446185411));
#7112=CARTESIAN_POINT('',(-10.0945897045479,23.0621433138183,-6.69825429407973));
#7113=CARTESIAN_POINT('',(-8.58474287907519,23.0621433138183,-8.53800797401598));
#7114=CARTESIAN_POINT('',(-6.74498919913896,23.0621433138183,-10.0478547994887));
#7115=CARTESIAN_POINT('',(-4.64602936691334,23.0621433138183,-11.1697722037267));
#7116=CARTESIAN_POINT('',(-2.3685252316405,23.0621433138183,-11.8606455300637));
#7117=CARTESIAN_POINT('',(-6.47894922931368E-15,23.0621433138183,-12.0939249040148));
#7118=CARTESIAN_POINT('',(2.36852523164051,23.0621433138183,-11.8606455300637));
#7119=CARTESIAN_POINT('',(4.64602936691333,23.0621433138183,-11.1697722037267));
#7120=CARTESIAN_POINT('',(6.74498919913897,23.0621433138183,-10.0478547994886));
#7121=CARTESIAN_POINT('',(8.58474287907519,23.0621433138183,-8.53800797401599));
#7122=CARTESIAN_POINT('',(10.0945897045479,23.0621433138183,-6.69825429407972));
#7123=CARTESIAN_POINT('',(11.2165071087858,23.0621433138183,-4.59929446185413));
#7124=CARTESIAN_POINT('',(11.9073804351229,23.0621433138183,-2.32179032658126));
#7125=CARTESIAN_POINT('',(12.140659809074,23.0621433138183,0.0467349050592032));
#7126=CARTESIAN_POINT('',(11.9073804351229,23.0621433138183,2.41526013669974));
#7127=CARTESIAN_POINT('',(11.2165071087859,23.0621433138183,4.69276427197255));
#7128=CARTESIAN_POINT('',(10.0945897045478,23.0621433138183,6.79172410419819));
#7129=CARTESIAN_POINT('',(8.58474287907519,23.0621433138183,8.63147778413443));
#7130=CARTESIAN_POINT('',(6.74498919913896,23.0621433138183,10.141324609607));
#7131=CARTESIAN_POINT('',(4.64602936691331,23.0621433138183,11.2632420138451));
#7132=CARTESIAN_POINT('',(2.36852523164049,23.0621433138183,11.9541153401821));
#7133=CARTESIAN_POINT('',(7.64917438225994E-15,23.0621433138183,12.1873947141332));
#7134=CARTESIAN_POINT('',(-2.36852523164051,23.0621433138183,11.9541153401821));
#7135=CARTESIAN_POINT('',(2.44079868775092,21.0064337475744,12.3174585403185));
#7136=CARTESIAN_POINT('',(7.58087818241833E-15,21.0064337475744,12.5578562283874));
#7137=CARTESIAN_POINT('',(-2.44079868775095,21.0064337475744,12.3174585403185));
#7138=CARTESIAN_POINT('',(-4.7877988507473,21.0064337475744,11.6055038244476));
#7139=CARTESIAN_POINT('',(-6.95080658893796,21.0064337475744,10.449352101237));
#7140=CARTESIAN_POINT('',(-8.84669872797298,21.0064337475744,8.8934336330322));
#7141=CARTESIAN_POINT('',(-10.4026171961778,21.0064337475744,6.99754149399718));
#7142=CARTESIAN_POINT('',(-11.5587689193884,21.0064337475744,4.83453375580652));
#7143=CARTESIAN_POINT('',(-12.2707236352593,21.0064337475744,2.48753359281017));
#7144=CARTESIAN_POINT('',(-12.5111213233282,21.0064337475744,0.046734905059219));
#7145=CARTESIAN_POINT('',(-12.2707236352593,21.0064337475744,-2.39406378269173));
#7146=CARTESIAN_POINT('',(-11.5587689193884,21.0064337475744,-4.74106394568807));
#7147=CARTESIAN_POINT('',(-10.4026171961778,21.0064337475744,-6.90407168387873));
#7148=CARTESIAN_POINT('',(-8.84669872797298,21.0064337475744,-8.79996382291375));
#7149=CARTESIAN_POINT('',(-6.95080658893796,21.0064337475744,-10.3558822911186));
#7150=CARTESIAN_POINT('',(-4.7877988507473,21.0064337475744,-11.5120340143292));
#7151=CARTESIAN_POINT('',(-2.44079868775093,21.0064337475744,-12.2239887302001));
#7152=CARTESIAN_POINT('',(-7.28992639886497E-15,21.0064337475744,-12.464386418269));
#7153=CARTESIAN_POINT('',(2.44079868775095,21.0064337475744,-12.2239887302001));
#7154=CARTESIAN_POINT('',(4.78779885074729,21.0064337475744,-11.5120340143292));
#7155=CARTESIAN_POINT('',(6.95080658893798,21.0064337475744,-10.3558822911186));
#7156=CARTESIAN_POINT('',(8.84669872797297,21.0064337475744,-8.79996382291377));
#7157=CARTESIAN_POINT('',(10.4026171961778,21.0064337475744,-6.90407168387871));
#7158=CARTESIAN_POINT('',(11.5587689193884,21.0064337475744,-4.74106394568809));
#7159=CARTESIAN_POINT('',(12.2707236352593,21.0064337475744,-2.39406378269169));
#7160=CARTESIAN_POINT('',(12.5111213233282,21.0064337475744,0.0467349050592026));
#7161=CARTESIAN_POINT('',(12.2707236352593,21.0064337475744,2.48753359281017));
#7162=CARTESIAN_POINT('',(11.5587689193884,21.0064337475744,4.83453375580651));
#7163=CARTESIAN_POINT('',(10.4026171961778,21.0064337475744,6.99754149399719));
#7164=CARTESIAN_POINT('',(8.84669872797297,21.0064337475744,8.8934336330322));
#7165=CARTESIAN_POINT('',(6.95080658893796,21.0064337475744,10.449352101237));
#7166=CARTESIAN_POINT('',(4.78779885074728,21.0064337475744,11.6055038244476));
#7167=CARTESIAN_POINT('',(2.44079868775092,21.0064337475744,12.3174585403185));
#7168=CARTESIAN_POINT('',(7.58087818241833E-15,21.0064337475744,12.5578562283874));
#7169=CARTESIAN_POINT('',(-2.44079868775095,21.0064337475744,12.3174585403185));
#7170=CARTESIAN_POINT('',(2.52037124540482,18.5896223497584,12.7174968019014));
#7171=CARTESIAN_POINT('',(7.99065538146797E-15,18.5896223497584,12.9657317028423));
#7172=CARTESIAN_POINT('',(-2.52037124540484,18.5896223497584,12.7174968019014));
#7173=CARTESIAN_POINT('',(-4.94388603728925,18.5896223497584,11.9823316271099));
#7174=CARTESIAN_POINT('',(-7.17741006132386,18.5896223497584,10.7884881638498));
#7175=CARTESIAN_POINT('',(-9.13511024183974,18.5896223497584,9.18184514689896));
#7176=CARTESIAN_POINT('',(-10.7417532587906,18.5896223497584,7.22414496638309));
#7177=CARTESIAN_POINT('',(-11.9355967220507,18.5896223497584,4.99062094234847));
#7178=CARTESIAN_POINT('',(-12.6707618968422,18.5896223497584,2.56710615046406));
#7179=CARTESIAN_POINT('',(-12.9189967977831,18.5896223497584,0.0467349050592192));
#7180=CARTESIAN_POINT('',(-12.6707618968422,18.5896223497584,-2.47363634034562));
#7181=CARTESIAN_POINT('',(-11.9355967220507,18.5896223497584,-4.89715113223003));
#7182=CARTESIAN_POINT('',(-10.7417532587906,18.5896223497584,-7.13067515626464));
#7183=CARTESIAN_POINT('',(-9.13511024183974,18.5896223497584,-9.08837533678052));
#7184=CARTESIAN_POINT('',(-7.17741006132387,18.5896223497584,-10.6950183537314));
#7185=CARTESIAN_POINT('',(-4.94388603728926,18.5896223497584,-11.8888618169915));
#7186=CARTESIAN_POINT('',(-2.52037124540482,18.5896223497584,-12.624026991783));
#7187=CARTESIAN_POINT('',(-7.19262498948433E-15,18.5896223497584,-12.8722618927239));
#7188=CARTESIAN_POINT('',(2.52037124540484,18.5896223497584,-12.624026991783));
#7189=CARTESIAN_POINT('',(4.94388603728924,18.5896223497584,-11.8888618169915));
#7190=CARTESIAN_POINT('',(7.17741006132388,18.5896223497584,-10.6950183537314));
#7191=CARTESIAN_POINT('',(9.13511024183973,18.5896223497584,-9.08837533678053));
#7192=CARTESIAN_POINT('',(10.7417532587906,18.5896223497584,-7.13067515626462));
#7193=CARTESIAN_POINT('',(11.9355967220507,18.5896223497584,-4.89715113223005));
#7194=CARTESIAN_POINT('',(12.6707618968422,18.5896223497584,-2.47363634034559));
#7195=CARTESIAN_POINT('',(12.9189967977831,18.5896223497584,0.0467349050592038));
#7196=CARTESIAN_POINT('',(12.6707618968422,18.5896223497584,2.56710615046406));
#7197=CARTESIAN_POINT('',(11.9355967220507,18.5896223497584,4.99062094234846));
#7198=CARTESIAN_POINT('',(10.7417532587906,18.5896223497584,7.22414496638309));
#7199=CARTESIAN_POINT('',(9.13511024183973,18.5896223497584,9.18184514689897));
#7200=CARTESIAN_POINT('',(7.17741006132387,18.5896223497584,10.7884881638498));
#7201=CARTESIAN_POINT('',(4.94388603728923,18.5896223497584,11.9823316271099));
#7202=CARTESIAN_POINT('',(2.52037124540482,18.5896223497584,12.7174968019014));
#7203=CARTESIAN_POINT('',(7.99065538146797E-15,18.5896223497584,12.9657317028423));
#7204=CARTESIAN_POINT('',(-2.52037124540484,18.5896223497584,12.7174968019014));
#7205=CARTESIAN_POINT('',(2.60822147269148,15.634555027184,13.1591497189319));
#7206=CARTESIAN_POINT('',(8.332136380676E-15,15.634555027184,13.4160371120435));
#7207=CARTESIAN_POINT('',(-2.60822147269151,15.634555027184,13.1591497189319));
#7208=CARTESIAN_POINT('',(-5.11621045689493,15.634555027184,12.39835957805));
#7209=CARTESIAN_POINT('',(-7.42758634244377,15.634555027184,11.162903427856));
#7210=CARTESIAN_POINT('',(-9.4535242502909,15.634555027184,9.50025915535012));
#7211=CARTESIAN_POINT('',(-11.1161685227968,15.634555027184,7.47432124750299));
#7212=CARTESIAN_POINT('',(-12.3516246729908,15.634555027184,5.16294536195416));
#7213=CARTESIAN_POINT('',(-13.1124148138727,15.634555027184,2.65495637775073));
#7214=CARTESIAN_POINT('',(-13.3693022069843,15.634555027184,0.0467349050592202));
#7215=CARTESIAN_POINT('',(-13.1124148138727,15.634555027184,-2.56148656763229));
#7216=CARTESIAN_POINT('',(-12.3516246729908,15.634555027184,-5.06947555183571));
#7217=CARTESIAN_POINT('',(-11.1161685227968,15.634555027184,-7.38085143738455));
#7218=CARTESIAN_POINT('',(-9.4535242502909,15.634555027184,-9.40678934523168));
#7219=CARTESIAN_POINT('',(-7.42758634244377,15.634555027184,-11.0694336177376));
#7220=CARTESIAN_POINT('',(-5.11621045689494,15.634555027184,-12.3048897679316));
#7221=CARTESIAN_POINT('',(-2.60822147269149,15.634555027184,-13.0656799088135));
#7222=CARTESIAN_POINT('',(-7.63834863207737E-15,15.634555027184,-13.3225673019251));
#7223=CARTESIAN_POINT('',(2.60822147269151,15.634555027184,-13.0656799088135));
#7224=CARTESIAN_POINT('',(5.11621045689493,15.634555027184,-12.3048897679316));
#7225=CARTESIAN_POINT('',(7.42758634244378,15.634555027184,-11.0694336177376));
#7226=CARTESIAN_POINT('',(9.45352425029089,15.634555027184,-9.40678934523169));
#7227=CARTESIAN_POINT('',(11.1161685227968,15.634555027184,-7.38085143738453));
#7228=CARTESIAN_POINT('',(12.3516246729908,15.634555027184,-5.06947555183573));
#7229=CARTESIAN_POINT('',(13.1124148138727,15.634555027184,-2.56148656763225));
#7230=CARTESIAN_POINT('',(13.3693022069843,15.634555027184,0.0467349050592025));
#7231=CARTESIAN_POINT('',(13.1124148138727,15.634555027184,2.65495637775073));
#7232=CARTESIAN_POINT('',(12.3516246729908,15.634555027184,5.16294536195415));
#7233=CARTESIAN_POINT('',(11.1161685227968,15.634555027184,7.474321247503));
#7234=CARTESIAN_POINT('',(9.45352425029089,15.634555027184,9.50025915535013));
#7235=CARTESIAN_POINT('',(7.42758634244376,15.634555027184,11.162903427856));
#7236=CARTESIAN_POINT('',(5.11621045689492,15.634555027184,12.39835957805));
#7237=CARTESIAN_POINT('',(2.60822147269148,15.634555027184,13.1591497189319));
#7238=CARTESIAN_POINT('',(8.332136380676E-15,15.634555027184,13.4160371120435));
#7239=CARTESIAN_POINT('',(-2.60822147269151,15.634555027184,13.1591497189319));
#7240=CARTESIAN_POINT('',(2.77966441064037,8.87572803211754,14.0210515715284));
#7241=CARTESIAN_POINT('',(9.03518549669254E-15,8.87572803211754,14.2948246201943));
#7242=CARTESIAN_POINT('',(-2.7796644106404,8.87572803211754,14.0210515715284));
#7243=CARTESIAN_POINT('',(-5.45250787683363,8.87572803211755,13.2102533702571));
#7244=CARTESIAN_POINT('',(-7.91581452312181,8.87572803211754,11.8935885365545));
#7245=CARTESIAN_POINT('',(-10.0749208565263,8.87572803211755,10.1216557615855));
#7246=CARTESIAN_POINT('',(-11.8468536314953,8.87572803211754,7.96254942818103));
#7247=CARTESIAN_POINT('',(-13.1635184651979,8.87572803211754,5.49924278189285));
#7248=CARTESIAN_POINT('',(-13.9743166664692,8.87572803211754,2.82639931569962));
#7249=CARTESIAN_POINT('',(-14.2480897151351,8.87572803211754,0.0467349050592167));
#7250=CARTESIAN_POINT('',(-13.9743166664692,8.87572803211754,-2.73292950558117));
#7251=CARTESIAN_POINT('',(-13.1635184651979,8.87572803211754,-5.40577297177442));
#7252=CARTESIAN_POINT('',(-11.8468536314953,8.87572803211755,-7.86907961806257));
#7253=CARTESIAN_POINT('',(-10.0749208565263,8.87572803211754,-10.0281859514671));
#7254=CARTESIAN_POINT('',(-7.91581452312181,8.87572803211754,-11.8001187264361));
#7255=CARTESIAN_POINT('',(-5.45250787683364,8.87572803211754,-13.1167835601387));
#7256=CARTESIAN_POINT('',(-2.77966441064037,8.87572803211754,-13.92758176141));
#7257=CARTESIAN_POINT('',(-8.38553192205465E-15,8.87572803211754,-14.2013548100759));
#7258=CARTESIAN_POINT('',(2.7796644106404,8.87572803211754,-13.92758176141));
#7259=CARTESIAN_POINT('',(5.45250787683363,8.87572803211755,-13.1167835601387));
#7260=CARTESIAN_POINT('',(7.91581452312182,8.87572803211754,-11.800118726436));
#7261=CARTESIAN_POINT('',(10.0749208565263,8.87572803211754,-10.0281859514672));
#7262=CARTESIAN_POINT('',(11.8468536314953,8.87572803211755,-7.86907961806255));
#7263=CARTESIAN_POINT('',(13.1635184651979,8.87572803211754,-5.40577297177445));
#7264=CARTESIAN_POINT('',(13.9743166664692,8.87572803211755,-2.73292950558114));
#7265=CARTESIAN_POINT('',(14.2480897151351,8.87572803211754,0.0467349050592018));
#7266=CARTESIAN_POINT('',(13.9743166664692,8.87572803211754,2.82639931569962));
#7267=CARTESIAN_POINT('',(13.1635184651979,8.87572803211754,5.49924278189285));
#7268=CARTESIAN_POINT('',(11.8468536314953,8.87572803211755,7.96254942818104));
#7269=CARTESIAN_POINT('',(10.0749208565263,8.87572803211754,10.1216557615855));
#7270=CARTESIAN_POINT('',(7.91581452312181,8.87572803211754,11.8935885365545));
#7271=CARTESIAN_POINT('',(5.45250787683361,8.87572803211754,13.2102533702571));
#7272=CARTESIAN_POINT('',(2.77966441064037,8.87572803211754,14.0210515715284));
#7273=CARTESIAN_POINT('',(9.03518549669254E-15,8.87572803211754,14.2948246201943));
#7274=CARTESIAN_POINT('',(-2.7796644106404,8.87572803211754,14.0210515715284));
#7275=CARTESIAN_POINT('',(2.84704472469027,3.2560586437258,14.3597952853433));
#7276=CARTESIAN_POINT('',(9.42487557814171E-15,3.25605864372581,14.6402047156986));
#7277=CARTESIAN_POINT('',(-2.8470447246903,3.2560586437258,14.3597952853433));
#7278=CARTESIAN_POINT('',(-5.58467911725181,3.25605864372581,13.5293429714303));
#7279=CARTESIAN_POINT('',(-8.10769742326148,3.2560586437258,12.1807615906605));
#7280=CARTESIAN_POINT('',(-10.3191414641443,3.2560586437258,10.3658763692035));
#7281=CARTESIAN_POINT('',(-12.1340266856013,3.2560586437258,8.15443232832069));
#7282=CARTESIAN_POINT('',(-13.4826080663711,3.2560586437258,5.63141402231104));
#7283=CARTESIAN_POINT('',(-14.3130603802841,3.2560586437258,2.89377962974951));
#7284=CARTESIAN_POINT('',(-14.5934698106394,3.25605864372581,0.0467349050592195));
#7285=CARTESIAN_POINT('',(-14.3130603802841,3.2560586437258,-2.80030981963107));
#7286=CARTESIAN_POINT('',(-13.4826080663711,3.2560586437258,-5.5379442121926));
#7287=CARTESIAN_POINT('',(-12.1340266856013,3.2560586437258,-8.06096251820226));
#7288=CARTESIAN_POINT('',(-10.3191414641443,3.25605864372581,-10.2724065590851));
#7289=CARTESIAN_POINT('',(-8.10769742326148,3.2560586437258,-12.0872917805421));
#7290=CARTESIAN_POINT('',(-5.58467911725182,3.2560586437258,-13.4358731613119));
#7291=CARTESIAN_POINT('',(-2.84704472469028,3.2560586437258,-14.2663254752249));
#7292=CARTESIAN_POINT('',(-7.9919461779611E-15,3.2560586437258,-14.5467349055802));
#7293=CARTESIAN_POINT('',(2.8470447246903,3.2560586437258,-14.2663254752249));
#7294=CARTESIAN_POINT('',(5.5846791172518,3.25605864372581,-13.4358731613119));
#7295=CARTESIAN_POINT('',(8.1076974232615,3.2560586437258,-12.087291780542));
#7296=CARTESIAN_POINT('',(10.3191414641443,3.25605864372581,-10.2724065590851));
#7297=CARTESIAN_POINT('',(12.1340266856013,3.2560586437258,-8.06096251820224));
#7298=CARTESIAN_POINT('',(13.4826080663711,3.2560586437258,-5.53794421219261));
#7299=CARTESIAN_POINT('',(14.3130603802841,3.2560586437258,-2.80030981963105));
#7300=CARTESIAN_POINT('',(14.5934698106394,3.25605864372581,0.0467349050592066));
#7301=CARTESIAN_POINT('',(14.3130603802841,3.2560586437258,2.89377962974951));
#7302=CARTESIAN_POINT('',(13.4826080663711,3.25605864372581,5.63141402231103));
#7303=CARTESIAN_POINT('',(12.1340266856013,3.25605864372581,8.15443232832072));
#7304=CARTESIAN_POINT('',(10.3191414641443,3.2560586437258,10.3658763692035));
#7305=CARTESIAN_POINT('',(8.10769742326148,3.2560586437258,12.1807615906605));
#7306=CARTESIAN_POINT('',(5.58467911725179,3.2560586437258,13.5293429714303));
#7307=CARTESIAN_POINT('',(2.84704472469027,3.2560586437258,14.3597952853433));
#7308=CARTESIAN_POINT('',(9.42487557814171E-15,3.25605864372581,14.6402047156986));
#7309=CARTESIAN_POINT('',(-2.8470447246903,3.2560586437258,14.3597952853433));
#7310=CARTESIAN_POINT('',(2.84704472458797,-1.50000000302691,14.359795284829));
#7311=CARTESIAN_POINT('',(9.15169077877528E-15,-1.50000000302691,14.6402047151743));
#7312=CARTESIAN_POINT('',(-2.847044724588,-1.50000000302691,14.359795284829));
#7313=CARTESIAN_POINT('',(-5.58467911705116,-1.50000000302691,13.5293429709459));
#7314=CARTESIAN_POINT('',(-8.10769742297017,-1.50000000302691,12.1807615902245));
#7315=CARTESIAN_POINT('',(-10.3191414637735,-1.50000000302691,10.3658763688327));
#7316=CARTESIAN_POINT('',(-12.1340266851653,-1.50000000302691,8.1544323280294));
#7317=CARTESIAN_POINT('',(-13.4826080658867,-1.50000000302691,5.63141402211038));
#7318=CARTESIAN_POINT('',(-14.3130603797698,-1.50000000302691,2.89377962964722));
#7319=CARTESIAN_POINT('',(-14.5934698101151,-1.50000000302691,0.0467349050592195));
#7320=CARTESIAN_POINT('',(-14.3130603797698,-1.50000000302691,-2.80030981952878));
#7321=CARTESIAN_POINT('',(-13.4826080658867,-1.50000000302691,-5.53794421199194));
#7322=CARTESIAN_POINT('',(-12.1340266851653,-1.50000000302691,-8.06096251791095));
#7323=CARTESIAN_POINT('',(-10.3191414637735,-1.50000000302691,-10.2724065587143));
#7324=CARTESIAN_POINT('',(-8.10769742297018,-1.50000000302691,-12.0872917801061));
#7325=CARTESIAN_POINT('',(-5.58467911705117,-1.50000000302691,-13.4358731608275));
#7326=CARTESIAN_POINT('',(-2.84704472458798,-1.50000000302691,-14.2663254747106));
#7327=CARTESIAN_POINT('',(-7.99191991462046E-15,-1.50000000302691,-14.5467349050559));
#7328=CARTESIAN_POINT('',(2.847044724588,-1.50000000302691,-14.2663254747106));
#7329=CARTESIAN_POINT('',(5.58467911705115,-1.50000000302691,-13.4358731608275));
#7330=CARTESIAN_POINT('',(8.10769742297019,-1.50000000302691,-12.0872917801061));
#7331=CARTESIAN_POINT('',(10.3191414637735,-1.50000000302691,-10.2724065587144));
#7332=CARTESIAN_POINT('',(12.1340266851653,-1.50000000302691,-8.06096251791093));
#7333=CARTESIAN_POINT('',(13.4826080658867,-1.50000000302691,-5.53794421199196));
#7334=CARTESIAN_POINT('',(14.3130603797698,-1.50000000302691,-2.80030981952874));
#7335=CARTESIAN_POINT('',(14.5934698101151,-1.50000000302691,0.0467349050592016));
#7336=CARTESIAN_POINT('',(14.3130603797698,-1.50000000302691,2.89377962964723));
#7337=CARTESIAN_POINT('',(13.4826080658867,-1.50000000302691,5.63141402211038));
#7338=CARTESIAN_POINT('',(12.1340266851653,-1.50000000302691,8.15443232802941));
#7339=CARTESIAN_POINT('',(10.3191414637735,-1.50000000302691,10.3658763688328));
#7340=CARTESIAN_POINT('',(8.10769742297017,-1.50000000302691,12.1807615902245));
#7341=CARTESIAN_POINT('',(5.58467911705114,-1.50000000302691,13.5293429709459));
#7342=CARTESIAN_POINT('',(2.84704472458797,-1.50000000302691,14.359795284829));
#7343=CARTESIAN_POINT('',(9.15169077877528E-15,-1.50000000302691,14.6402047151743));
#7344=CARTESIAN_POINT('',(-2.847044724588,-1.50000000302691,14.359795284829));
#7345=CARTESIAN_POINT('',(-0.905930146249706,36.4999999968839,9.18820897348849));
#7346=CARTESIAN_POINT('',(0.000401180683452121,36.4999999973058,9.2331624175657));
#7347=CARTESIAN_POINT('',(0.904325423515914,36.499999996884,9.18818118643374));
#7348=CARTESIAN_POINT('',(1.79011920375326,36.4999999969969,9.05657076566558));
#7349=CARTESIAN_POINT('',(2.6618574518907,36.4999999969668,8.83898414858558));
#7350=CARTESIAN_POINT('',(3.80522342921562,36.4999999969767,8.42961675302799));
#7351=CARTESIAN_POINT('',(4.8555260927966,36.4999999969725,7.86792210715223));
#7352=CARTESIAN_POINT('',(5.82814369646216,36.4999999969732,7.1476082075813));
#7353=CARTESIAN_POINT('',(6.49702927656365,36.4999999969731,6.54079966555047));
#7354=CARTESIAN_POINT('',(7.09823880005087,36.4999999969731,5.87733809401478));
#7355=CARTESIAN_POINT('',(7.63519303299332,36.4999999969731,5.15497318502839));
#7356=CARTESIAN_POINT('',(8.10301596135023,36.4999999969731,4.37430701243216));
#7357=CARTESIAN_POINT('',(8.48593368592608,36.4999999969731,3.56381901861047));
#7358=CARTESIAN_POINT('',(8.78850901911056,36.4999999969731,2.72039046013305));
#7359=CARTESIAN_POINT('',(9.01004907543632,36.4999999969731,1.83821615903997));
#7360=CARTESIAN_POINT('',(9.14171858181455,36.4999999969731,0.946963804124677));
#7361=CARTESIAN_POINT('',(9.18605522083773,36.4999999969731,0.0527329445379581));
#7362=CARTESIAN_POINT('',(9.14268314657135,36.4999999969731,-0.848255089538112));
#7363=CARTESIAN_POINT('',(8.96470919130949,36.4999999969731,-2.04665773603307));
#7364=CARTESIAN_POINT('',(8.61974022520507,36.4999999969731,-3.18615931834213));
#7365=CARTESIAN_POINT('',(8.10146785914134,36.4999999969731,-4.28403699204336));
#7366=CARTESIAN_POINT('',(7.63888782191669,36.4999999969731,-5.05516682307292));
#7367=CARTESIAN_POINT('',(7.10595896700282,36.4999999969731,-5.77466372519314));
#7368=CARTESIAN_POINT('',(6.49941761330771,36.4999999969731,-6.44542803563978));
#7369=CARTESIAN_POINT('',(5.82751373995298,36.4999999969731,-7.05429662831662));
#7370=CARTESIAN_POINT('',(5.10836555481017,36.4999999969731,-7.58780102713556));
#7371=CARTESIAN_POINT('',(4.33876092006824,36.4999999969731,-8.0503584077267));
#7372=CARTESIAN_POINT('',(3.5156103931765,36.4999999969731,-8.44032434461404));
#7373=CARTESIAN_POINT('',(2.67015533694144,36.4999999969731,-8.74245103314915));
#7374=CARTESIAN_POINT('',(1.80182820162076,36.4999999969731,-8.9610392215227));
#7375=CARTESIAN_POINT('',(0.904922056346232,36.4999999969731,-9.09491569599941));
#7376=CARTESIAN_POINT('',(0.00181002498413586,36.4999999969731,-9.13940377995549));
#7377=CARTESIAN_POINT('',(-0.892482234967405,36.4999999969732,-9.09568662385262));
#7378=CARTESIAN_POINT('',(-1.78223680715072,36.4999999969731,-8.9651332510208));
#7379=CARTESIAN_POINT('',(-2.66555403177672,36.4999999969731,-8.74427997130869));
#7380=CARTESIAN_POINT('',(-3.50992610317987,36.4999999969731,-8.4421671138998));
#7381=CARTESIAN_POINT('',(-4.32018639866349,36.4999999969731,-8.06016541077707));
#7382=CARTESIAN_POINT('',(-5.10027407260602,36.4999999969731,-7.59379453963013));
#7383=CARTESIAN_POINT('',(-5.82462545684232,36.4999999969731,-7.05648373899109));
#7384=CARTESIAN_POINT('',(-6.48851038356318,36.4999999969731,-6.4557508215512));
#7385=CARTESIAN_POINT('',(-7.09462378370584,36.4999999969731,-5.78901134597736));
#7386=CARTESIAN_POINT('',(-7.81727167842769,36.4999999969731,-4.81532750691403));
#7387=CARTESIAN_POINT('',(-8.37932703663173,36.4999999969731,-3.76606885750118));
#7388=CARTESIAN_POINT('',(-8.78957107037305,36.4999999969731,-2.62402388501438));
#7389=CARTESIAN_POINT('',(-9.00836337072466,36.4999999969731,-1.75100369672328));
#7390=CARTESIAN_POINT('',(-9.14060152165308,36.4999999969731,-0.865465749352891));
#7391=CARTESIAN_POINT('',(-9.18642845770631,36.4999999969731,0.0365575068239312));
#7392=CARTESIAN_POINT('',(-9.14228607621696,36.4999999969731,0.943268040392144));
#7393=CARTESIAN_POINT('',(-9.01133223571808,36.4999999969731,1.82919501503113));
#7394=CARTESIAN_POINT('',(-8.79474146907848,36.4999999969731,2.70003086341842));
#7395=CARTESIAN_POINT('',(-8.48890584189197,36.4999999969731,3.55794400755918));
#7396=CARTESIAN_POINT('',(-8.1047933807032,36.4999999969731,4.37009252372439));
#7397=CARTESIAN_POINT('',(-7.4928156237604,36.4999999969731,5.39521622286633));
#7398=CARTESIAN_POINT('',(-6.7208242235992,36.4999999969731,6.33791523801776));
#7399=CARTESIAN_POINT('',(-5.83654527382316,36.4999999969731,7.13996252594647));
#7400=CARTESIAN_POINT('',(-5.11594006698007,36.4999999969732,7.67676432327598));
#7401=CARTESIAN_POINT('',(-4.33518320855858,36.4999999969726,8.14571808326414));
#7402=CARTESIAN_POINT('',(-3.5242860147802,36.4999999969748,8.52970259467623));
#7403=CARTESIAN_POINT('',(-2.68137600521073,36.4999999969667,8.83282387572645));
#7404=CARTESIAN_POINT('',(-1.80153328971332,36.499999996997,9.05477515988492));
#7405=CARTESIAN_POINT('',(-0.905930146249706,36.4999999968839,9.18820897348849));
#7406=CARTESIAN_POINT('',(0.000401180683452121,36.4999999973058,9.2331624175657));
#7407=CARTESIAN_POINT('',(0.904325423515914,36.499999996884,9.18818118643374));
#7408=CARTESIAN_POINT('',(-2.16801264360067E-11,36.4999999969731,9.21817330513224));
#7409=CARTESIAN_POINT('',(8.69693194960283,27.4999999969731,7.10923490505928));
#7410=CARTESIAN_POINT('',(9.20847311606036,25.530604710849,7.10923490505928));
#7411=CARTESIAN_POINT('',(10.149058971949,21.578587946624,7.10923490505927));
#7412=CARTESIAN_POINT('',(11.2942394484623,15.6079648985678,7.1092349050593));
#7413=CARTESIAN_POINT('',(12.1276837823861,9.58736296393844,7.10923490505926));
#7414=CARTESIAN_POINT('',(12.4467478768163,5.5357011429656,7.10923490505929));
#7415=CARTESIAN_POINT('',(12.5447157445531,3.4999999969731,7.10923490505929));
#7416=CARTESIAN_POINT('',(8.6969319495613,27.4999999969731,7.10923490505928));
#7417=CARTESIAN_POINT('',(12.5447157445531,3.4999999969731,7.10923490505928));
#7418=CARTESIAN_POINT('',(9.7826602778778,30.5624999969731,4.04673490511042));
#7419=CARTESIAN_POINT('',(9.70259446056708,30.5624999969731,4.24255675046023));
#7420=CARTESIAN_POINT('',(9.5809123987725,30.5345674422691,4.53064958549399));
#7421=CARTESIAN_POINT('',(9.41666213026186,30.4449903701063,4.90344941184657));
#7422=CARTESIAN_POINT('',(9.25058925002544,30.3187476435953,5.27135531317559));
#7423=CARTESIAN_POINT('',(9.09036958389181,30.1422137206674,5.61614379803073));
#7424=CARTESIAN_POINT('',(8.94241305252163,29.917579947775,5.93450468394907));
#7425=CARTESIAN_POINT('',(8.80362394479442,29.6557086480226,6.23807517304551));
#7426=CARTESIAN_POINT('',(8.69050936996053,29.3514913911887,6.50141356803776));
#7427=CARTESIAN_POINT('',(8.6125859444455,28.9981721728708,6.723931457469));
#7428=CARTESIAN_POINT('',(8.5772509587607,28.7179874212989,6.86231740836729));
#7429=CARTESIAN_POINT('',(8.56640247163466,28.4261121863301,6.97153736593734));
#7430=CARTESIAN_POINT('',(8.58752307842761,28.0152137155018,7.07853406017455));
#7431=CARTESIAN_POINT('',(8.64355257271741,27.7055066111526,7.10923490511042));
#7432=CARTESIAN_POINT('',(8.6969319495613,27.4999999969731,7.10923490511042));
#7433=CARTESIAN_POINT('',(9.7826602778778,30.5624999969731,4.04673490511042));
#7434=CARTESIAN_POINT('',(9.78266027787782,30.5624999969731,-3.95326509499189));
#7435=CARTESIAN_POINT('',(9.91313151754065,30.5624999969731,-3.6341636385401));
#7436=CARTESIAN_POINT('',(10.1407041437524,30.5624999969731,-2.988550191503));
#7437=CARTESIAN_POINT('',(10.3857413677668,30.5624999969731,-1.99844665577802));
#7438=CARTESIAN_POINT('',(10.5348503134978,30.5624999969731,-0.987637559526604));
#7439=CARTESIAN_POINT('',(10.5856403581086,30.5624999969731,0.0476738469276436));
#7440=CARTESIAN_POINT('',(10.5356475046633,30.5624999969731,1.06787719407067));
#7441=CARTESIAN_POINT('',(10.3401320442121,30.5624999969731,2.41293059467904));
#7442=CARTESIAN_POINT('',(10.0435986875573,30.5624999969731,3.40854194558841));
#7443=CARTESIAN_POINT('',(9.7826602778778,30.5624999969731,4.04673490511042));
#7444=CARTESIAN_POINT('',(9.78266027787782,30.5624999969731,-3.95326509499189));
#7445=CARTESIAN_POINT('',(8.69693194956138,27.4999999969731,-7.01576509499189));
#7446=CARTESIAN_POINT('',(8.6437307249953,27.7048207381884,-7.01576509499189));
#7447=CARTESIAN_POINT('',(8.58817182105164,28.0109390021239,-6.98563910332937));
#7448=CARTESIAN_POINT('',(8.56640117873558,28.4215462359794,-6.87955602536193));
#7449=CARTESIAN_POINT('',(8.57698876506147,28.7150878273085,-6.77013746777368));
#7450=CARTESIAN_POINT('',(8.61210790058786,28.9952538492489,-6.6320568638202));
#7451=CARTESIAN_POINT('',(8.67015678879309,29.2599551216287,-6.46583980800827));
#7452=CARTESIAN_POINT('',(8.74581508777396,29.4997366784183,-6.27935237118098));
#7453=CARTESIAN_POINT('',(8.86829402379475,29.7931953424814,-6.00039513311153));
#7454=CARTESIAN_POINT('',(9.04851409891464,30.0960831389298,-5.61279945985506));
#7455=CARTESIAN_POINT('',(9.29129534424002,30.3632212263893,-5.09022152744329));
#7456=CARTESIAN_POINT('',(9.53825590030359,30.5245777942549,-4.53815476547531));
#7457=CARTESIAN_POINT('',(9.7027553118415,30.5624999969731,-4.1486935365842));
#7458=CARTESIAN_POINT('',(9.78266027787783,30.5624999969731,-3.95326509499189));
#7459=CARTESIAN_POINT('',(8.69693194956138,27.4999999969731,-7.01576509494075));
#7460=CARTESIAN_POINT('',(12.5447157445532,3.49999999697308,-7.01576509494075));
#7461=CARTESIAN_POINT('',(12.4467478768164,5.53570114296558,-7.01576509494075));
#7462=CARTESIAN_POINT('',(12.1276837823861,9.58736296393841,-7.01576509494074));
#7463=CARTESIAN_POINT('',(11.2942394484623,15.6079648985678,-7.01576509494074));
#7464=CARTESIAN_POINT('',(10.149058971949,21.578587946624,-7.01576509494076));
#7465=CARTESIAN_POINT('',(9.20847311606044,25.530604710849,-7.01576509494075));
#7466=CARTESIAN_POINT('',(8.69693194960291,27.4999999969731,-7.01576509494075));
#7467=CARTESIAN_POINT('',(12.5447157445532,3.49999999697308,-7.0157650949919));
#7468=CARTESIAN_POINT('',(13.9213199634714,0.437499996973084,-3.9532650949919));
#7469=CARTESIAN_POINT('',(13.8629879982576,0.437499996973084,-4.15626169277975));
#7470=CARTESIAN_POINT('',(13.7698283347834,0.467495910175983,-4.45369369825239));
#7471=CARTESIAN_POINT('',(13.6355899265225,0.562563442672306,-4.83649469927387));
#7472=CARTESIAN_POINT('',(13.494086606319,0.695995707607815,-5.21217595570925));
#7473=CARTESIAN_POINT('',(13.3143659785866,0.92364982246879,-5.64367144130418));
#7474=CARTESIAN_POINT('',(13.0960567328655,1.29802335920988,-6.10891719533063));
#7475=CARTESIAN_POINT('',(12.8966825382258,1.74905881536334,-6.48965503935464));
#7476=CARTESIAN_POINT('',(12.723296700016,2.2851197698412,-6.78649310278189));
#7477=CARTESIAN_POINT('',(12.5992304641177,2.8665740104093,-6.97084295359572));
#7478=CARTESIAN_POINT('',(12.5548880144741,3.28862761465661,-7.0157650949919));
#7479=CARTESIAN_POINT('',(12.5447157445244,3.49999999697308,-7.0157650949919));
#7480=CARTESIAN_POINT('',(13.9213199634714,0.437499996973091,-3.9532650949919));
#7481=CARTESIAN_POINT('',(13.9213199634861,0.437499996973099,4.04673490505928));
#7482=CARTESIAN_POINT('',(14.1092478962665,0.437499996973098,3.3927413211913));
#7483=CARTESIAN_POINT('',(14.3888054752528,0.437499996973102,2.07354298976291));
#7484=CARTESIAN_POINT('',(14.5079944342389,0.43749999697309,0.401181079368526));
#7485=CARTESIAN_POINT('',(14.4617429089967,0.437499996973092,-0.95740015218028));
#7486=CARTESIAN_POINT('',(14.3201344251755,0.43749999697309,-2.3066860654348));
#7487=CARTESIAN_POINT('',(14.1092505331582,0.437499996973091,-3.29926233463711));
#7488=CARTESIAN_POINT('',(13.9213199634714,0.437499996973091,-3.9532650949919));
#7489=CARTESIAN_POINT('',(13.9213199634861,0.437499996921952,4.04673490505928));
#7490=CARTESIAN_POINT('',(12.5447157445531,3.4999999969731,7.10923490505928));
#7491=CARTESIAN_POINT('',(12.5548727938466,3.28894388879911,7.1092349050628));
#7492=CARTESIAN_POINT('',(12.5974824921482,2.87735787041814,7.0666756968796));
#7493=CARTESIAN_POINT('',(12.7238093015102,2.28275704967111,6.87912785177812));
#7494=CARTESIAN_POINT('',(12.8659277215569,1.84326938941349,6.63600463407325));
#7495=CARTESIAN_POINT('',(12.9963422671532,1.52389393763723,6.3927331642588));
#7496=CARTESIAN_POINT('',(13.0984445964167,1.30762141520165,6.19173667844038));
#7497=CARTESIAN_POINT('',(13.2044427685351,1.11183236302365,5.97157533166123));
#7498=CARTESIAN_POINT('',(13.3502128230097,0.878367922527463,5.65100874905519));
#7499=CARTESIAN_POINT('',(13.5296089232481,0.650902681134158,5.22044142468269));
#7500=CARTESIAN_POINT('',(13.7387868856308,0.477003748870561,4.64670374161805));
#7501=CARTESIAN_POINT('',(13.8630601448228,0.437499996921955,4.24948043117647));
#7502=CARTESIAN_POINT('',(13.9213199634869,0.437499996921955,4.04673490505928));
#7503=CARTESIAN_POINT('',(0.,-42.1250000030269,1.54673490505922));
#7504=CARTESIAN_POINT('',(4.59999999999947,36.4999999969731,0.0467349050592163));
#7505=CARTESIAN_POINT('',(0.,-42.5000000030269,1.54673490505922));
#7506=CARTESIAN_POINT('',(23.,27.4999999969731,7.10923490505928));
#7507=CARTESIAN_POINT('',(23.,27.4999999969731,7.10923490505928));
#7508=CARTESIAN_POINT('',(23.,3.4999999969731,7.10923490505928));
#7509=CARTESIAN_POINT('',(23.,3.49999999692195,4.04673490505928));
#7510=CARTESIAN_POINT('',(23.,0.437499996921952,4.04673490505928));
#7511=CARTESIAN_POINT('',(23.,0.437499996973099,4.04673490505928));
#7512=CARTESIAN_POINT('',(23.,0.437499996973091,-3.9532650949919));
#7513=CARTESIAN_POINT('',(23.,3.49999999697308,-3.9532650949919));
#7514=CARTESIAN_POINT('',(23.,3.49999999697308,-7.0157650949919));
#7515=CARTESIAN_POINT('',(23.,3.49999999697308,-7.01576509494075));
#7516=CARTESIAN_POINT('',(23.,27.4999999969731,-7.01576509494075));
#7517=CARTESIAN_POINT('',(23.,27.4999999969731,-3.95326509499189));
#7518=CARTESIAN_POINT('',(23.,30.5624999969731,-3.95326509499189));
#7519=CARTESIAN_POINT('',(23.,30.5624999969731,-3.9532650949919));
#7520=CARTESIAN_POINT('',(23.,30.5624999969731,4.04673490511042));
#7521=CARTESIAN_POINT('',(23.,27.4999999969731,4.04673490511042));
#7522=CARTESIAN_POINT('',(-2.56250000000014,-19.,22.));
#7523=CARTESIAN_POINT('',(-2.56250000000014,-19.,22.));
#7524=CARTESIAN_POINT('',(-2.56250000000015,-21.9999999999997,22.));
#7525=CARTESIAN_POINT('',(-1.50000000000015,-22.0000000000682,22.));
#7526=CARTESIAN_POINT('',(-1.49999999999985,-23.0625000000682,22.));
#7527=CARTESIAN_POINT('',(-1.49999999999985,-23.0625,22.));
#7528=CARTESIAN_POINT('',(1.49999999999985,-23.0625,22.));
#7529=CARTESIAN_POINT('',(1.49999999999985,-22.0000000000682,22.));
#7530=CARTESIAN_POINT('',(2.56249999999985,-22.0000000000682,22.));
#7531=CARTESIAN_POINT('',(2.56249999999985,-21.9999999999997,22.));
#7532=CARTESIAN_POINT('',(2.56249999999986,-19.,22.));
#7533=CARTESIAN_POINT('',(1.49999999999986,-18.9999999999318,22.));
#7534=CARTESIAN_POINT('',(1.49999999999985,-17.9374999999318,22.));
#7535=CARTESIAN_POINT('',(1.49999999999985,-17.9375,22.));
#7536=CARTESIAN_POINT('',(-1.49999999999985,-17.9375,22.));
#7537=CARTESIAN_POINT('',(-1.50000000006834,-19.,22.));
#7538=CARTESIAN_POINT('',(4.3992862701416,2.375,162.653442382812));
#7539=CARTESIAN_POINT('',(0.,0.,0.));
#7540=CARTESIAN_POINT('',(-40.5540578619966,-40.5540578619966,162.653442382812));
#7541=CARTESIAN_POINT('',(4.3992862701416,-66.5071868896484,0.046734906733036));
#7542=CARTESIAN_POINT('',(0.,0.,0.));
#7543=CARTESIAN_POINT('',(-16.5821040480262,-16.5821040480262,66.5071868896484));
#7544=CARTESIAN_POINT('',(100.346687316895,2.375,0.046734906733036));
#7545=CARTESIAN_POINT('',(0.,0.,0.));
#7546=CARTESIAN_POINT('',(-25.0192390895198,-25.0192390895198,100.346687316895));
#7547=CARTESIAN_POINT('',(4.3992862701416,66.5071868896484,0.046734906733036));
#7548=CARTESIAN_POINT('',(0.,0.,0.));
#7549=CARTESIAN_POINT('',(-16.5821040480262,-16.5821040480262,66.5071868896484));
#7550=CARTESIAN_POINT('',(4.3992862701416,2.375,-162.653442382812));
#7551=CARTESIAN_POINT('',(0.,0.,0.));
#7552=CARTESIAN_POINT('',(-40.5540578619966,-40.5540578619966,162.653442382812));
#7553=CARTESIAN_POINT('',(-100.346687316895,2.375,0.046734906733036));
#7554=CARTESIAN_POINT('',(0.,0.,0.));
#7555=CARTESIAN_POINT('',(-25.0192390895198,-25.0192390895198,100.346687316895));
#7556=CARTESIAN_POINT('',(69.5756921172142,-67.8256921470165,70.2474270761013));
#7557=CARTESIAN_POINT('',(0.,0.,0.));
#7558=CARTESIAN_POINT('',(-29.8909610906952,-29.8909610906952,119.886097072627));
#7559=CARTESIAN_POINT('',(74.8064797707572,-59.1306038505111,39.4327365689379));
#7560=CARTESIAN_POINT('',(0.,0.,0.));
#7561=CARTESIAN_POINT('',(-25.7242797074148,-25.7242797074148,103.174450790295));
#7562=MECHANICAL_DESIGN_GEOMETRIC_PRESENTATION_REPRESENTATION('',(#1841,
#1842,#1843,#1844,#1845,#1846,#1847,#1848,#1849,#1850,#1851,#1852,#1853,
#1854,#1855,#1856,#1857,#1858,#1859,#1860,#1861,#1862,#1863,#1864,#1865,
#1866,#1867,#1868,#1869,#1870,#1871,#1872,#1873,#1874,#1875,#1876,#1877,
#1878,#1879,#1880,#1881,#1882,#1883,#1884,#1885,#1886,#1887,#1888,#1889,
#1890,#1891,#1892,#1893,#1894,#1895,#1896,#1897,#1898,#1899,#1900,#1901,
#1902,#1903,#1904,#1905,#1906,#1907,#1908,#1909,#1910,#1911,#1912,#1913,
#1914,#1915,#1916,#1917,#1918,#1919,#1920,#1921,#1922,#1923,#1924,#1925,
#1926,#1927,#1928,#1929,#1930,#1931,#1932,#1933,#1934,#1935,#1936,#1937,
#1938,#1939,#1940,#1941,#1942,#1943,#1944,#1945,#1946,#1947,#1948,#1949,
#1950,#1951,#1952,#1953,#1954,#1955,#1956,#1957,#1958,#1959,#1960,#1961,
#1962,#1963,#1964,#1965,#1966,#1967,#1968,#1969,#1970,#1971,#1972,#1973,
#1974,#1975,#1976,#1977,#1978,#1979,#1980,#1981,#1982,#1983,#1984,#1985,
#1986,#1987,#1988,#1989,#1990,#1991,#1992,#1993,#1994,#1995,#1996,#1997,
#1998,#1999,#2000,#2001,#2002,#2003,#2004,#2005,#2006,#2007,#2008,#2009,
#2010,#2011,#2012,#2013,#2014,#2015,#2016,#2017,#2018,#2019,#2020,#2021,
#2022,#2023),#7563);
#7563=(
GEOMETRIC_REPRESENTATION_CONTEXT(3)
GLOBAL_UNCERTAINTY_ASSIGNED_CONTEXT((#7564))
GLOBAL_UNIT_ASSIGNED_CONTEXT((#7567,#7566,#7565))
REPRESENTATION_CONTEXT('Thin Hull_00200 Allocation',
'TOP_LEVEL_ASSEMBLY_PART')
);
#7564=UNCERTAINTY_MEASURE_WITH_UNIT(LENGTH_MEASURE(0.000196850393700787),
#7567,'DISTANCE_ACCURACY_VALUE','Maximum Tolerance applied to model');
#7565=(
NAMED_UNIT(*)
SI_UNIT($,.STERADIAN.)
SOLID_ANGLE_UNIT()
);
#7566=(
NAMED_UNIT(*)
PLANE_ANGLE_UNIT()
SI_UNIT($,.RADIAN.)
);
#7567=(
CONVERSION_BASED_UNIT('INCH',#7569)
LENGTH_UNIT()
NAMED_UNIT(#7568)
);
#7568=DIMENSIONAL_EXPONENTS(1.,0.,0.,0.,0.,0.,0.);
#7569=LENGTH_MEASURE_WITH_UNIT(LENGTH_MEASURE(25.4),#7570);
#7570=(
LENGTH_UNIT()
NAMED_UNIT(*)
SI_UNIT(.MILLI.,.METRE.)
);
#7571=PRODUCT_DEFINITION_SHAPE('','',#7572);
#7572=PRODUCT_DEFINITION('','',#7574,#7573);
#7573=PRODUCT_DEFINITION_CONTEXT('',#7580,'design');
#7574=PRODUCT_DEFINITION_FORMATION_WITH_SPECIFIED_SOURCE('','',#7576,
 .NOT_KNOWN.);
#7575=PRODUCT_RELATED_PRODUCT_CATEGORY('','',(#7576));
#7576=PRODUCT('Thin Hull_00200 Allocation','Thin Hull_00200 Allocation',
'Thin Hull_00200 Allocation',(#7578));
#7577=PRODUCT_CATEGORY('','');
#7578=PRODUCT_CONTEXT('',#7580,'mechanical');
#7579=APPLICATION_PROTOCOL_DEFINITION('international standard',
'ap242_managed_model_based_3d_engineering',2020,#7580);
#7580=APPLICATION_CONTEXT('managed model based 3d engineering');
ENDSEC;
END-ISO-10303-21;
