ISO-10303-21;
HEADER;
/* Generated by software containing ST-Developer
 * from STEP Tools, Inc. (www.steptools.com) 
 */
/* OPTION: using custom renumber hook */

FILE_DESCRIPTION(
/* description */ (
'CAx-IF Rec.Pracs.---Representation and Presentation of Product Manufa
cturing Information (PMI)---4.0---2014-10-13',
'CAx-IF Rec.Pracs.---3D Tessellated Geometry---0.4---2014-09-14','2;1'),

/* implementation_level */ '2;1');

FILE_NAME(
/* name */ 'Hull Nose Cone',
/* time_stamp */ '2026-04-15T00:02:27-07:00',
/* author */ (''),
/* organization */ (''),
/* preprocessor_version */ 'ST-DEVELOPER v20',
/* originating_system */ 'SIEMENS PLM Software NX2406.1700',
/* authorisation */ $);

FILE_SCHEMA (('AP242_MANAGED_MODEL_BASED_3D_ENGINEERING_MIM_LF { 1 0 10303 442 3 1 4 }'));
ENDSEC;

DATA;
#10=DEFAULT_MODEL_GEOMETRIC_VIEW('Trimetric','',#60,#34,'','',#1390,*);
#11=MECHANICAL_DESIGN_AND_DRAUGHTING_RELATIONSHIP('','',#26,#27);
#12=MECHANICAL_DESIGN_AND_DRAUGHTING_RELATIONSHIP('','',#28,#27);
#13=MECHANICAL_DESIGN_AND_DRAUGHTING_RELATIONSHIP('','',#29,#27);
#14=MECHANICAL_DESIGN_AND_DRAUGHTING_RELATIONSHIP('','',#30,#27);
#15=MECHANICAL_DESIGN_AND_DRAUGHTING_RELATIONSHIP('','',#31,#27);
#16=MECHANICAL_DESIGN_AND_DRAUGHTING_RELATIONSHIP('','',#32,#27);
#17=MECHANICAL_DESIGN_AND_DRAUGHTING_RELATIONSHIP('','',#33,#27);
#18=MECHANICAL_DESIGN_AND_DRAUGHTING_RELATIONSHIP('','',#34,#27);
#19=MODEL_GEOMETRIC_VIEW('Top','',#53,#26);
#20=MODEL_GEOMETRIC_VIEW('Front','',#54,#28);
#21=MODEL_GEOMETRIC_VIEW('Right','',#55,#29);
#22=MODEL_GEOMETRIC_VIEW('Back','',#56,#30);
#23=MODEL_GEOMETRIC_VIEW('Bottom','',#57,#31);
#24=MODEL_GEOMETRIC_VIEW('Left','',#58,#32);
#25=MODEL_GEOMETRIC_VIEW('Isometric','',#59,#33);
#26=DRAUGHTING_MODEL('Top',(#53,#44),#1382);
#27=DRAUGHTING_MODEL('',(#45),#1382);
#28=DRAUGHTING_MODEL('Front',(#54,#46),#1382);
#29=DRAUGHTING_MODEL('Right',(#55,#47),#1382);
#30=DRAUGHTING_MODEL('Back',(#56,#48),#1382);
#31=DRAUGHTING_MODEL('Bottom',(#57,#49),#1382);
#32=DRAUGHTING_MODEL('Left',(#58,#50),#1382);
#33=DRAUGHTING_MODEL('Isometric',(#59,#51),#1382);
#34=DRAUGHTING_MODEL('Trimetric',(#60,#52),#1382);
#35=REPRESENTATION_MAP(#121,#78);
#36=REPRESENTATION_MAP(#121,#78);
#37=REPRESENTATION_MAP(#121,#78);
#38=REPRESENTATION_MAP(#121,#78);
#39=REPRESENTATION_MAP(#121,#78);
#40=REPRESENTATION_MAP(#121,#78);
#41=REPRESENTATION_MAP(#121,#78);
#42=REPRESENTATION_MAP(#121,#78);
#43=REPRESENTATION_MAP(#121,#78);
#44=MAPPED_ITEM('',#35,#121);
#45=MAPPED_ITEM('',#36,#121);
#46=MAPPED_ITEM('',#37,#121);
#47=MAPPED_ITEM('',#38,#121);
#48=MAPPED_ITEM('',#39,#121);
#49=MAPPED_ITEM('',#40,#121);
#50=MAPPED_ITEM('',#41,#121);
#51=MAPPED_ITEM('',#42,#121);
#52=MAPPED_ITEM('',#43,#121);
#53=CAMERA_MODEL_D3('Top',#123,#61);
#54=CAMERA_MODEL_D3('Front',#125,#62);
#55=CAMERA_MODEL_D3('Right',#127,#63);
#56=CAMERA_MODEL_D3('Back',#129,#64);
#57=CAMERA_MODEL_D3('Bottom',#131,#65);
#58=CAMERA_MODEL_D3('Left',#133,#66);
#59=CAMERA_MODEL_D3('Isometric',#135,#67);
#60=CAMERA_MODEL_D3('Trimetric',#137,#68);
#61=VIEW_VOLUME(.PARALLEL.,#1358,22.4903526306152,0.,.F.,0.,.F.,.F.,#69);
#62=VIEW_VOLUME(.PARALLEL.,#1361,31.0483169555664,0.,.F.,0.,.F.,.F.,#70);
#63=VIEW_VOLUME(.PARALLEL.,#1364,31.0483169555664,0.,.F.,0.,.F.,.F.,#71);
#64=VIEW_VOLUME(.PARALLEL.,#1367,31.0483169555664,0.,.F.,0.,.F.,.F.,#72);
#65=VIEW_VOLUME(.PARALLEL.,#1370,22.4903526306152,0.,.F.,0.,.F.,.F.,#73);
#66=VIEW_VOLUME(.PARALLEL.,#1373,31.0483169555664,0.,.F.,0.,.F.,.F.,#74);
#67=VIEW_VOLUME(.PARALLEL.,#1376,47.2003116206835,0.,.F.,0.,.F.,.F.,#75);
#68=VIEW_VOLUME(.PARALLEL.,#1379,43.1419985331964,0.,.F.,0.,.F.,.F.,#76);
#69=PLANAR_BOX('',11.2149493863409,11.2149493863409,#124);
#70=PLANAR_BOX('',15.4824296847062,15.4824296847062,#126);
#71=PLANAR_BOX('',15.4824296847062,15.4824296847062,#128);
#72=PLANAR_BOX('',15.4824296847062,15.4824296847062,#130);
#73=PLANAR_BOX('',11.2149493863409,11.2149493863409,#132);
#74=PLANAR_BOX('',15.4824296847062,15.4824296847062,#134);
#75=PLANAR_BOX('',23.5367188118207,23.5367188118207,#136);
#76=PLANAR_BOX('',21.5130166219255,21.5130166219255,#138);
#77=SHAPE_REPRESENTATION_RELATIONSHIP('','',#120,#78);
#78=ADVANCED_BREP_SHAPE_REPRESENTATION('',(#118),#1382);
#79=PLANE('',#122);
#80=VERTEX_LOOP('',#89);
#81=VERTEX_LOOP('',#91);
#82=ORIENTED_EDGE('',*,*,#86,.T.);
#83=ORIENTED_EDGE('',*,*,#86,.F.);
#84=ORIENTED_EDGE('',*,*,#87,.F.);
#85=ORIENTED_EDGE('',*,*,#87,.T.);
#86=EDGE_CURVE('',#88,#88,#92,.F.);
#87=EDGE_CURVE('',#90,#90,#93,.T.);
#88=VERTEX_POINT('',#624);
#89=VERTEX_POINT('',#625);
#90=VERTEX_POINT('',#690);
#91=VERTEX_POINT('',#1356);
#92=B_SPLINE_CURVE_WITH_KNOTS('',3,(#561,#562,#563,#564,#565,#566,#567,
#568,#569,#570,#571,#572,#573,#574,#575,#576,#577,#578,#579,#580,#581,#582,
#583,#584,#585,#586,#587,#588,#589,#590,#591,#592,#593,#594,#595,#596,#597,
#598,#599,#600,#601,#602,#603,#604,#605,#606,#607,#608,#609,#610,#611,#612,
#613,#614,#615,#616,#617,#618,#619,#620,#621,#622,#623),.UNSPECIFIED.,.T.,
 .F.,(1,1,1,1,1,1,1,1,1,1,1,1,1,1,1,1,1,1,1,1,1,1,1,1,1,1,1,1,1,1,1,1,1,
1,1,1,1,1,1,1,1,1,1,1,1,1,1,1,1,1,1,1,1,1,1,1,1,1,1,1,1,1,1,1,1,1,1),(-0.0653851574028477,
-0.0435901049352316,-0.0217950524676156,6.37328260941964E-16,0.0217950524676167,
0.0435901049352328,0.0653851574028489,0.0871802098704649,0.130770314805697,
0.152565367273313,0.174360419740929,0.196155472208545,0.217950524676161,
0.239745577143777,0.261540629611394,0.28333568207901,0.305130734546626,
0.326925787014242,0.348720839481858,0.370515891949474,0.39231094441709,
0.435901049352322,0.457696101819938,0.479491154287554,0.50128620675517,
0.523081259222786,0.544876311690403,0.566671364158019,0.588466416625635,
0.610261469093251,0.632056521560867,0.653851574028483,0.675646626496099,
0.697441678963715,0.719236731431331,0.741031783898947,0.762826836366563,
0.784621888834179,0.806416941301795,0.828211993769411,0.850007046237027,
0.871802098704644,0.89359715117226,0.915392203639876,0.958982308575108,
0.980777361042724,1.00257241351034,1.02436746597796,1.04616251844557,1.06795757091319,
1.0897526233808,1.11154767584842,1.13334272831604,1.15513778078365,1.17693283325127,
1.2205229381865,1.24231799065412,1.26411304312173,1.28590809558935,1.30770314805696,
1.32949820052458,1.3512932529922,1.37308830545981,1.39488335792743,1.41667841039505,
1.43847346286266,1.46026851533028),.UNSPECIFIED.);
#93=B_SPLINE_CURVE_WITH_KNOTS('',3,(#627,#628,#629,#630,#631,#632,#633,
#634,#635,#636,#637,#638,#639,#640,#641,#642,#643,#644,#645,#646,#647,#648,
#649,#650,#651,#652,#653,#654,#655,#656,#657,#658,#659,#660,#661,#662,#663,
#664,#665,#666,#667,#668,#669,#670,#671,#672,#673,#674,#675,#676,#677,#678,
#679,#680,#681,#682,#683,#684,#685,#686,#687,#688,#689),.UNSPECIFIED.,.T.,
 .F.,(1,1,1,1,1,1,1,1,1,1,1,1,1,1,1,1,1,1,1,1,1,1,1,1,1,1,1,1,1,1,1,1,1,
1,1,1,1,1,1,1,1,1,1,1,1,1,1,1,1,1,1,1,1,1,1,1,1,1,1,1,1,1,1,1,1,1,1),(-0.068272723969204,
-0.0455151493128028,-0.0227575746564013,0.,0.0227575746564013,0.0455151493128027,
0.068272723969204,0.0910302986256054,0.136545447938408,0.159303022594809,
0.182060597251211,0.204818171907612,0.227575746564013,0.250333321220415,
0.273090895876816,0.295848470533218,0.318606045189619,0.34136361984602,
0.364121194502422,0.386878769158823,0.409636343815224,0.455151493128027,
0.477909067784428,0.50066664244083,0.523424217097231,0.546181791753632,
0.568939366410034,0.591696941066435,0.614454515722836,0.637212090379238,
0.659969665035639,0.682727239692041,0.705484814348442,0.728242389004843,
0.750999963661245,0.773757538317646,0.796515112974047,0.819272687630449,
0.84203026228685,0.864787836943251,0.887545411599653,0.910302986256054,
0.933060560912455,0.955818135568857,1.00133328488166,1.02409085953806,1.04684843419446,
1.06960600885086,1.09236358350726,1.11512115816367,1.13787873282007,1.16063630747647,
1.18339388213287,1.20615145678927,1.22890903144567,1.27442418075848,1.29718175541488,
1.31993933007128,1.34269690472768,1.36545447938408,1.38821205404048,1.41096962869688,
1.43372720335329,1.45648477800969,1.47924235266609,1.50199992732249,1.52475750197889),
 .UNSPECIFIED.);
#94=EDGE_LOOP('',(#82));
#95=EDGE_LOOP('',(#83));
#96=EDGE_LOOP('',(#84));
#97=EDGE_LOOP('',(#85));
#98=FACE_BOUND('',#94,.T.);
#99=FACE_BOUND('',#80,.T.);
#100=FACE_BOUND('',#95,.T.);
#101=FACE_BOUND('',#96,.T.);
#102=FACE_BOUND('',#97,.T.);
#103=FACE_BOUND('',#81,.T.);
#104=B_SPLINE_SURFACE_WITH_KNOTS('',3,3,((#176,#177,#178,#179,#180,#181,
#182,#183,#184,#185,#186,#187,#188,#189,#190,#191,#192,#193,#194,#195,#196,
#197,#198,#199,#200,#201,#202,#203,#204,#205,#206,#207,#208,#209,#210),
(#211,#212,#213,#214,#215,#216,#217,#218,#219,#220,#221,#222,#223,#224,
#225,#226,#227,#228,#229,#230,#231,#232,#233,#234,#235,#236,#237,#238,#239,
#240,#241,#242,#243,#244,#245),(#246,#247,#248,#249,#250,#251,#252,#253,
#254,#255,#256,#257,#258,#259,#260,#261,#262,#263,#264,#265,#266,#267,#268,
#269,#270,#271,#272,#273,#274,#275,#276,#277,#278,#279,#280),(#281,#282,
#283,#284,#285,#286,#287,#288,#289,#290,#291,#292,#293,#294,#295,#296,#297,
#298,#299,#300,#301,#302,#303,#304,#305,#306,#307,#308,#309,#310,#311,#312,
#313,#314,#315),(#316,#317,#318,#319,#320,#321,#322,#323,#324,#325,#326,
#327,#328,#329,#330,#331,#332,#333,#334,#335,#336,#337,#338,#339,#340,#341,
#342,#343,#344,#345,#346,#347,#348,#349,#350),(#351,#352,#353,#354,#355,
#356,#357,#358,#359,#360,#361,#362,#363,#364,#365,#366,#367,#368,#369,#370,
#371,#372,#373,#374,#375,#376,#377,#378,#379,#380,#381,#382,#383,#384,#385),
(#386,#387,#388,#389,#390,#391,#392,#393,#394,#395,#396,#397,#398,#399,
#400,#401,#402,#403,#404,#405,#406,#407,#408,#409,#410,#411,#412,#413,#414,
#415,#416,#417,#418,#419,#420),(#421,#422,#423,#424,#425,#426,#427,#428,
#429,#430,#431,#432,#433,#434,#435,#436,#437,#438,#439,#440,#441,#442,#443,
#444,#445,#446,#447,#448,#449,#450,#451,#452,#453,#454,#455),(#456,#457,
#458,#459,#460,#461,#462,#463,#464,#465,#466,#467,#468,#469,#470,#471,#472,
#473,#474,#475,#476,#477,#478,#479,#480,#481,#482,#483,#484,#485,#486,#487,
#488,#489,#490),(#491,#492,#493,#494,#495,#496,#497,#498,#499,#500,#501,
#502,#503,#504,#505,#506,#507,#508,#509,#510,#511,#512,#513,#514,#515,#516,
#517,#518,#519,#520,#521,#522,#523,#524,#525),(#526,#527,#528,#529,#530,
#531,#532,#533,#534,#535,#536,#537,#538,#539,#540,#541,#542,#543,#544,#545,
#546,#547,#548,#549,#550,#551,#552,#553,#554,#555,#556,#557,#558,#559,#560)),
 .UNSPECIFIED.,.F.,.T.,.F.,(4,1,1,1,1,1,1,1,4),(1,1,1,1,1,1,1,1,1,1,1,1,
1,1,1,1,1,1,1,1,1,1,1,1,1,1,1,1,1,1,1,1,1,1,1,1,1,1,1),(0.,0.0439249329142174,
0.0658873993713261,0.0951706879808044,0.131774798742652,0.17569973165687,
0.219624664571087,0.263549597485304,0.351399463313739),(-0.589048622548087,
-0.392699081698725,-0.196349540849362,0.,0.196349540849362,0.392699081698724,
0.589048622548087,0.785398163397449,0.981747704246811,1.17809724509617,
1.37444678594554,1.5707963267949,1.76714586764426,1.96349540849362,2.15984494934298,
2.35619449019235,2.55254403104171,2.74889357189107,2.94524311274043,3.14159265358979,
3.33794219443916,3.53429173528852,3.73064127613788,3.92699081698724,4.12334035783661,
4.31968989868597,4.51603943953533,4.71238898038469,4.90873852123405,5.10508806208342,
5.30143760293278,5.49778714378214,5.6941366846315,5.89048622548087,6.08683576633023,
6.28318530717959,6.47953484802895,6.67588438887831,6.87223392972768),
 .UNSPECIFIED.);
#105=B_SPLINE_SURFACE_WITH_KNOTS('',3,3,((#691,#692,#693,#694,#695,#696,
#697,#698,#699,#700,#701,#702,#703,#704,#705,#706,#707,#708,#709,#710,#711,
#712,#713,#714,#715,#716,#717,#718,#719,#720,#721,#722,#723,#724,#725),
(#726,#727,#728,#729,#730,#731,#732,#733,#734,#735,#736,#737,#738,#739,
#740,#741,#742,#743,#744,#745,#746,#747,#748,#749,#750,#751,#752,#753,#754,
#755,#756,#757,#758,#759,#760),(#761,#762,#763,#764,#765,#766,#767,#768,
#769,#770,#771,#772,#773,#774,#775,#776,#777,#778,#779,#780,#781,#782,#783,
#784,#785,#786,#787,#788,#789,#790,#791,#792,#793,#794,#795),(#796,#797,
#798,#799,#800,#801,#802,#803,#804,#805,#806,#807,#808,#809,#810,#811,#812,
#813,#814,#815,#816,#817,#818,#819,#820,#821,#822,#823,#824,#825,#826,#827,
#828,#829,#830),(#831,#832,#833,#834,#835,#836,#837,#838,#839,#840,#841,
#842,#843,#844,#845,#846,#847,#848,#849,#850,#851,#852,#853,#854,#855,#856,
#857,#858,#859,#860,#861,#862,#863,#864,#865),(#866,#867,#868,#869,#870,
#871,#872,#873,#874,#875,#876,#877,#878,#879,#880,#881,#882,#883,#884,#885,
#886,#887,#888,#889,#890,#891,#892,#893,#894,#895,#896,#897,#898,#899,#900),
(#901,#902,#903,#904,#905,#906,#907,#908,#909,#910,#911,#912,#913,#914,
#915,#916,#917,#918,#919,#920,#921,#922,#923,#924,#925,#926,#927,#928,#929,
#930,#931,#932,#933,#934,#935),(#936,#937,#938,#939,#940,#941,#942,#943,
#944,#945,#946,#947,#948,#949,#950,#951,#952,#953,#954,#955,#956,#957,#958,
#959,#960,#961,#962,#963,#964,#965,#966,#967,#968,#969,#970),(#971,#972,
#973,#974,#975,#976,#977,#978,#979,#980,#981,#982,#983,#984,#985,#986,#987,
#988,#989,#990,#991,#992,#993,#994,#995,#996,#997,#998,#999,#1000,#1001,
#1002,#1003,#1004,#1005),(#1006,#1007,#1008,#1009,#1010,#1011,#1012,#1013,
#1014,#1015,#1016,#1017,#1018,#1019,#1020,#1021,#1022,#1023,#1024,#1025,
#1026,#1027,#1028,#1029,#1030,#1031,#1032,#1033,#1034,#1035,#1036,#1037,
#1038,#1039,#1040),(#1041,#1042,#1043,#1044,#1045,#1046,#1047,#1048,#1049,
#1050,#1051,#1052,#1053,#1054,#1055,#1056,#1057,#1058,#1059,#1060,#1061,
#1062,#1063,#1064,#1065,#1066,#1067,#1068,#1069,#1070,#1071,#1072,#1073,
#1074,#1075),(#1076,#1077,#1078,#1079,#1080,#1081,#1082,#1083,#1084,#1085,
#1086,#1087,#1088,#1089,#1090,#1091,#1092,#1093,#1094,#1095,#1096,#1097,
#1098,#1099,#1100,#1101,#1102,#1103,#1104,#1105,#1106,#1107,#1108,#1109,
#1110),(#1111,#1112,#1113,#1114,#1115,#1116,#1117,#1118,#1119,#1120,#1121,
#1122,#1123,#1124,#1125,#1126,#1127,#1128,#1129,#1130,#1131,#1132,#1133,
#1134,#1135,#1136,#1137,#1138,#1139,#1140,#1141,#1142,#1143,#1144,#1145),
(#1146,#1147,#1148,#1149,#1150,#1151,#1152,#1153,#1154,#1155,#1156,#1157,
#1158,#1159,#1160,#1161,#1162,#1163,#1164,#1165,#1166,#1167,#1168,#1169,
#1170,#1171,#1172,#1173,#1174,#1175,#1176,#1177,#1178,#1179,#1180),(#1181,
#1182,#1183,#1184,#1185,#1186,#1187,#1188,#1189,#1190,#1191,#1192,#1193,
#1194,#1195,#1196,#1197,#1198,#1199,#1200,#1201,#1202,#1203,#1204,#1205,
#1206,#1207,#1208,#1209,#1210,#1211,#1212,#1213,#1214,#1215),(#1216,#1217,
#1218,#1219,#1220,#1221,#1222,#1223,#1224,#1225,#1226,#1227,#1228,#1229,
#1230,#1231,#1232,#1233,#1234,#1235,#1236,#1237,#1238,#1239,#1240,#1241,
#1242,#1243,#1244,#1245,#1246,#1247,#1248,#1249,#1250),(#1251,#1252,#1253,
#1254,#1255,#1256,#1257,#1258,#1259,#1260,#1261,#1262,#1263,#1264,#1265,
#1266,#1267,#1268,#1269,#1270,#1271,#1272,#1273,#1274,#1275,#1276,#1277,
#1278,#1279,#1280,#1281,#1282,#1283,#1284,#1285),(#1286,#1287,#1288,#1289,
#1290,#1291,#1292,#1293,#1294,#1295,#1296,#1297,#1298,#1299,#1300,#1301,
#1302,#1303,#1304,#1305,#1306,#1307,#1308,#1309,#1310,#1311,#1312,#1313,
#1314,#1315,#1316,#1317,#1318,#1319,#1320),(#1321,#1322,#1323,#1324,#1325,
#1326,#1327,#1328,#1329,#1330,#1331,#1332,#1333,#1334,#1335,#1336,#1337,
#1338,#1339,#1340,#1341,#1342,#1343,#1344,#1345,#1346,#1347,#1348,#1349,
#1350,#1351,#1352,#1353,#1354,#1355)),.UNSPECIFIED.,.F.,.T.,.F.,(4,1,1,
1,1,1,1,1,1,1,1,1,1,1,1,1,4),(1,1,1,1,1,1,1,1,1,1,1,1,1,1,1,1,1,1,1,1,1,
1,1,1,1,1,1,1,1,1,1,1,1,1,1,1,1,1,1),(0.,0.1875,0.25,0.302083333333333,
0.34375,0.375,0.40625,0.4375,0.46875,0.5,0.53125,0.5625,0.59375,0.635416666666667,
0.6875,0.75,1.),(-0.589048622548086,-0.392699081698725,-0.196349540849362,
0.,0.196349540849362,0.392699081698724,0.589048622548086,0.785398163397448,
0.98174770424681,1.17809724509617,1.37444678594553,1.5707963267949,1.76714586764426,
1.96349540849362,2.15984494934298,2.35619449019234,2.55254403104171,2.74889357189107,
2.94524311274043,3.14159265358979,3.33794219443916,3.53429173528852,3.73064127613788,
3.92699081698724,4.1233403578366,4.31968989868597,4.51603943953533,4.71238898038469,
4.90873852123405,5.10508806208341,5.30143760293278,5.49778714378214,5.6941366846315,
5.89048622548086,6.08683576633022,6.28318530717959,6.47953484802895,6.67588438887831,
6.87223392972767),.UNSPECIFIED.);
#106=ADVANCED_FACE('',(#98,#99),#104,.T.);
#107=ADVANCED_FACE('',(#100,#101),#79,.F.);
#108=ADVANCED_FACE('',(#102,#103),#105,.F.);
#109=CLOSED_SHELL('',(#106,#107,#108));
#110=STYLED_ITEM('',(#111),#118);
#111=PRESENTATION_STYLE_ASSIGNMENT((#112));
#112=SURFACE_STYLE_USAGE(.BOTH.,#113);
#113=SURFACE_SIDE_STYLE('',(#114));
#114=SURFACE_STYLE_FILL_AREA(#115);
#115=FILL_AREA_STYLE('',(#116));
#116=FILL_AREA_STYLE_COLOUR('',#117);
#117=COLOUR_RGB('',0.596078431372549,0.788235294117647,0.92156862745098);
#118=MANIFOLD_SOLID_BREP('Part 1',#109);
#119=SHAPE_DEFINITION_REPRESENTATION(#1390,#120);
#120=SHAPE_REPRESENTATION('Hull Nose Cone',(#121),#1382);
#121=AXIS2_PLACEMENT_3D('',#175,#139,#140);
#122=AXIS2_PLACEMENT_3D('',#626,#141,#142);
#123=AXIS2_PLACEMENT_3D('',#1357,#143,#144);
#124=AXIS2_PLACEMENT_3D('',#1359,#145,#146);
#125=AXIS2_PLACEMENT_3D('',#1360,#147,#148);
#126=AXIS2_PLACEMENT_3D('',#1362,#149,#150);
#127=AXIS2_PLACEMENT_3D('',#1363,#151,#152);
#128=AXIS2_PLACEMENT_3D('',#1365,#153,#154);
#129=AXIS2_PLACEMENT_3D('',#1366,#155,#156);
#130=AXIS2_PLACEMENT_3D('',#1368,#157,#158);
#131=AXIS2_PLACEMENT_3D('',#1369,#159,#160);
#132=AXIS2_PLACEMENT_3D('',#1371,#161,#162);
#133=AXIS2_PLACEMENT_3D('',#1372,#163,#164);
#134=AXIS2_PLACEMENT_3D('',#1374,#165,#166);
#135=AXIS2_PLACEMENT_3D('',#1375,#167,#168);
#136=AXIS2_PLACEMENT_3D('',#1377,#169,#170);
#137=AXIS2_PLACEMENT_3D('',#1378,#171,#172);
#138=AXIS2_PLACEMENT_3D('',#1380,#173,#174);
#139=DIRECTION('',(0.,0.,1.));
#140=DIRECTION('',(1.,0.,0.));
#141=DIRECTION('',(0.,1.,1.17145536458252E-15));
#142=DIRECTION('',(0.,-1.17145536458252E-15,1.));
#143=DIRECTION('',(0.,0.,-1.));
#144=DIRECTION('',(-1.,0.,0.));
#145=DIRECTION('',(0.,0.,1.));
#146=DIRECTION('',(1.,0.,0.));
#147=DIRECTION('',(0.,1.,0.));
#148=DIRECTION('',(-1.,0.,0.));
#149=DIRECTION('',(0.,0.,1.));
#150=DIRECTION('',(1.,0.,0.));
#151=DIRECTION('',(-1.,0.,0.));
#152=DIRECTION('',(0.,-1.,0.));
#153=DIRECTION('',(0.,0.,1.));
#154=DIRECTION('',(1.,0.,0.));
#155=DIRECTION('',(0.,-1.,0.));
#156=DIRECTION('',(1.,0.,0.));
#157=DIRECTION('',(0.,0.,1.));
#158=DIRECTION('',(1.,0.,0.));
#159=DIRECTION('',(0.,0.,1.));
#160=DIRECTION('',(-1.,0.,0.));
#161=DIRECTION('',(0.,0.,1.));
#162=DIRECTION('',(1.,0.,0.));
#163=DIRECTION('',(1.,0.,0.));
#164=DIRECTION('',(0.,1.,0.));
#165=DIRECTION('',(0.,0.,1.));
#166=DIRECTION('',(1.,0.,0.));
#167=DIRECTION('',(-0.577350269189626,0.577350269189626,-0.577350269189626));
#168=DIRECTION('',(-0.70710677603118,-0.707106786341914,-1.03107341831166E-8));
#169=DIRECTION('',(0.,0.,1.));
#170=DIRECTION('',(1.,0.,0.));
#171=DIRECTION('',(-0.718873086818576,0.585048618558824,-0.375419230954334));
#172=DIRECTION('',(-0.631219050849152,-0.77560460922115,-4.69610161590861E-8));
#173=DIRECTION('',(0.,0.,1.));
#174=DIRECTION('',(1.,0.,0.));
#175=CARTESIAN_POINT('',(0.,0.,0.));
#176=CARTESIAN_POINT('',(1.87947005378117E-10,13.6249999969731,0.0467349060040932));
#177=CARTESIAN_POINT('',(5.40500564184583E-16,13.6249999969731,0.0467349060226046));
#178=CARTESIAN_POINT('',(-1.87949167380373E-10,13.6249999969731,0.0467349060040925));
#179=CARTESIAN_POINT('',(-3.686694249894E-10,13.6249999969731,0.046734905949273));
#180=CARTESIAN_POINT('',(-5.35239309275008E-10,13.6249999969731,0.0467349058602371));
#181=CARTESIAN_POINT('',(-6.81209697221409E-10,13.6249999969731,0.0467349057404433));
#182=CARTESIAN_POINT('',(-8.01030249870294E-10,13.6249999969731,0.0467349055944436));
#183=CARTESIAN_POINT('',(-8.90053916742017E-10,13.6249999969731,0.0467349054278898));
#184=CARTESIAN_POINT('',(-9.44877168060948E-10,13.6249999969731,0.046734905247163));
#185=CARTESIAN_POINT('',(-9.63388048658127E-10,13.6249999969731,0.0467349050592171));
#186=CARTESIAN_POINT('',(-9.44876910631639E-10,13.6249999969731,0.0467349048712683));
#187=CARTESIAN_POINT('',(-8.90054595602088E-10,13.6249999969731,0.0467349046905437));
#188=CARTESIAN_POINT('',(-8.01027791859292E-10,13.6249999969731,0.0467349045239864));
#189=CARTESIAN_POINT('',(-6.81218882844022E-10,13.6249999969731,0.0467349043779986));
#190=CARTESIAN_POINT('',(-5.35228972960246E-10,13.6249999969731,0.0467349042581878));
#191=CARTESIAN_POINT('',(-3.68673407579381E-10,13.6249999969731,0.0467349041691621));
#192=CARTESIAN_POINT('',(-1.87947543320466E-10,13.6249999969731,0.0467349041143393));
#193=CARTESIAN_POINT('',(1.49328174477309E-16,13.6249999969731,0.0467349040958282));
#194=CARTESIAN_POINT('',(1.87946946007789E-10,13.6249999969731,0.0467349041143392));
#195=CARTESIAN_POINT('',(3.68673408135155E-10,13.6249999969731,0.046734904169162));
#196=CARTESIAN_POINT('',(5.35229568049841E-10,13.6249999969731,0.0467349042581883));
#197=CARTESIAN_POINT('',(6.81218306217647E-10,13.6249999969731,0.046734904377998));
#198=CARTESIAN_POINT('',(8.01027996441419E-10,13.6249999969731,0.0467349045239867));
#199=CARTESIAN_POINT('',(8.90054353899975E-10,13.6249999969731,0.0467349046905432));
#200=CARTESIAN_POINT('',(9.44876824926679E-10,13.6249999969731,0.0467349048712681));
#201=CARTESIAN_POINT('',(9.63388120129507E-10,13.6249999969731,0.0467349050592164));
#202=CARTESIAN_POINT('',(9.44876903003022E-10,13.6249999969731,0.0467349052471639));
#203=CARTESIAN_POINT('',(8.9005445732913E-10,13.6249999969731,0.0467349054278891));
#204=CARTESIAN_POINT('',(8.01028385018434E-10,13.6249999969731,0.0467349055944454));
#205=CARTESIAN_POINT('',(6.81217767514807E-10,13.6249999969731,0.0467349057404351));
#206=CARTESIAN_POINT('',(5.35229859888989E-10,13.6249999969731,0.0467349058602441));
#207=CARTESIAN_POINT('',(3.68672811920118E-10,13.6249999969731,0.0467349059492709));
#208=CARTESIAN_POINT('',(1.87947005378117E-10,13.6249999969731,0.0467349060040932));
#209=CARTESIAN_POINT('',(5.40500564184583E-16,13.6249999969731,0.0467349060226046));
#210=CARTESIAN_POINT('',(-1.87949167380373E-10,13.6249999969731,0.0467349060040925));
#211=CARTESIAN_POINT('',(0.100024082158384,13.6247332866273,0.549589923457));
#212=CARTESIAN_POINT('',(-7.18369309521449E-14,13.6247332866273,0.55944143567831));
#213=CARTESIAN_POINT('',(-0.100024082158133,13.6247332866273,0.549589923457051));
#214=CARTESIAN_POINT('',(-0.196204294933405,13.6247332866273,0.520413974883031));
#215=CARTESIAN_POINT('',(-0.284844486686675,13.6247332866273,0.473034805298076));
#216=CARTESIAN_POINT('',(-0.362538264559421,13.6247332866273,0.409273169618574));
#217=CARTESIAN_POINT('',(-0.426299900238822,13.6247332866273,0.331579391745963));
#218=CARTESIAN_POINT('',(-0.473679069823883,13.6247332866273,0.242939199992447));
#219=CARTESIAN_POINT('',(-0.502855018397802,13.6247332866273,0.146758987217504));
#220=CARTESIAN_POINT('',(-0.512706530619096,13.6247332866273,0.0467349050591467));
#221=CARTESIAN_POINT('',(-0.502855018397803,13.6247332866273,-0.0532891770990767));
#222=CARTESIAN_POINT('',(-0.473679069823844,13.6247332866273,-0.149469389874122));
#223=CARTESIAN_POINT('',(-0.426299900238765,13.6247332866273,-0.238109581627602));
#224=CARTESIAN_POINT('',(-0.362538264559491,13.6247332866273,-0.315803359500045));
#225=CARTESIAN_POINT('',(-0.284844486686797,13.6247332866273,-0.379564995179599));
#226=CARTESIAN_POINT('',(-0.196204294933118,13.6247332866273,-0.426944164764708));
#227=CARTESIAN_POINT('',(-0.100024082158447,13.6247332866273,-0.456120113338541));
#228=CARTESIAN_POINT('',(-3.86232290652376E-15,13.6247332866273,-0.465971625559902));
#229=CARTESIAN_POINT('',(0.100024082158429,13.6247332866273,-0.45612011333855));
#230=CARTESIAN_POINT('',(0.196204294933179,13.6247332866273,-0.426944164764685));
#231=CARTESIAN_POINT('',(0.284844486686813,13.6247332866273,-0.379564995179571));
#232=CARTESIAN_POINT('',(0.362538264559373,13.6247332866273,-0.315803359500179));
#233=CARTESIAN_POINT('',(0.426299900238838,13.6247332866273,-0.238109581627501));
#234=CARTESIAN_POINT('',(0.473679069823847,13.6247332866273,-0.149469389874114));
#235=CARTESIAN_POINT('',(0.50285501839783,13.6247332866273,-0.0532891770989552));
#236=CARTESIAN_POINT('',(0.512706530619088,13.6247332866273,0.0467349050591918));
#237=CARTESIAN_POINT('',(0.502855018397805,13.6247332866273,0.146758987217492));
#238=CARTESIAN_POINT('',(0.473679069823864,13.6247332866273,0.242939199992498));
#239=CARTESIAN_POINT('',(0.426299900238799,13.6247332866273,0.331579391746003));
#240=CARTESIAN_POINT('',(0.362538264559374,13.6247332866273,0.4092731696186));
#241=CARTESIAN_POINT('',(0.284844486686818,13.6247332866273,0.473034805298));
#242=CARTESIAN_POINT('',(0.196204294933179,13.6247332866273,0.520413974883118));
#243=CARTESIAN_POINT('',(0.100024082158384,13.6247332866273,0.549589923457));
#244=CARTESIAN_POINT('',(-7.18369309521449E-14,13.6247332866273,0.55944143567831));
#245=CARTESIAN_POINT('',(-0.100024082158133,13.6247332866273,0.549589923457051));
#246=CARTESIAN_POINT('',(0.241911368277353,13.4855785258607,1.26290548039472));
#247=CARTESIAN_POINT('',(7.08914554355876E-14,13.4855785258608,1.28673167054439));
#248=CARTESIAN_POINT('',(-0.241911368277517,13.4855785258607,1.26290548039469));
#249=CARTESIAN_POINT('',(-0.474526218337476,13.4855785258607,1.19234253707118));
#250=CARTESIAN_POINT('',(-0.688905291944196,13.4855785258607,1.07775453491356));
#251=CARTESIAN_POINT('',(-0.876810121523896,13.4855785258608,0.923545026583228));
#252=CARTESIAN_POINT('',(-1.03101962985439,13.4855785258607,0.735640197003348));
#253=CARTESIAN_POINT('',(-1.14560763201195,13.4855785258608,0.521261123396707));
#254=CARTESIAN_POINT('',(-1.21617057533548,13.4855785258607,0.288646273336671));
#255=CARTESIAN_POINT('',(-1.23999676548518,13.4855785258607,0.0467349050592261));
#256=CARTESIAN_POINT('',(-1.21617057533549,13.4855785258607,-0.195176463218232));
#257=CARTESIAN_POINT('',(-1.14560763201195,13.4855785258607,-0.42779131327828));
#258=CARTESIAN_POINT('',(-1.03101962985443,13.4855785258608,-0.642170386884864));
#259=CARTESIAN_POINT('',(-0.87681012152389,13.4855785258607,-0.830075216464814));
#260=CARTESIAN_POINT('',(-0.688905291944157,13.4855785258608,-0.984284724795145));
#261=CARTESIAN_POINT('',(-0.474526218337513,13.4855785258607,-1.09887272695273));
#262=CARTESIAN_POINT('',(-0.241911368277385,13.4855785258607,-1.16943567027629));
#263=CARTESIAN_POINT('',(2.8162062079646E-14,13.4855785258607,-1.19326186042596));
#264=CARTESIAN_POINT('',(0.241911368277401,13.4855785258607,-1.16943567027628));
#265=CARTESIAN_POINT('',(0.474526218337495,13.4855785258608,-1.09887272695274));
#266=CARTESIAN_POINT('',(0.688905291944154,13.4855785258607,-0.984284724795153));
#267=CARTESIAN_POINT('',(0.87681012152393,13.4855785258608,-0.83007521646477));
#268=CARTESIAN_POINT('',(1.0310196298544,13.4855785258607,-0.642170386884903));
#269=CARTESIAN_POINT('',(1.14560763201195,13.4855785258608,-0.427791313278271));
#270=CARTESIAN_POINT('',(1.21617057533549,13.4855785258607,-0.195176463218254));
#271=CARTESIAN_POINT('',(1.23999676548518,13.4855785258608,0.046734905059233));
#272=CARTESIAN_POINT('',(1.21617057533549,13.4855785258607,0.288646273336639));
#273=CARTESIAN_POINT('',(1.14560763201194,13.4855785258608,0.521261123396735));
#274=CARTESIAN_POINT('',(1.03101962985438,13.4855785258607,0.735640197003352));
#275=CARTESIAN_POINT('',(0.876810121523968,13.4855785258607,0.92354502658317));
#276=CARTESIAN_POINT('',(0.688905291944101,13.4855785258608,1.07775453491362));
#277=CARTESIAN_POINT('',(0.474526218337544,13.4855785258607,1.19234253707115));
#278=CARTESIAN_POINT('',(0.241911368277353,13.4855785258607,1.26290548039472));
#279=CARTESIAN_POINT('',(7.08914554355876E-14,13.4855785258608,1.28673167054439));
#280=CARTESIAN_POINT('',(-0.241911368277517,13.4855785258607,1.26290548039469));
#281=CARTESIAN_POINT('',(0.43562235411141,13.0068834268863,2.23675636953626));
#282=CARTESIAN_POINT('',(-1.28482225952022E-14,13.0068834268863,2.27966142652644));
#283=CARTESIAN_POINT('',(-0.435622354111384,13.0068834268863,2.23675636953626));
#284=CARTESIAN_POINT('',(-0.854503985454118,13.0068834268863,2.10969001584441));
#285=CARTESIAN_POINT('',(-1.2405475078472,13.0068834268863,1.90334545416364));
#286=CARTESIAN_POINT('',(-1.57891748522078,13.0068834268863,1.62565239027997));
#287=CARTESIAN_POINT('',(-1.85661054910442,13.0068834268863,1.28728241290643));
#288=CARTESIAN_POINT('',(-2.06295511078521,13.0068834268863,0.901238890513311));
#289=CARTESIAN_POINT('',(-2.19002146447704,13.0068834268863,0.482357259170622));
#290=CARTESIAN_POINT('',(-2.23292652146723,13.0068834268863,0.046734905059187));
#291=CARTESIAN_POINT('',(-2.19002146447704,13.0068834268863,-0.388887449052178));
#292=CARTESIAN_POINT('',(-2.0629551107852,13.0068834268863,-0.807769080394901));
#293=CARTESIAN_POINT('',(-1.85661054910442,13.0068834268863,-1.193812602788));
#294=CARTESIAN_POINT('',(-1.57891748522076,13.0068834268863,-1.53218258016155));
#295=CARTESIAN_POINT('',(-1.2405475078472,13.0068834268863,-1.80987564404521));
#296=CARTESIAN_POINT('',(-0.854503985454103,13.0068834268863,-2.01622020572599));
#297=CARTESIAN_POINT('',(-0.435622354111406,13.0068834268863,-2.14328655941783));
#298=CARTESIAN_POINT('',(-8.28950771090905E-15,13.0068834268863,-2.18619161640802));
#299=CARTESIAN_POINT('',(0.435622354111433,13.0068834268863,-2.14328655941783));
#300=CARTESIAN_POINT('',(0.854503985454101,13.0068834268863,-2.01622020572599));
#301=CARTESIAN_POINT('',(1.24054750784721,13.0068834268863,-1.80987564404521));
#302=CARTESIAN_POINT('',(1.57891748522077,13.0068834268863,-1.53218258016155));
#303=CARTESIAN_POINT('',(1.85661054910443,13.0068834268863,-1.19381260278796));
#304=CARTESIAN_POINT('',(2.0629551107852,13.0068834268863,-0.807769080394902));
#305=CARTESIAN_POINT('',(2.19002146447705,13.0068834268863,-0.38888744905216));
#306=CARTESIAN_POINT('',(2.23292652146723,13.0068834268863,0.0467349050592153));
#307=CARTESIAN_POINT('',(2.19002146447704,13.0068834268863,0.482357259170628));
#308=CARTESIAN_POINT('',(2.06295511078519,13.0068834268863,0.90123889051334));
#309=CARTESIAN_POINT('',(1.85661054910441,13.0068834268863,1.28728241290644));
#310=CARTESIAN_POINT('',(1.57891748522078,13.0068834268863,1.62565239027997));
#311=CARTESIAN_POINT('',(1.2405475078472,13.0068834268863,1.90334545416365));
#312=CARTESIAN_POINT('',(0.854503985454096,13.0068834268863,2.10969001584442));
#313=CARTESIAN_POINT('',(0.43562235411141,13.0068834268863,2.23675636953626));
#314=CARTESIAN_POINT('',(-1.28482225952022E-14,13.0068834268863,2.27966142652644));
#315=CARTESIAN_POINT('',(-0.435622354111384,13.0068834268863,2.23675636953626));
#316=CARTESIAN_POINT('',(0.607223529966174,12.3695362142151,3.09945373780623));
#317=CARTESIAN_POINT('',(1.2498204571014E-14,12.3695362142151,3.15926003542409));
#318=CARTESIAN_POINT('',(-0.607223529966187,12.3695362142151,3.09945373780623));
#319=CARTESIAN_POINT('',(-1.19111180021063,12.3695362142151,2.92233316743034));
#320=CARTESIAN_POINT('',(-1.72922631195618,12.3695362142151,2.63470496848562));
#321=CARTESIAN_POINT('',(-2.20088762629453,12.3695362142151,2.24762253135377));
#322=CARTESIAN_POINT('',(-2.58797006342642,12.3695362142151,1.77596121701538));
#323=CARTESIAN_POINT('',(-2.87559826237113,12.3695362142151,1.23784670526984));
#324=CARTESIAN_POINT('',(-3.05271883274701,12.3695362142151,0.653958435025388));
#325=CARTESIAN_POINT('',(-3.11252513036487,12.3695362142151,0.046734905059213));
#326=CARTESIAN_POINT('',(-3.05271883274702,12.3695362142151,-0.560488624906959));
#327=CARTESIAN_POINT('',(-2.87559826237112,12.3695362142151,-1.14437689515142));
#328=CARTESIAN_POINT('',(-2.58797006342641,12.3695362142151,-1.68249140689696));
#329=CARTESIAN_POINT('',(-2.20088762629454,12.3695362142151,-2.15415272123534));
#330=CARTESIAN_POINT('',(-1.72922631195618,12.3695362142151,-2.54123515836719));
#331=CARTESIAN_POINT('',(-1.19111180021063,12.3695362142151,-2.82886335731192));
#332=CARTESIAN_POINT('',(-0.60722352996616,12.3695362142151,-3.0059839276878));
#333=CARTESIAN_POINT('',(4.0748590076398E-15,12.3695362142151,-3.06579022530566));
#334=CARTESIAN_POINT('',(0.607223529966178,12.3695362142151,-3.0059839276878));
#335=CARTESIAN_POINT('',(1.19111180021061,12.3695362142151,-2.82886335731193));
#336=CARTESIAN_POINT('',(1.72922631195619,12.3695362142151,-2.54123515836719));
#337=CARTESIAN_POINT('',(2.20088762629454,12.3695362142151,-2.15415272123533));
#338=CARTESIAN_POINT('',(2.58797006342641,12.3695362142151,-1.68249140689696));
#339=CARTESIAN_POINT('',(2.87559826237113,12.3695362142151,-1.14437689515141));
#340=CARTESIAN_POINT('',(3.05271883274702,12.3695362142151,-0.56048862490696));
#341=CARTESIAN_POINT('',(3.11252513036487,12.3695362142151,0.0467349050592253));
#342=CARTESIAN_POINT('',(3.05271883274701,12.3695362142151,0.653958435025394));
#343=CARTESIAN_POINT('',(2.87559826237114,12.3695362142151,1.23784670526983));
#344=CARTESIAN_POINT('',(2.5879700634264,12.3695362142151,1.77596121701541));
#345=CARTESIAN_POINT('',(2.20088762629455,12.3695362142151,2.24762253135375));
#346=CARTESIAN_POINT('',(1.72922631195617,12.3695362142151,2.63470496848563));
#347=CARTESIAN_POINT('',(1.1911118002106,12.3695362142151,2.92233316743035));
#348=CARTESIAN_POINT('',(0.607223529966174,12.3695362142151,3.09945373780623));
#349=CARTESIAN_POINT('',(1.2498204571014E-14,12.3695362142151,3.15926003542409));
#350=CARTESIAN_POINT('',(-0.607223529966187,12.3695362142151,3.09945373780623));
#351=CARTESIAN_POINT('',(0.810177800130001,11.2745400270746,4.11977375529656));
#352=CARTESIAN_POINT('',(7.73454463206194E-15,11.2745400270746,4.19956930380019));
#353=CARTESIAN_POINT('',(-0.810177800130034,11.2745400270746,4.11977375529656));
#354=CARTESIAN_POINT('',(-1.58922092175401,11.2745400270746,3.88345360796482));
#355=CARTESIAN_POINT('',(-2.30719117460035,11.2745400270746,3.49969051253704));
#356=CARTESIAN_POINT('',(-2.9364973644945,11.2745400270746,2.98323226955371));
#357=CARTESIAN_POINT('',(-3.45295560747783,11.2745400270746,2.35392607965955));
#358=CARTESIAN_POINT('',(-3.83671870290561,11.2745400270746,1.63595582681321));
#359=CARTESIAN_POINT('',(-4.07303885023734,11.2745400270746,0.856912705189241));
#360=CARTESIAN_POINT('',(-4.15283439874097,11.2745400270746,0.0467349050592118));
#361=CARTESIAN_POINT('',(-4.07303885023735,11.2745400270746,-0.763442895070807));
#362=CARTESIAN_POINT('',(-3.8367187029056,11.2745400270746,-1.5424860166948));
#363=CARTESIAN_POINT('',(-3.45295560747782,11.2745400270746,-2.26045626954114));
#364=CARTESIAN_POINT('',(-2.93649736449449,11.2745400270746,-2.88976245943529));
#365=CARTESIAN_POINT('',(-2.30719117460034,11.2745400270746,-3.40622070241861));
#366=CARTESIAN_POINT('',(-1.58922092175401,11.2745400270746,-3.78998379784638));
#367=CARTESIAN_POINT('',(-0.810177800130023,11.2745400270746,-4.02630394517814));
#368=CARTESIAN_POINT('',(2.85530040685581E-15,11.2745400270746,-4.10609949368176));
#369=CARTESIAN_POINT('',(0.81017780013004,11.2745400270746,-4.02630394517813));
#370=CARTESIAN_POINT('',(1.58922092175399,11.2745400270746,-3.78998379784639));
#371=CARTESIAN_POINT('',(2.30719117460036,11.2745400270746,-3.40622070241861));
#372=CARTESIAN_POINT('',(2.93649736449451,11.2745400270746,-2.88976245943528));
#373=CARTESIAN_POINT('',(3.45295560747784,11.2745400270746,-2.2604562695411));
#374=CARTESIAN_POINT('',(3.8367187029056,11.2745400270746,-1.5424860166948));
#375=CARTESIAN_POINT('',(4.07303885023735,11.2745400270746,-0.763442895070799));
#376=CARTESIAN_POINT('',(4.15283439874098,11.2745400270746,0.0467349050592225));
#377=CARTESIAN_POINT('',(4.07303885023734,11.2745400270746,0.856912705189265));
#378=CARTESIAN_POINT('',(3.8367187029056,11.2745400270746,1.63595582681324));
#379=CARTESIAN_POINT('',(3.45295560747782,11.2745400270746,2.35392607965957));
#380=CARTESIAN_POINT('',(2.93649736449451,11.2745400270746,2.9832322695537));
#381=CARTESIAN_POINT('',(2.30719117460033,11.2745400270746,3.49969051253706));
#382=CARTESIAN_POINT('',(1.589220921754,11.2745400270746,3.88345360796483));
#383=CARTESIAN_POINT('',(0.810177800130001,11.2745400270746,4.11977375529656));
#384=CARTESIAN_POINT('',(7.73454463206194E-15,11.2745400270746,4.19956930380019));
#385=CARTESIAN_POINT('',(-0.810177800130034,11.2745400270746,4.11977375529656));
#386=CARTESIAN_POINT('',(1.02305462667614,9.66104378707335,5.18997783235039));
#387=CARTESIAN_POINT('',(9.40780152818131E-15,9.66104378707334,5.29073991824275));
#388=CARTESIAN_POINT('',(-1.02305462667617,9.66104378707334,5.18997783235039));
#389=CARTESIAN_POINT('',(-2.00679383778482,9.66104378707333,4.89156380512607));
#390=CARTESIAN_POINT('',(-2.91341308713035,9.66104378707334,4.40696572028354));
#391=CARTESIAN_POINT('',(-3.70807150539834,9.66104378707333,3.75480641045755));
#392=CARTESIAN_POINT('',(-4.36023081522433,9.66104378707334,2.96014799218956));
#393=CARTESIAN_POINT('',(-4.84482890006687,9.66104378707333,2.05352874284401));
#394=CARTESIAN_POINT('',(-5.14324292729117,9.66104378707334,1.06978953173539));
#395=CARTESIAN_POINT('',(-5.24400501318355,9.66104378707334,0.0467349050592039));
#396=CARTESIAN_POINT('',(-5.14324292729117,9.66104378707334,-0.976319721616944));
#397=CARTESIAN_POINT('',(-4.84482890006685,9.66104378707333,-1.96005893272562));
#398=CARTESIAN_POINT('',(-4.36023081522432,9.66104378707334,-2.86667818207114));
#399=CARTESIAN_POINT('',(-3.70807150539832,9.66104378707334,-3.66133660033913));
#400=CARTESIAN_POINT('',(-2.91341308713035,9.66104378707334,-4.31349591016511));
#401=CARTESIAN_POINT('',(-2.00679383778482,9.66104378707334,-4.79809399500764));
#402=CARTESIAN_POINT('',(-1.02305462667615,9.66104378707334,-5.09650802223197));
#403=CARTESIAN_POINT('',(5.42513161144199E-15,9.66104378707334,-5.19727010812433));
#404=CARTESIAN_POINT('',(1.02305462667618,9.66104378707334,-5.09650802223195));
#405=CARTESIAN_POINT('',(2.0067938377848,9.66104378707334,-4.79809399500766));
#406=CARTESIAN_POINT('',(2.91341308713036,9.66104378707335,-4.31349591016511));
#407=CARTESIAN_POINT('',(3.70807150539834,9.66104378707333,-3.66133660033911));
#408=CARTESIAN_POINT('',(4.36023081522434,9.66104378707335,-2.86667818207111));
#409=CARTESIAN_POINT('',(4.84482890006686,9.66104378707334,-1.96005893272561));
#410=CARTESIAN_POINT('',(5.14324292729119,9.66104378707334,-0.976319721616941));
#411=CARTESIAN_POINT('',(5.24400501318356,9.66104378707334,0.0467349050592323));
#412=CARTESIAN_POINT('',(5.14324292729117,9.66104378707334,1.0697895317354));
#413=CARTESIAN_POINT('',(4.84482890006686,9.66104378707334,2.05352874284404));
#414=CARTESIAN_POINT('',(4.36023081522432,9.66104378707334,2.96014799218958));
#415=CARTESIAN_POINT('',(3.70807150539835,9.66104378707334,3.75480641045754));
#416=CARTESIAN_POINT('',(2.91341308713033,9.66104378707334,4.40696572028356));
#417=CARTESIAN_POINT('',(2.0067938377848,9.66104378707333,4.89156380512609));
#418=CARTESIAN_POINT('',(1.02305462667614,9.66104378707335,5.18997783235039));
#419=CARTESIAN_POINT('',(9.40780152818131E-15,9.66104378707334,5.29073991824275));
#420=CARTESIAN_POINT('',(-1.02305462667617,9.66104378707334,5.18997783235039));
#421=CARTESIAN_POINT('',(1.22827645943811,7.58948753509665,6.22169765684113));
#422=CARTESIAN_POINT('',(1.42739057668958E-14,7.58948753509665,6.34267232904175));
#423=CARTESIAN_POINT('',(-1.22827645943815,7.58948753509665,6.22169765684113));
#424=CARTESIAN_POINT('',(-2.40935094336545,7.58948753509665,5.86342262904852));
#425=CARTESIAN_POINT('',(-3.49783542171882,7.58948753509665,5.28161555405906));
#426=CARTESIAN_POINT('',(-4.45190004642422,7.58948753509666,4.49863495148343));
#427=CARTESIAN_POINT('',(-5.23488064899985,7.58948753509665,3.54457032677802));
#428=CARTESIAN_POINT('',(-5.81668772398931,7.58948753509665,2.45608584842466));
#429=CARTESIAN_POINT('',(-6.1749627517819,7.58948753509666,1.27501136449736));
#430=CARTESIAN_POINT('',(-6.29593742398254,7.58948753509665,0.0467349050592058));
#431=CARTESIAN_POINT('',(-6.17496275178192,7.58948753509665,-1.18154155437891));
#432=CARTESIAN_POINT('',(-5.8166877239893,7.58948753509666,-2.36261603830626));
#433=CARTESIAN_POINT('',(-5.23488064899984,7.58948753509666,-3.45110051665961));
#434=CARTESIAN_POINT('',(-4.4519000464242,7.58948753509666,-4.40516514136502));
#435=CARTESIAN_POINT('',(-3.4978354217188,7.58948753509666,-5.18814574394063));
#436=CARTESIAN_POINT('',(-2.40935094336547,7.58948753509664,-5.76995281893009));
#437=CARTESIAN_POINT('',(-1.22827645943813,7.58948753509666,-6.1282278467227));
#438=CARTESIAN_POINT('',(4.50029901654573E-15,7.58948753509666,-6.24920251892333));
#439=CARTESIAN_POINT('',(1.22827645943816,7.58948753509666,-6.12822784672268));
#440=CARTESIAN_POINT('',(2.40935094336544,7.58948753509665,-5.76995281893011));
#441=CARTESIAN_POINT('',(3.49783542171883,7.58948753509666,-5.18814574394062));
#442=CARTESIAN_POINT('',(4.45190004642424,7.58948753509665,-4.40516514136499));
#443=CARTESIAN_POINT('',(5.23488064899986,7.58948753509665,-3.45110051665958));
#444=CARTESIAN_POINT('',(5.8166877239893,7.58948753509666,-2.36261603830625));
#445=CARTESIAN_POINT('',(6.17496275178191,7.58948753509665,-1.18154155437892));
#446=CARTESIAN_POINT('',(6.29593742398255,7.58948753509665,0.0467349050592367));
#447=CARTESIAN_POINT('',(6.1749627517819,7.58948753509666,1.27501136449738));
#448=CARTESIAN_POINT('',(5.8166877239893,7.58948753509665,2.45608584842468));
#449=CARTESIAN_POINT('',(5.23488064899983,7.58948753509665,3.54457032677804));
#450=CARTESIAN_POINT('',(4.45190004642423,7.58948753509666,4.49863495148342));
#451=CARTESIAN_POINT('',(3.4978354217188,7.58948753509666,5.28161555405908));
#452=CARTESIAN_POINT('',(2.40935094336544,7.58948753509666,5.86342262904853));
#453=CARTESIAN_POINT('',(1.22827645943811,7.58948753509665,6.22169765684113));
#454=CARTESIAN_POINT('',(1.42739057668958E-14,7.58948753509665,6.34267232904175));
#455=CARTESIAN_POINT('',(-1.22827645943815,7.58948753509665,6.22169765684113));
#456=CARTESIAN_POINT('',(1.47612283442982,4.43509714657132,7.46770552581723));
#457=CARTESIAN_POINT('',(1.22250197716476E-14,4.43509714657131,7.61309093530776));
#458=CARTESIAN_POINT('',(-1.47612283442986,4.43509714657132,7.46770552581721));
#459=CARTESIAN_POINT('',(-2.89551909615181,4.43509714657131,7.0371363770992));
#460=CARTESIAN_POINT('',(-4.20364218283447,4.43509714657132,6.33793002007299));
#461=CARTESIAN_POINT('',(-5.35022165786047,4.43509714657131,5.39695656291969));
#462=CARTESIAN_POINT('',(-6.2911951150138,4.43509714657131,4.25037708789367));
#463=CARTESIAN_POINT('',(-6.99040147204,4.43509714657132,2.942254001211));
#464=CARTESIAN_POINT('',(-7.420970620758,4.43509714657131,1.52285773948907));
#465=CARTESIAN_POINT('',(-7.56635603024855,4.43509714657132,0.0467349050592098));
#466=CARTESIAN_POINT('',(-7.420970620758,4.43509714657131,-1.42938792937064));
#467=CARTESIAN_POINT('',(-6.99040147203997,4.43509714657131,-2.84878419109261));
#468=CARTESIAN_POINT('',(-6.29119511501377,4.43509714657132,-4.15690727777527));
#469=CARTESIAN_POINT('',(-5.35022165786046,4.43509714657131,-5.30348675280128));
#470=CARTESIAN_POINT('',(-4.20364218283446,4.43509714657132,-6.24446020995458));
#471=CARTESIAN_POINT('',(-2.89551909615182,4.43509714657132,-6.94366656698076));
#472=CARTESIAN_POINT('',(-1.47612283442984,4.43509714657132,-7.37423571569879));
#473=CARTESIAN_POINT('',(5.62201349187294E-15,4.43509714657131,-7.51962112518934));
#474=CARTESIAN_POINT('',(1.47612283442988,4.43509714657132,-7.37423571569878));
#475=CARTESIAN_POINT('',(2.89551909615177,4.43509714657132,-6.94366656698078));
#476=CARTESIAN_POINT('',(4.20364218283448,4.43509714657132,-6.24446020995456));
#477=CARTESIAN_POINT('',(5.35022165786049,4.43509714657131,-5.30348675280126));
#478=CARTESIAN_POINT('',(6.29119511501381,4.43509714657132,-4.15690727777521));
#479=CARTESIAN_POINT('',(6.99040147203997,4.43509714657131,-2.84878419109261));
#480=CARTESIAN_POINT('',(7.42097062075801,4.43509714657131,-1.42938792937063));
#481=CARTESIAN_POINT('',(7.56635603024855,4.43509714657132,0.0467349050592403));
#482=CARTESIAN_POINT('',(7.420970620758,4.43509714657131,1.5228577394891));
#483=CARTESIAN_POINT('',(6.99040147203998,4.43509714657132,2.94225400121103));
#484=CARTESIAN_POINT('',(6.29119511501378,4.43509714657132,4.25037708789369));
#485=CARTESIAN_POINT('',(5.35022165786049,4.43509714657131,5.39695656291968));
#486=CARTESIAN_POINT('',(4.20364218283445,4.43509714657132,6.33793002007303));
#487=CARTESIAN_POINT('',(2.89551909615179,4.43509714657131,7.03713637709921));
#488=CARTESIAN_POINT('',(1.47612283442982,4.43509714657132,7.46770552581723));
#489=CARTESIAN_POINT('',(1.22250197716476E-14,4.43509714657131,7.61309093530776));
#490=CARTESIAN_POINT('',(-1.47612283442986,4.43509714657132,7.46770552581721));
#491=CARTESIAN_POINT('',(1.63511937434334,1.73054643963963,8.26703511003586));
#492=CARTESIAN_POINT('',(1.89863435559666E-14,1.73054643963964,8.42808031187141));
#493=CARTESIAN_POINT('',(-1.63511937434339,1.73054643963963,8.26703511003584));
#494=CARTESIAN_POINT('',(-3.20740202811628,1.73054643963963,7.79008838132048));
#495=CARTESIAN_POINT('',(-4.65642602068043,1.73054643963963,7.01556892103507));
#496=CARTESIAN_POINT('',(-5.92650617262364,1.73054643963963,5.97324107768283));
#497=CARTESIAN_POINT('',(-6.96883401597586,1.73054643963963,4.70316092573963));
#498=CARTESIAN_POINT('',(-7.74335347626129,1.73054643963963,3.25413693317546));
#499=CARTESIAN_POINT('',(-8.22030020497662,1.73054643963963,1.6818542794026));
#500=CARTESIAN_POINT('',(-8.3813454068122,1.73054643963963,0.0467349050591989));
#501=CARTESIAN_POINT('',(-8.22030020497663,1.73054643963963,-1.58838446928415));
#502=CARTESIAN_POINT('',(-7.74335347626127,1.73054643963963,-3.16066712305708));
#503=CARTESIAN_POINT('',(-6.96883401597584,1.73054643963963,-4.60969111562122));
#504=CARTESIAN_POINT('',(-5.92650617262361,1.73054643963963,-5.87977126756443));
#505=CARTESIAN_POINT('',(-4.65642602068042,1.73054643963964,-6.92209911091665));
#506=CARTESIAN_POINT('',(-3.20740202811628,1.73054643963963,-7.69661857120205));
#507=CARTESIAN_POINT('',(-1.63511937434336,1.73054643963963,-8.17356529991742));
#508=CARTESIAN_POINT('',(9.32127300423717E-15,1.73054643963963,-8.33461050175298));
#509=CARTESIAN_POINT('',(1.6351193743434,1.73054643963964,-8.17356529991741));
#510=CARTESIAN_POINT('',(3.20740202811624,1.73054643963963,-7.69661857120207));
#511=CARTESIAN_POINT('',(4.65642602068045,1.73054643963963,-6.92209911091664));
#512=CARTESIAN_POINT('',(5.92650617262365,1.73054643963964,-5.87977126756438));
#513=CARTESIAN_POINT('',(6.96883401597588,1.73054643963963,-4.60969111562119));
#514=CARTESIAN_POINT('',(7.74335347626127,1.73054643963963,-3.16066712305707));
#515=CARTESIAN_POINT('',(8.22030020497665,1.73054643963964,-1.58838446928417));
#516=CARTESIAN_POINT('',(8.3813454068122,1.73054643963963,0.0467349050592443));
#517=CARTESIAN_POINT('',(8.22030020497662,1.73054643963963,1.68185427940264));
#518=CARTESIAN_POINT('',(7.74335347626127,1.73054643963963,3.2541369331755));
#519=CARTESIAN_POINT('',(6.96883401597584,1.73054643963963,4.70316092573967));
#520=CARTESIAN_POINT('',(5.92650617262365,1.73054643963963,5.97324107768283));
#521=CARTESIAN_POINT('',(4.65642602068041,1.73054643963963,7.01556892103508));
#522=CARTESIAN_POINT('',(3.20740202811624,1.73054643963964,7.7900883813205));
#523=CARTESIAN_POINT('',(1.63511937434334,1.73054643963963,8.26703511003586));
#524=CARTESIAN_POINT('',(1.89863435559666E-14,1.73054643963964,8.42808031187141));
#525=CARTESIAN_POINT('',(-1.63511937434339,1.73054643963963,8.26703511003584));
#526=CARTESIAN_POINT('',(1.73154722347689,-0.133294617649608,8.75181064412573));
#527=CARTESIAN_POINT('',(1.84741220571546E-14,-0.133294617649605,8.92235316014516));
#528=CARTESIAN_POINT('',(-1.73154722347695,-0.133294617649606,8.75181064412571));
#529=CARTESIAN_POINT('',(-3.39655205821854,-0.133294617649607,8.24673694931665));
#530=CARTESIAN_POINT('',(-4.93102930217114,-0.133294617649608,7.42654177456092));
#531=CARTESIAN_POINT('',(-6.27600985539438,-0.133294617649607,6.3227447604536));
#532=CARTESIAN_POINT('',(-7.37980686950171,-0.133294617649609,4.97776420723034));
#533=CARTESIAN_POINT('',(-8.20000204425746,-0.133294617649605,3.44328696327773));
#534=CARTESIAN_POINT('',(-8.70507573906649,-0.133294617649609,1.77828212853615));
#535=CARTESIAN_POINT('',(-8.87561825508594,-0.133294617649602,0.0467349050592031));
#536=CARTESIAN_POINT('',(-8.7050757390665,-0.133294617649608,-1.68481231841771));
#537=CARTESIAN_POINT('',(-8.20000204425743,-0.133294617649609,-3.34981715315934));
#538=CARTESIAN_POINT('',(-7.37980686950169,-0.133294617649607,-4.88429439711193));
#539=CARTESIAN_POINT('',(-6.27600985539436,-0.133294617649608,-6.22927495033519));
#540=CARTESIAN_POINT('',(-4.93102930217113,-0.133294617649607,-7.3330719644425));
#541=CARTESIAN_POINT('',(-3.39655205821855,-0.133294617649608,-8.15326713919823));
#542=CARTESIAN_POINT('',(-1.73154722347692,-0.133294617649604,-8.65834083400729));
#543=CARTESIAN_POINT('',(9.49770841916589E-15,-0.133294617649603,-8.82888335002673));
#544=CARTESIAN_POINT('',(1.73154722347696,-0.133294617649609,-8.65834083400727));
#545=CARTESIAN_POINT('',(3.3965520582185,-0.133294617649605,-8.15326713919825));
#546=CARTESIAN_POINT('',(4.93102930217115,-0.133294617649607,-7.33307196444248));
#547=CARTESIAN_POINT('',(6.2760098553944,-0.13329461764961,-6.22927495033515));
#548=CARTESIAN_POINT('',(7.37980686950172,-0.133294617649606,-4.88429439711189));
#549=CARTESIAN_POINT('',(8.20000204425744,-0.133294617649605,-3.34981715315933));
#550=CARTESIAN_POINT('',(8.70507573906651,-0.133294617649608,-1.68481231841772));
#551=CARTESIAN_POINT('',(8.87561825508594,-0.133294617649605,0.0467349050592435));
#552=CARTESIAN_POINT('',(8.70507573906649,-0.133294617649608,1.77828212853619));
#553=CARTESIAN_POINT('',(8.20000204425744,-0.133294617649606,3.44328696327777));
#554=CARTESIAN_POINT('',(7.37980686950169,-0.133294617649607,4.97776420723037));
#555=CARTESIAN_POINT('',(6.2760098553944,-0.133294617649607,6.32274476045358));
#556=CARTESIAN_POINT('',(4.93102930217111,-0.133294617649607,7.42654177456094));
#557=CARTESIAN_POINT('',(3.39655205821851,-0.133294617649606,8.24673694931667));
#558=CARTESIAN_POINT('',(1.73154722347689,-0.133294617649608,8.75181064412573));
#559=CARTESIAN_POINT('',(1.84741220571546E-14,-0.133294617649605,8.92235316014516));
#560=CARTESIAN_POINT('',(-1.73154722347695,-0.133294617649606,8.75181064412571));
#561=CARTESIAN_POINT('',(-0.867613912769548,-3.02691674605028E-9,8.80157015807237));
#562=CARTESIAN_POINT('',(0.000384211102683759,-3.02693777522141E-9,8.84462653850685));
#563=CARTESIAN_POINT('',(0.866077068358814,-3.02691987235148E-9,8.80154357353837));
#564=CARTESIAN_POINT('',(1.71440720834345,-3.02692303722669E-9,8.67550362651419));
#565=CARTESIAN_POINT('',(2.54927488737087,-3.02692795485722E-9,8.46711589743589));
#566=CARTESIAN_POINT('',(3.6442833777398,-3.02691979512137E-9,8.07506621280188));
#567=CARTESIAN_POINT('',(4.65016349296469,-3.02692048669828E-9,7.53712836248442));
#568=CARTESIAN_POINT('',(5.58164120893773,-3.02692211541224E-9,6.847277883321));
#569=CARTESIAN_POINT('',(6.22223967478878,-3.02692105344226E-9,6.26613662587953));
#570=CARTESIAN_POINT('',(6.79801811363244,-3.02691720391642E-9,5.63073331937827));
#571=CARTESIAN_POINT('',(7.31226525930534,-3.02692590996645E-9,4.93892349784471));
#572=CARTESIAN_POINT('',(7.76029835601028,-3.02691534520828E-9,4.19127308377021));
#573=CARTESIAN_POINT('',(8.12702485566005,-3.02691662744341E-9,3.41506563749415));
#574=CARTESIAN_POINT('',(8.41679911500515,-3.02692156589623E-9,2.60730749299615));
#575=CARTESIAN_POINT('',(8.6289732888411,-3.02691612617592E-9,1.76244495453203));
#576=CARTESIAN_POINT('',(8.75506947438325,-3.02691423215059E-9,0.90888818103531));
#577=CARTESIAN_POINT('',(8.79753499670762,-3.02691149695448E-9,0.0524792359325988));
#578=CARTESIAN_POINT('',(8.75599353383836,-3.02691059397564E-9,-0.810401026067062));
#579=CARTESIAN_POINT('',(8.58555078375799,-3.02691325875288E-9,-1.95811797656993));
#580=CARTESIAN_POINT('',(8.2551723646931,-3.02691390530053E-9,-3.04942428492126));
#581=CARTESIAN_POINT('',(7.75881733984026,-3.02690436596082E-9,-4.10086530724));
#582=CARTESIAN_POINT('',(7.31580501516327,-3.02691106129222E-9,-4.83938320904771));
#583=CARTESIAN_POINT('',(6.80541279805368,-3.02690386490302E-9,-5.52844702670803));
#584=CARTESIAN_POINT('',(6.22452786923942,-3.02690348441903E-9,-6.1708446367068));
#585=CARTESIAN_POINT('',(5.58103929560867,-3.02690354265596E-9,-6.75395809465851));
#586=CARTESIAN_POINT('',(4.8923096031966,-3.02690235125696E-9,-7.2649016638757));
#587=CARTESIAN_POINT('',(4.15525261493161,-3.0269071663976E-9,-7.70789190494737));
#588=CARTESIAN_POINT('',(3.3669187850679,-3.02690571246186E-9,-8.08136809494499));
#589=CARTESIAN_POINT('',(2.55722140286324,-3.02691124402944E-9,-8.37071213839834));
#590=CARTESIAN_POINT('',(1.7256216657579,-3.02689620097132E-9,-8.58005917642879));
#591=CARTESIAN_POINT('',(0.866650296689905,-3.02691146974728E-9,-8.70826923419838));
#592=CARTESIAN_POINT('',(0.00173472218369223,-3.02689723362073E-9,-8.75088013520202));
#593=CARTESIAN_POINT('',(-0.854733331172054,-3.02690340913862E-9,-8.70900786540506));
#594=CARTESIAN_POINT('',(-1.70685615007156,-3.02690539746597E-9,-8.58398062046169));
#595=CARTESIAN_POINT('',(-2.55281292716691,-3.02689973994839E-9,-8.3724643098766));
#596=CARTESIAN_POINT('',(-3.36147470751053,-3.02690765744321E-9,-8.08313305341697));
#597=CARTESIAN_POINT('',(-4.13746415119899,-3.02691228421391E-9,-7.71728390301999));
#598=CARTESIAN_POINT('',(-4.88456091639762,-3.02689794038522E-9,-7.27064127075758));
#599=CARTESIAN_POINT('',(-5.57827281000444,-3.02690717584812E-9,-6.75605299154331));
#600=CARTESIAN_POINT('',(-6.21408142557092,-3.02690459423384E-9,-6.18073123590031));
#601=CARTESIAN_POINT('',(-6.79455634121684,-3.02690473754525E-9,-5.54218905697306));
#602=CARTESIAN_POINT('',(-7.48664299248856,-3.02690585936053E-9,-4.60968946698772));
#603=CARTESIAN_POINT('',(-8.02492627313491,-3.02691091206354E-9,-3.60480933785688));
#604=CARTESIAN_POINT('',(-8.41781555702442,-3.02690963634454E-9,-2.51106661266986));
#605=CARTESIAN_POINT('',(-8.6273582572474,-3.02691945398161E-9,-1.67497076663663));
#606=CARTESIAN_POINT('',(-8.75399951073115,-3.02691493038259E-9,-0.826885601643131));
#607=CARTESIAN_POINT('',(-8.79789253387019,-3.02691484610963E-9,0.0369867414570213));
#608=CARTESIAN_POINT('',(-8.75561305143357,-3.02691421879132E-9,0.905348032601581));
#609=CARTESIAN_POINT('',(-8.63020207836234,-3.02691561888264E-9,1.75380599606279));
#610=CARTESIAN_POINT('',(-8.42276777009914,-3.026917188172E-9,2.58780966197891));
#611=CARTESIAN_POINT('',(-8.12987120162406,-3.02691933302603E-9,3.40943906191981));
#612=CARTESIAN_POINT('',(-7.76200151403507,-3.02692014522068E-9,4.18723562886136));
#613=CARTESIAN_POINT('',(-7.17591130346413,-3.02691340502222E-9,5.1690028525757));
#614=CARTESIAN_POINT('',(-6.43657084618879,-3.02692429084727E-9,6.07183138812886));
#615=CARTESIAN_POINT('',(-5.58969006909975,-3.0269219839664E-9,6.83995340102938));
#616=CARTESIAN_POINT('',(-4.89956550471834,-3.02691985934892E-9,7.35405426109422));
#617=CARTESIAN_POINT('',(-4.1518284711829,-3.02691721901014E-9,7.80317047674611));
#618=CARTESIAN_POINT('',(-3.37522908034358,-3.0269246482253E-9,8.17091876933633));
#619=CARTESIAN_POINT('',(-2.56796766304782,-3.02692624196482E-9,8.46121597027329));
#620=CARTESIAN_POINT('',(-1.72533810658767,-3.02691787173464E-9,8.67378411995398));
#621=CARTESIAN_POINT('',(-0.867613912769548,-3.02691674605028E-9,8.80157015807237));
#622=CARTESIAN_POINT('',(0.000384211102683759,-3.02693777522141E-9,8.84462653850685));
#623=CARTESIAN_POINT('',(0.866077068358814,-3.02691987235148E-9,8.80154357353837));
#624=CARTESIAN_POINT('',(-2.40357834055743E-14,-3.02691380272074E-9,8.83026998093968));
#625=CARTESIAN_POINT('',(2.1119488942469E-14,13.6249999969731,0.0467349060164367));
#626=CARTESIAN_POINT('',(4.59999999999947,-3.02691380272074E-9,0.0467349050592163));
#627=CARTESIAN_POINT('',(-0.905930146249715,-3.11606861994651E-9,9.18820897348849));
#628=CARTESIAN_POINT('',(0.000401180683455843,-2.69424246242401E-9,9.2331624175657));
#629=CARTESIAN_POINT('',(0.904325423515902,-3.11605907286172E-9,9.18818118643375));
#630=CARTESIAN_POINT('',(1.79011920375326,-3.0030812436515E-9,9.05657076566559));
#631=CARTESIAN_POINT('',(2.66185745189069,-3.03317641219939E-9,8.83898414858558));
#632=CARTESIAN_POINT('',(3.80522342921561,-3.02326374300611E-9,8.42961675302799));
#633=CARTESIAN_POINT('',(4.8555260927966,-3.02750789811561E-9,7.86792210715225));
#634=CARTESIAN_POINT('',(5.82814369646214,-3.026811663721E-9,7.14760820758132));
#635=CARTESIAN_POINT('',(6.49702927656366,-3.02695423907368E-9,6.54079966555048));
#636=CARTESIAN_POINT('',(7.09823880005084,-3.02690824019579E-9,5.87733809401482));
#637=CARTESIAN_POINT('',(7.63519303299332,-3.02692126002966E-9,5.15497318502839));
#638=CARTESIAN_POINT('',(8.10301596135021,-3.02691771787419E-9,4.3743070124322));
#639=CARTESIAN_POINT('',(8.48593368592608,-3.0269215935277E-9,3.5638190186105));
#640=CARTESIAN_POINT('',(8.78850901911055,-3.02691248324739E-9,2.72039046013308));
#641=CARTESIAN_POINT('',(9.01004907543632,-3.02691574627768E-9,1.83821615904003));
#642=CARTESIAN_POINT('',(9.14171858181455,-3.02691488734311E-9,0.94696380412472));
#643=CARTESIAN_POINT('',(9.18605522083773,-3.02691818866549E-9,0.0527329445379865));
#644=CARTESIAN_POINT('',(9.14268314657135,-3.02690898717844E-9,-0.848255089538074));
#645=CARTESIAN_POINT('',(8.96470919130951,-3.02691402873722E-9,-2.04665773603301));
#646=CARTESIAN_POINT('',(8.61974022520507,-3.02690594707853E-9,-3.18615931834212));
#647=CARTESIAN_POINT('',(8.10146785914136,-3.02690821877794E-9,-4.28403699204334));
#648=CARTESIAN_POINT('',(7.63888782191671,-3.02690775191149E-9,-5.05516682307289));
#649=CARTESIAN_POINT('',(7.10595896700284,-3.02691062601334E-9,-5.77466372519311));
#650=CARTESIAN_POINT('',(6.49941761330774,-3.02690212674671E-9,-6.44542803563975));
#651=CARTESIAN_POINT('',(5.827513739953,-3.02690486602281E-9,-7.0542966283166));
#652=CARTESIAN_POINT('',(5.1083655548102,-3.0269045400833E-9,-7.58780102713553));
#653=CARTESIAN_POINT('',(4.33876092006827,-3.02690498208226E-9,-8.05035840772669));
#654=CARTESIAN_POINT('',(3.51561039317657,-3.02690516465873E-9,-8.44032434461401));
#655=CARTESIAN_POINT('',(2.67015533694146,-3.02690535390589E-9,-8.74245103314914));
#656=CARTESIAN_POINT('',(1.8018282016208,-3.02690547864366E-9,-8.96103922152269));
#657=CARTESIAN_POINT('',(0.904922056346249,-3.02690555795715E-9,-9.09491569599941));
#658=CARTESIAN_POINT('',(0.00181002498417734,-3.02690558371709E-9,-9.13940377995549));
#659=CARTESIAN_POINT('',(-0.892482234967368,-3.02690555840426E-9,-9.09568662385263));
#660=CARTESIAN_POINT('',(-1.7822368071507,-3.02690548105943E-9,-8.9651332510208));
#661=CARTESIAN_POINT('',(-2.66555403177669,-3.02690535491045E-9,-8.7442799713087));
#662=CARTESIAN_POINT('',(-3.50992610317979,-3.02690516598707E-9,-8.44216711389982));
#663=CARTESIAN_POINT('',(-4.32018639866348,-3.02690498689726E-9,-8.06016541077708));
#664=CARTESIAN_POINT('',(-5.100274072606,-3.02690454706182E-9,-7.59379453963014));
#665=CARTESIAN_POINT('',(-5.82462545684229,-3.02690485436128E-9,-7.05648373899111));
#666=CARTESIAN_POINT('',(-6.48851038356318,-3.02690218109542E-9,-6.45575082155119));
#667=CARTESIAN_POINT('',(-7.09462378370582,-3.02691045415023E-9,-5.78901134597738));
#668=CARTESIAN_POINT('',(-7.81727167842768,-3.02690775098279E-9,-4.81532750691406));
#669=CARTESIAN_POINT('',(-8.37932703663172,-3.0269036727879E-9,-3.76606885750121));
#670=CARTESIAN_POINT('',(-8.78957107037304,-3.02691379575203E-9,-2.6240238850144));
#671=CARTESIAN_POINT('',(-9.00836337072466,-3.0269117515152E-9,-1.75100369672329));
#672=CARTESIAN_POINT('',(-9.14060152165307,-3.02690927045147E-9,-0.865465749352935));
#673=CARTESIAN_POINT('',(-9.18642845770632,-3.02691812451477E-9,0.0365575068239036));
#674=CARTESIAN_POINT('',(-9.14228607621697,-3.02691491081603E-9,0.943268040392125));
#675=CARTESIAN_POINT('',(-9.01133223571808,-3.02691573995391E-9,1.82919501503111));
#676=CARTESIAN_POINT('',(-8.7947414690785,-3.02691252029519E-9,2.70003086341839));
#677=CARTESIAN_POINT('',(-8.48890584189197,-3.02692150808609E-9,3.55794400755919));
#678=CARTESIAN_POINT('',(-8.10479338070322,-3.0269180507512E-9,4.37009252372435));
#679=CARTESIAN_POINT('',(-7.49281562376039,-3.02692069864612E-9,5.39521622286633));
#680=CARTESIAN_POINT('',(-6.72082422359927,-3.02690499555666E-9,6.33791523801769));
#681=CARTESIAN_POINT('',(-5.83654527382315,-3.02695452139346E-9,7.13996252594647));
#682=CARTESIAN_POINT('',(-5.11594006698008,-3.02679929667723E-9,7.67676432327597));
#683=CARTESIAN_POINT('',(-4.33518320855858,-3.02738116647071E-9,8.14571808326414));
#684=CARTESIAN_POINT('',(-3.5242860147802,-3.02520727396619E-9,8.52970259467623));
#685=CARTESIAN_POINT('',(-2.68137600521073,-3.03331962232361E-9,8.83282387572644));
#686=CARTESIAN_POINT('',(-1.8015332897133,-3.00304305629898E-9,9.05477515988493));
#687=CARTESIAN_POINT('',(-0.905930146249715,-3.11606861994651E-9,9.18820897348849));
#688=CARTESIAN_POINT('',(0.000401180683455843,-2.69424246242401E-9,9.2331624175657));
#689=CARTESIAN_POINT('',(0.904325423515902,-3.11605907286172E-9,9.18818118643375));
#690=CARTESIAN_POINT('',(-2.16801264360067E-11,-3.02692254463432E-9,9.21817330513224));
#691=CARTESIAN_POINT('',(0.,13.9999999969731,0.0467349050592163));
#692=CARTESIAN_POINT('',(0.,13.9999999969731,0.0467349050592163));
#693=CARTESIAN_POINT('',(0.,13.9999999969731,0.0467349050592163));
#694=CARTESIAN_POINT('',(0.,13.9999999969731,0.0467349050592163));
#695=CARTESIAN_POINT('',(0.,13.9999999969731,0.0467349050592163));
#696=CARTESIAN_POINT('',(0.,13.9999999969731,0.0467349050592163));
#697=CARTESIAN_POINT('',(0.,13.9999999969731,0.0467349050592163));
#698=CARTESIAN_POINT('',(0.,13.9999999969731,0.0467349050592163));
#699=CARTESIAN_POINT('',(0.,13.9999999969731,0.0467349050592163));
#700=CARTESIAN_POINT('',(0.,13.9999999969731,0.0467349050592163));
#701=CARTESIAN_POINT('',(0.,13.9999999969731,0.0467349050592163));
#702=CARTESIAN_POINT('',(0.,13.9999999969731,0.0467349050592163));
#703=CARTESIAN_POINT('',(0.,13.9999999969731,0.0467349050592163));
#704=CARTESIAN_POINT('',(0.,13.9999999969731,0.0467349050592163));
#705=CARTESIAN_POINT('',(0.,13.9999999969731,0.0467349050592163));
#706=CARTESIAN_POINT('',(0.,13.9999999969731,0.0467349050592163));
#707=CARTESIAN_POINT('',(0.,13.9999999969731,0.0467349050592163));
#708=CARTESIAN_POINT('',(0.,13.9999999969731,0.0467349050592163));
#709=CARTESIAN_POINT('',(0.,13.9999999969731,0.0467349050592163));
#710=CARTESIAN_POINT('',(0.,13.9999999969731,0.0467349050592163));
#711=CARTESIAN_POINT('',(0.,13.9999999969731,0.0467349050592163));
#712=CARTESIAN_POINT('',(0.,13.9999999969731,0.0467349050592163));
#713=CARTESIAN_POINT('',(0.,13.9999999969731,0.0467349050592163));
#714=CARTESIAN_POINT('',(0.,13.9999999969731,0.0467349050592163));
#715=CARTESIAN_POINT('',(0.,13.9999999969731,0.0467349050592163));
#716=CARTESIAN_POINT('',(0.,13.9999999969731,0.0467349050592163));
#717=CARTESIAN_POINT('',(0.,13.9999999969731,0.0467349050592163));
#718=CARTESIAN_POINT('',(0.,13.9999999969731,0.0467349050592163));
#719=CARTESIAN_POINT('',(0.,13.9999999969731,0.0467349050592163));
#720=CARTESIAN_POINT('',(0.,13.9999999969731,0.0467349050592163));
#721=CARTESIAN_POINT('',(0.,13.9999999969731,0.0467349050592163));
#722=CARTESIAN_POINT('',(0.,13.9999999969731,0.0467349050592163));
#723=CARTESIAN_POINT('',(0.,13.9999999969731,0.0467349050592163));
#724=CARTESIAN_POINT('',(0.,13.9999999969731,0.0467349050592163));
#725=CARTESIAN_POINT('',(0.,13.9999999969731,0.0467349050592163));
#726=CARTESIAN_POINT('',(0.465667176132036,14.0000000030269,2.38780188981455));
#727=CARTESIAN_POINT('',(1.35738697185193E-15,14.0000000030269,2.43366610348916));
#728=CARTESIAN_POINT('',(-0.46566717613204,14.0000000030269,2.38780188981455));
#729=CARTESIAN_POINT('',(-0.913439023834487,14.0000000030269,2.25197178480128));
#730=CARTESIAN_POINT('',(-1.32610792211348,14.0000000030269,2.03139566321061));
#731=CARTESIAN_POINT('',(-1.68781523663554,14.0000000030269,1.73455014169476));
#732=CARTESIAN_POINT('',(-1.98466075815139,14.0000000030269,1.3728428271727));
#733=CARTESIAN_POINT('',(-2.20523687974206,14.0000000030269,0.960173928893702));
#734=CARTESIAN_POINT('',(-2.34106698475532,14.0000000030269,0.512402081191256));
#735=CARTESIAN_POINT('',(-2.38693119842994,14.0000000030269,0.0467349050592172));
#736=CARTESIAN_POINT('',(-2.34106698475533,14.0000000030269,-0.418932271072824));
#737=CARTESIAN_POINT('',(-2.20523687974206,14.0000000030269,-0.866704118775268));
#738=CARTESIAN_POINT('',(-1.98466075815139,14.0000000030269,-1.27937301705426));
#739=CARTESIAN_POINT('',(-1.68781523663554,14.0000000030269,-1.64108033157632));
#740=CARTESIAN_POINT('',(-1.32610792211348,14.0000000030269,-1.93792585309217));
#741=CARTESIAN_POINT('',(-0.913439023834487,14.0000000030269,-2.15850197468284));
#742=CARTESIAN_POINT('',(-0.465667176132037,14.0000000030269,-2.29433207969611));
#743=CARTESIAN_POINT('',(-1.30789609363478E-15,14.0000000030269,-2.34019629337072));
#744=CARTESIAN_POINT('',(0.46566717613204,14.0000000030269,-2.29433207969611));
#745=CARTESIAN_POINT('',(0.913439023834484,14.0000000030269,-2.15850197468284));
#746=CARTESIAN_POINT('',(1.32610792211348,14.0000000030269,-1.93792585309217));
#747=CARTESIAN_POINT('',(1.68781523663554,14.0000000030269,-1.64108033157633));
#748=CARTESIAN_POINT('',(1.98466075815139,14.0000000030269,-1.27937301705425));
#749=CARTESIAN_POINT('',(2.20523687974206,14.0000000030269,-0.866704118775274));
#750=CARTESIAN_POINT('',(2.34106698475533,14.0000000030269,-0.418932271072816));
#751=CARTESIAN_POINT('',(2.38693119842994,14.0000000030269,0.0467349050592134));
#752=CARTESIAN_POINT('',(2.34106698475532,14.0000000030269,0.512402081191257));
#753=CARTESIAN_POINT('',(2.20523687974206,14.0000000030269,0.960173928893701));
#754=CARTESIAN_POINT('',(1.98466075815139,14.0000000030269,1.3728428271727));
#755=CARTESIAN_POINT('',(1.68781523663554,14.0000000030269,1.73455014169476));
#756=CARTESIAN_POINT('',(1.32610792211348,14.0000000030269,2.03139566321061));
#757=CARTESIAN_POINT('',(0.913439023834482,14.0000000030269,2.25197178480128));
#758=CARTESIAN_POINT('',(0.465667176132036,14.0000000030269,2.38780188981455));
#759=CARTESIAN_POINT('',(1.35738697185193E-15,14.0000000030269,2.43366610348916));
#760=CARTESIAN_POINT('',(-0.46566717613204,14.0000000030269,2.38780188981455));
#761=CARTESIAN_POINT('',(0.961259558611971,11.5132172334701,4.87931304625268));
#762=CARTESIAN_POINT('',(2.97289340486993E-15,11.5132172334701,4.97398884917086));
#763=CARTESIAN_POINT('',(-0.96125955861198,11.5132172334701,4.87931304625268));
#764=CARTESIAN_POINT('',(-1.88557845146707,11.5132172334701,4.59892397550948));
#765=CARTESIAN_POINT('',(-2.73743562187686,11.5132172334701,4.14359683168592));
#766=CARTESIAN_POINT('',(-3.48409467650951,11.5132172334701,3.53082958156873));
#767=CARTESIAN_POINT('',(-4.0968619266267,11.5132172334701,2.78417052693608));
#768=CARTESIAN_POINT('',(-4.55218907045026,11.5132172334701,1.93231335652629));
#769=CARTESIAN_POINT('',(-4.83257814119346,11.5132172334701,1.0079944636712));
#770=CARTESIAN_POINT('',(-4.92725394411165,11.5132172334701,0.046734905059218));
#771=CARTESIAN_POINT('',(-4.83257814119346,11.5132172334701,-0.914524653552762));
#772=CARTESIAN_POINT('',(-4.55218907045026,11.5132172334701,-1.83884354640784));
#773=CARTESIAN_POINT('',(-4.0968619266267,11.5132172334701,-2.69070071681764));
#774=CARTESIAN_POINT('',(-3.48409467650951,11.5132172334701,-3.43735977145029));
#775=CARTESIAN_POINT('',(-2.73743562187686,11.5132172334701,-4.05012702156747));
#776=CARTESIAN_POINT('',(-1.88557845146707,11.5132172334701,-4.50545416539104));
#777=CARTESIAN_POINT('',(-0.961259558611973,11.5132172334701,-4.78584323613425));
#778=CARTESIAN_POINT('',(-3.01789736447391E-15,11.5132172334701,-4.88051903905243));
#779=CARTESIAN_POINT('',(0.961259558611981,11.5132172334701,-4.78584323613425));
#780=CARTESIAN_POINT('',(1.88557845146707,11.5132172334701,-4.50545416539104));
#781=CARTESIAN_POINT('',(2.73743562187687,11.5132172334701,-4.05012702156748));
#782=CARTESIAN_POINT('',(3.4840946765095,11.5132172334701,-3.43735977145029));
#783=CARTESIAN_POINT('',(4.0968619266267,11.5132172334701,-2.69070071681763));
#784=CARTESIAN_POINT('',(4.55218907045026,11.5132172334701,-1.83884354640786));
#785=CARTESIAN_POINT('',(4.83257814119348,11.5132172334701,-0.914524653552747));
#786=CARTESIAN_POINT('',(4.92725394411165,11.5132172334701,0.0467349050592085));
#787=CARTESIAN_POINT('',(4.83257814119346,11.5132172334701,1.0079944636712));
#788=CARTESIAN_POINT('',(4.55218907045026,11.5132172334701,1.93231335652629));
#789=CARTESIAN_POINT('',(4.09686192662669,11.5132172334701,2.78417052693609));
#790=CARTESIAN_POINT('',(3.4840946765095,11.5132172334701,3.53082958156873));
#791=CARTESIAN_POINT('',(2.73743562187686,11.5132172334701,4.14359683168592));
#792=CARTESIAN_POINT('',(1.88557845146706,11.5132172334701,4.59892397550949));
#793=CARTESIAN_POINT('',(0.961259558611971,11.5132172334701,4.87931304625268));
#794=CARTESIAN_POINT('',(2.97289340486993E-15,11.5132172334701,4.97398884917086));
#795=CARTESIAN_POINT('',(-0.96125955861198,11.5132172334701,4.87931304625268));
#796=CARTESIAN_POINT('',(1.41527134464266,6.33420092297699,7.16178442805537));
#797=CARTESIAN_POINT('',(4.37095678986282E-15,6.33420092297699,7.3011764889204));
#798=CARTESIAN_POINT('',(-1.41527134464267,6.33420092297699,7.16178442805537));
#799=CARTESIAN_POINT('',(-2.77615460520403,6.33420092297699,6.74896500418733));
#800=CARTESIAN_POINT('',(-4.03035180117285,6.33420092297699,6.07858263626374));
#801=CARTESIAN_POINT('',(-5.12966483766992,6.33420092297699,5.17639974272914));
#802=CARTESIAN_POINT('',(-6.03184773120452,6.33420092297699,4.07708670623207));
#803=CARTESIAN_POINT('',(-6.70223009912811,6.33420092297699,2.82288951026326));
#804=CARTESIAN_POINT('',(-7.11504952299615,6.33420092297699,1.46200624970189));
#805=CARTESIAN_POINT('',(-7.25444158386119,6.33420092297699,0.0467349050592183));
#806=CARTESIAN_POINT('',(-7.11504952299615,6.33420092297699,-1.36853643958345));
#807=CARTESIAN_POINT('',(-6.70223009912811,6.33420092297699,-2.72941970014482));
#808=CARTESIAN_POINT('',(-6.03184773120452,6.33420092297699,-3.98361689611363));
#809=CARTESIAN_POINT('',(-5.12966483766992,6.33420092297699,-5.0829299326107));
#810=CARTESIAN_POINT('',(-4.03035180117285,6.33420092297699,-5.9851128261453));
#811=CARTESIAN_POINT('',(-2.77615460520404,6.33420092297699,-6.65549519406889));
#812=CARTESIAN_POINT('',(-1.41527134464266,6.33420092297699,-7.06831461793693));
#813=CARTESIAN_POINT('',(-3.70780141431858E-15,6.33420092297699,-7.20770667880197));
#814=CARTESIAN_POINT('',(1.41527134464267,6.33420092297699,-7.06831461793692));
#815=CARTESIAN_POINT('',(2.77615460520403,6.33420092297699,-6.6554951940689));
#816=CARTESIAN_POINT('',(4.03035180117286,6.33420092297699,-5.98511282614529));
#817=CARTESIAN_POINT('',(5.12966483766992,6.33420092297699,-5.08292993261071));
#818=CARTESIAN_POINT('',(6.03184773120453,6.33420092297699,-3.98361689611362));
#819=CARTESIAN_POINT('',(6.7022300991281,6.33420092297699,-2.72941970014483));
#820=CARTESIAN_POINT('',(7.11504952299615,6.33420092297699,-1.36853643958343));
#821=CARTESIAN_POINT('',(7.25444158386119,6.33420092297699,0.0467349050592101));
#822=CARTESIAN_POINT('',(7.11504952299615,6.33420092297699,1.46200624970189));
#823=CARTESIAN_POINT('',(6.70223009912811,6.33420092297699,2.82288951026325));
#824=CARTESIAN_POINT('',(6.03184773120452,6.33420092297699,4.07708670623207));
#825=CARTESIAN_POINT('',(5.12966483766992,6.33420092297699,5.17639974272915));
#826=CARTESIAN_POINT('',(4.03035180117285,6.33420092297699,6.07858263626374));
#827=CARTESIAN_POINT('',(2.77615460520403,6.33420092297699,6.74896500418733));
#828=CARTESIAN_POINT('',(1.41527134464266,6.33420092297699,7.16178442805537));
#829=CARTESIAN_POINT('',(4.37095678986282E-15,6.33420092297699,7.3011764889204));
#830=CARTESIAN_POINT('',(-1.41527134464267,6.33420092297699,7.16178442805537));
#831=CARTESIAN_POINT('',(1.62027795673579,3.28477210358879,8.19242226517811));
#832=CARTESIAN_POINT('',(4.71243778907085E-15,3.28477210358879,8.35200571496569));
#833=CARTESIAN_POINT('',(-1.6202779567358,3.28477210358879,8.1924222651781));
#834=CARTESIAN_POINT('',(-3.1782895402566,3.28477210358879,7.71980461829524));
#835=CARTESIAN_POINT('',(-4.61416123915064,3.28477210358879,6.9523152054398));
#836=CARTESIAN_POINT('',(-5.87271330927556,3.28477210358879,5.91944821433477));
#837=CARTESIAN_POINT('',(-6.90558030038058,3.28477210358879,4.66089614420986));
#838=CARTESIAN_POINT('',(-7.67306971323603,3.28477210358879,3.22502444531582));
#839=CARTESIAN_POINT('',(-8.14568736011888,3.28477210358879,1.66701286179502));
#840=CARTESIAN_POINT('',(-8.30527080990647,3.28477210358879,0.0467349050592187));
#841=CARTESIAN_POINT('',(-8.14568736011888,3.28477210358879,-1.57354305167659));
#842=CARTESIAN_POINT('',(-7.67306971323602,3.28477210358879,-3.13155463519737));
#843=CARTESIAN_POINT('',(-6.90558030038058,3.28477210358879,-4.56742633409142));
#844=CARTESIAN_POINT('',(-5.87271330927556,3.28477210358879,-5.82597840421633));
#845=CARTESIAN_POINT('',(-4.61416123915064,3.28477210358879,-6.85884539532136));
#846=CARTESIAN_POINT('',(-3.1782895402566,3.28477210358879,-7.6263348081768));
#847=CARTESIAN_POINT('',(-1.62027795673579,3.28477210358879,-8.09895245505967));
#848=CARTESIAN_POINT('',(-4.76905674607521E-15,3.28477210358879,-8.25853590484725));
#849=CARTESIAN_POINT('',(1.62027795673581,3.28477210358879,-8.09895245505967));
#850=CARTESIAN_POINT('',(3.17828954025659,3.28477210358879,-7.6263348081768));
#851=CARTESIAN_POINT('',(4.61416123915065,3.28477210358879,-6.85884539532135));
#852=CARTESIAN_POINT('',(5.87271330927555,3.28477210358879,-5.82597840421634));
#853=CARTESIAN_POINT('',(6.90558030038059,3.28477210358879,-4.5674263340914));
#854=CARTESIAN_POINT('',(7.67306971323602,3.28477210358879,-3.13155463519739));
#855=CARTESIAN_POINT('',(8.1456873601189,3.28477210358879,-1.57354305167656));
#856=CARTESIAN_POINT('',(8.30527080990647,3.28477210358879,0.0467349050592065));
#857=CARTESIAN_POINT('',(8.14568736011888,3.28477210358879,1.66701286179503));
#858=CARTESIAN_POINT('',(7.67306971323603,3.28477210358879,3.22502444531581));
#859=CARTESIAN_POINT('',(6.90558030038057,3.28477210358879,4.66089614420987));
#860=CARTESIAN_POINT('',(5.87271330927555,3.28477210358879,5.91944821433478));
#861=CARTESIAN_POINT('',(4.61416123915064,3.28477210358879,6.9523152054398));
#862=CARTESIAN_POINT('',(3.17828954025658,3.28477210358879,7.71980461829525));
#863=CARTESIAN_POINT('',(1.62027795673579,3.28477210358879,8.19242226517811));
#864=CARTESIAN_POINT('',(4.71243778907085E-15,3.28477210358879,8.35200571496569));
#865=CARTESIAN_POINT('',(-1.6202779567358,3.28477210358879,8.1924222651781));
#866=CARTESIAN_POINT('',(1.76721855453056,0.681613381524091,8.93114253546833));
#867=CARTESIAN_POINT('',(5.63443648693254E-15,0.681613381524091,9.10519837094286));
#868=CARTESIAN_POINT('',(-1.76721855453057,0.681613381524091,8.93114253546832));
#869=CARTESIAN_POINT('',(-3.46652389107812,0.681613381524091,8.41566389719037));
#870=CARTESIAN_POINT('',(-5.03261265854053,0.681613381524091,7.57857201109426));
#871=CARTESIAN_POINT('',(-6.40530094385692,0.681613381524091,6.45203584891614));
#872=CARTESIAN_POINT('',(-7.53183710603504,0.681613381524091,5.07934756359975));
#873=CARTESIAN_POINT('',(-8.36892899213115,0.681613381524091,3.51325879613734));
#874=CARTESIAN_POINT('',(-8.8844076304091,0.681613381524091,1.81395345958979));
#875=CARTESIAN_POINT('',(-9.05846346588364,0.681613381524091,0.0467349050592176));
#876=CARTESIAN_POINT('',(-8.8844076304091,0.681613381524091,-1.72048364947135));
#877=CARTESIAN_POINT('',(-8.36892899213115,0.681613381524091,-3.4197889860189));
#878=CARTESIAN_POINT('',(-7.53183710603504,0.681613381524091,-4.9858777534813));
#879=CARTESIAN_POINT('',(-6.40530094385692,0.681613381524091,-6.3585660387977));
#880=CARTESIAN_POINT('',(-5.03261265854053,0.681613381524091,-7.48510220097583));
#881=CARTESIAN_POINT('',(-3.46652389107812,0.681613381524091,-8.32219408707193));
#882=CARTESIAN_POINT('',(-1.76721855453056,0.681613381524091,-8.83767272534989));
#883=CARTESIAN_POINT('',(-4.82453040490078E-15,0.681613381524091,-9.01172856082442));
#884=CARTESIAN_POINT('',(1.76721855453057,0.681613381524091,-8.83767272534989));
#885=CARTESIAN_POINT('',(3.46652389107811,0.681613381524091,-8.32219408707194));
#886=CARTESIAN_POINT('',(5.03261265854054,0.681613381524091,-7.48510220097582));
#887=CARTESIAN_POINT('',(6.40530094385691,0.681613381524091,-6.3585660387977));
#888=CARTESIAN_POINT('',(7.53183710603505,0.681613381524091,-4.9858777534813));
#889=CARTESIAN_POINT('',(8.36892899213115,0.681613381524091,-3.41978898601891));
#890=CARTESIAN_POINT('',(8.88440763040911,0.681613381524091,-1.72048364947133));
#891=CARTESIAN_POINT('',(9.05846346588364,0.681613381524091,0.0467349050592066));
#892=CARTESIAN_POINT('',(8.8844076304091,0.681613381524091,1.8139534595898));
#893=CARTESIAN_POINT('',(8.36892899213115,0.681613381524091,3.51325879613734));
#894=CARTESIAN_POINT('',(7.53183710603504,0.681613381524091,5.07934756359976));
#895=CARTESIAN_POINT('',(6.40530094385691,0.681613381524091,6.45203584891615));
#896=CARTESIAN_POINT('',(5.03261265854053,0.681613381524091,7.57857201109426));
#897=CARTESIAN_POINT('',(3.46652389107811,0.681613381524091,8.41566389719037));
#898=CARTESIAN_POINT('',(1.76721855453056,0.681613381524091,8.93114253546833));
#899=CARTESIAN_POINT('',(5.63443648693254E-15,0.681613381524091,9.10519837094286));
#900=CARTESIAN_POINT('',(-1.76721855453057,0.681613381524091,8.93114253546832));
#901=CARTESIAN_POINT('',(1.8798837025558,-1.5527698584005,9.49754848352184));
#902=CARTESIAN_POINT('',(5.66858458685335E-15,-1.5527698584005,9.68270086753481));
#903=CARTESIAN_POINT('',(-1.87988370255582,-1.5527698584005,9.49754848352183));
#904=CARTESIAN_POINT('',(-3.68752452867334,-1.5527698584005,8.94920663376584));
#905=CARTESIAN_POINT('',(-5.35345585514152,-1.5527698584005,8.05874778803933));
#906=CARTESIAN_POINT('',(-6.81365687534925,-1.5527698584005,6.86039178040847));
#907=CARTESIAN_POINT('',(-8.01201288298011,-1.5527698584005,5.40019076020074));
#908=CARTESIAN_POINT('',(-8.90247172870662,-1.5527698584005,3.73425943373256));
#909=CARTESIAN_POINT('',(-9.45081357846261,-1.5527698584005,1.92661860761503));
#910=CARTESIAN_POINT('',(-9.63596596247559,-1.5527698584005,0.0467349050592177));
#911=CARTESIAN_POINT('',(-9.45081357846261,-1.5527698584005,-1.8331487974966));
#912=CARTESIAN_POINT('',(-8.90247172870662,-1.5527698584005,-3.64078962361411));
#913=CARTESIAN_POINT('',(-8.01201288298011,-1.5527698584005,-5.3067209500823));
#914=CARTESIAN_POINT('',(-6.81365687534925,-1.5527698584005,-6.76692197029003));
#915=CARTESIAN_POINT('',(-5.35345585514152,-1.5527698584005,-7.96527797792089));
#916=CARTESIAN_POINT('',(-3.68752452867334,-1.5527698584005,-8.8557368236474));
#917=CARTESIAN_POINT('',(-1.8798837025558,-1.5527698584005,-9.40407867340339));
#918=CARTESIAN_POINT('',(-5.11002217008505E-15,-1.5527698584005,-9.58923105741637));
#919=CARTESIAN_POINT('',(1.87988370255582,-1.5527698584005,-9.40407867340339));
#920=CARTESIAN_POINT('',(3.68752452867333,-1.5527698584005,-8.85573682364741));
#921=CARTESIAN_POINT('',(5.35345585514153,-1.5527698584005,-7.96527797792087));
#922=CARTESIAN_POINT('',(6.81365687534925,-1.5527698584005,-6.76692197029004));
#923=CARTESIAN_POINT('',(8.01201288298011,-1.5527698584005,-5.30672095008228));
#924=CARTESIAN_POINT('',(8.90247172870661,-1.5527698584005,-3.64078962361413));
#925=CARTESIAN_POINT('',(9.45081357846262,-1.5527698584005,-1.83314879749657));
#926=CARTESIAN_POINT('',(9.63596596247559,-1.5527698584005,0.0467349050592057));
#927=CARTESIAN_POINT('',(9.45081357846261,-1.5527698584005,1.92661860761504));
#928=CARTESIAN_POINT('',(8.90247172870663,-1.5527698584005,3.73425943373255));
#929=CARTESIAN_POINT('',(8.0120128829801,-1.5527698584005,5.40019076020075));
#930=CARTESIAN_POINT('',(6.81365687534925,-1.5527698584005,6.86039178040847));
#931=CARTESIAN_POINT('',(5.35345585514152,-1.5527698584005,8.05874778803933));
#932=CARTESIAN_POINT('',(3.68752452867332,-1.5527698584005,8.94920663376585));
#933=CARTESIAN_POINT('',(1.8798837025558,-1.5527698584005,9.49754848352184));
#934=CARTESIAN_POINT('',(5.66858458685335E-15,-1.5527698584005,9.68270086753481));
#935=CARTESIAN_POINT('',(-1.87988370255582,-1.5527698584005,9.49754848352183));
#936=CARTESIAN_POINT('',(1.97447010076708,-3.59026888596561,9.97306641866735));
#937=CARTESIAN_POINT('',(6.35154658526941E-15,-3.59026888596561,10.1675347497786));
#938=CARTESIAN_POINT('',(-1.9744701007671,-3.59026888596561,9.97306641866735));
#939=CARTESIAN_POINT('',(-3.8730624228573,-3.59026888596561,9.39713473423891));
#940=CARTESIAN_POINT('',(-5.62281512807553,-3.59026888596561,8.46187242813975));
#941=CARTESIAN_POINT('',(-7.15648620123287,-3.59026888596561,7.20322110629209));
#942=CARTESIAN_POINT('',(-8.41513752308053,-3.59026888596561,5.66955003313475));
#943=CARTESIAN_POINT('',(-9.35039982917969,-3.59026888596561,3.91979732791652));
#944=CARTESIAN_POINT('',(-9.92633151360813,-3.59026888596561,2.02120500582631));
#945=CARTESIAN_POINT('',(-10.1207998447194,-3.59026888596561,0.0467349050592219));
#946=CARTESIAN_POINT('',(-9.92633151360813,-3.59026888596561,-1.92773519570788));
#947=CARTESIAN_POINT('',(-9.35039982917969,-3.59026888596561,-3.82632751779807));
#948=CARTESIAN_POINT('',(-8.41513752308053,-3.59026888596561,-5.57608022301631));
#949=CARTESIAN_POINT('',(-7.15648620123287,-3.59026888596561,-7.10975129617365));
#950=CARTESIAN_POINT('',(-5.62281512807553,-3.59026888596561,-8.36840261802131));
#951=CARTESIAN_POINT('',(-3.87306242285731,-3.59026888596561,-9.30366492412048));
#952=CARTESIAN_POINT('',(-1.97447010076708,-3.59026888596561,-9.87959660854891));
#953=CARTESIAN_POINT('',(-5.71042759949115E-15,-3.59026888596561,-10.0740649396602));
#954=CARTESIAN_POINT('',(1.9744701007671,-3.59026888596561,-9.87959660854891));
#955=CARTESIAN_POINT('',(3.87306242285729,-3.59026888596561,-9.30366492412048));
#956=CARTESIAN_POINT('',(5.62281512807554,-3.59026888596561,-8.3684026180213));
#957=CARTESIAN_POINT('',(7.15648620123286,-3.59026888596561,-7.10975129617366));
#958=CARTESIAN_POINT('',(8.41513752308054,-3.59026888596561,-5.5760802230163));
#959=CARTESIAN_POINT('',(9.35039982917969,-3.59026888596561,-3.82632751779809));
#960=CARTESIAN_POINT('',(9.92633151360813,-3.59026888596561,-1.92773519570785));
#961=CARTESIAN_POINT('',(10.1207998447194,-3.59026888596561,0.0467349050592049));
#962=CARTESIAN_POINT('',(9.92633151360813,-3.59026888596561,2.02120500582632));
#963=CARTESIAN_POINT('',(9.35039982917969,-3.59026888596561,3.91979732791652));
#964=CARTESIAN_POINT('',(8.41513752308053,-3.59026888596561,5.66955003313476));
#965=CARTESIAN_POINT('',(7.15648620123286,-3.59026888596561,7.20322110629209));
#966=CARTESIAN_POINT('',(5.62281512807553,-3.59026888596561,8.46187242813975));
#967=CARTESIAN_POINT('',(3.87306242285729,-3.59026888596561,9.39713473423892));
#968=CARTESIAN_POINT('',(1.97447010076708,-3.59026888596561,9.97306641866735));
#969=CARTESIAN_POINT('',(6.35154658526941E-15,-3.59026888596561,10.1675347497786));
#970=CARTESIAN_POINT('',(-1.9744701007671,-3.59026888596561,9.97306641866735));
#971=CARTESIAN_POINT('',(2.06298628962161,-5.63046630335921,10.4180673505882));
#972=CARTESIAN_POINT('',(6.14665798574459E-15,-5.63046630335921,10.6212537653596));
#973=CARTESIAN_POINT('',(-2.06298628962163,-5.63046630335921,10.4180673505882));
#974=CARTESIAN_POINT('',(-4.04669317306914,-5.63046630335921,9.81631644624536));
#975=CARTESIAN_POINT('',(-5.87488790728728,-5.63046630335921,8.83912600211915));
#976=CARTESIAN_POINT('',(-7.47731399390347,-5.63046630335921,7.52404889896269));
#977=CARTESIAN_POINT('',(-8.79239109705993,-5.63046630335921,5.9216228123465));
#978=CARTESIAN_POINT('',(-9.76958154118614,-5.63046630335921,4.09342807812836));
#979=CARTESIAN_POINT('',(-10.371332445529,-5.63046630335921,2.10972119468085));
#980=CARTESIAN_POINT('',(-10.5745188603004,-5.63046630335921,0.0467349050592188));
#981=CARTESIAN_POINT('',(-10.371332445529,-5.63046630335921,-2.01625138456241));
#982=CARTESIAN_POINT('',(-9.76958154118613,-5.63046630335921,-3.99995826800992));
#983=CARTESIAN_POINT('',(-8.79239109705994,-5.63046630335921,-5.82815300222806));
#984=CARTESIAN_POINT('',(-7.47731399390347,-5.63046630335921,-7.43057908884424));
#985=CARTESIAN_POINT('',(-5.87488790728728,-5.63046630335921,-8.74565619200072));
#986=CARTESIAN_POINT('',(-4.04669317306915,-5.63046630335921,-9.72284663612692));
#987=CARTESIAN_POINT('',(-2.06298628962162,-5.63046630335921,-10.3245975404698));
#988=CARTESIAN_POINT('',(-5.63347426676974E-15,-5.63046630335921,-10.5277839552412));
#989=CARTESIAN_POINT('',(2.06298628962163,-5.63046630335921,-10.3245975404698));
#990=CARTESIAN_POINT('',(4.04669317306913,-5.63046630335921,-9.72284663612691));
#991=CARTESIAN_POINT('',(5.8748879072873,-5.63046630335921,-8.74565619200071));
#992=CARTESIAN_POINT('',(7.47731399390346,-5.63046630335921,-7.43057908884426));
#993=CARTESIAN_POINT('',(8.79239109705995,-5.63046630335921,-5.82815300222804));
#994=CARTESIAN_POINT('',(9.76958154118613,-5.63046630335921,-3.99995826800994));
#995=CARTESIAN_POINT('',(10.371332445529,-5.63046630335921,-2.01625138456238));
#996=CARTESIAN_POINT('',(10.5745188603004,-5.63046630335921,0.0467349050592045));
#997=CARTESIAN_POINT('',(10.371332445529,-5.63046630335921,2.10972119468085));
#998=CARTESIAN_POINT('',(9.76958154118613,-5.63046630335921,4.09342807812836));
#999=CARTESIAN_POINT('',(8.79239109705993,-5.63046630335921,5.92162281234651));
#1000=CARTESIAN_POINT('',(7.47731399390346,-5.63046630335921,7.52404889896269));
#1001=CARTESIAN_POINT('',(5.87488790728728,-5.63046630335921,8.83912600211916));
#1002=CARTESIAN_POINT('',(4.04669317306912,-5.63046630335921,9.81631644624536));
#1003=CARTESIAN_POINT('',(2.06298628962161,-5.63046630335921,10.4180673505882));
#1004=CARTESIAN_POINT('',(6.14665798574459E-15,-5.63046630335921,10.6212537653596));
#1005=CARTESIAN_POINT('',(-2.06298628962163,-5.63046630335921,10.4180673505882));
#1006=CARTESIAN_POINT('',(2.14615307064659,-7.65027698071151,10.8361749932681));
#1007=CARTESIAN_POINT('',(6.41984278511102E-15,-7.65027698071151,11.0475526210153));
#1008=CARTESIAN_POINT('',(-2.14615307064661,-7.65027698071151,10.8361749932681));
#1009=CARTESIAN_POINT('',(-4.20983068236479,-7.65027698071151,10.2101652337186));
#1010=CARTESIAN_POINT('',(-6.11172686185993,-7.65027698071151,9.19358054635626));
#1011=CARTESIAN_POINT('',(-7.7787528055497,-7.65027698071151,7.82548771060892));
#1012=CARTESIAN_POINT('',(-9.14684564129704,-7.65027698071151,6.15846176691915));
#1013=CARTESIAN_POINT('',(-10.1634303286594,-7.65027698071151,4.25656558742401));
#1014=CARTESIAN_POINT('',(-10.7894400882089,-7.65027698071151,2.19288797570583));
#1015=CARTESIAN_POINT('',(-11.0008177159561,-7.65027698071151,0.0467349050592203));
#1016=CARTESIAN_POINT('',(-10.7894400882089,-7.65027698071151,-2.0994181655874));
#1017=CARTESIAN_POINT('',(-10.1634303286594,-7.65027698071151,-4.16309577730556));
#1018=CARTESIAN_POINT('',(-9.14684564129704,-7.65027698071151,-6.0649919568007));
#1019=CARTESIAN_POINT('',(-7.7787528055497,-7.65027698071151,-7.73201790049049));
#1020=CARTESIAN_POINT('',(-6.11172686185993,-7.65027698071151,-9.10011073623781));
#1021=CARTESIAN_POINT('',(-4.20983068236479,-7.65027698071151,-10.1166954236002));
#1022=CARTESIAN_POINT('',(-2.1461530706466,-7.65027698071151,-10.7427051831497));
#1023=CARTESIAN_POINT('',(-6.24877697488889E-15,-7.65027698071151,-10.954082810897));
#1024=CARTESIAN_POINT('',(2.14615307064662,-7.65027698071151,-10.7427051831497));
#1025=CARTESIAN_POINT('',(4.20983068236478,-7.65027698071151,-10.1166954236003));
#1026=CARTESIAN_POINT('',(6.11172686185994,-7.65027698071151,-9.1001107362378));
#1027=CARTESIAN_POINT('',(7.7787528055497,-7.65027698071151,-7.73201790049049));
#1028=CARTESIAN_POINT('',(9.14684564129704,-7.65027698071151,-6.06499195680069));
#1029=CARTESIAN_POINT('',(10.1634303286594,-7.65027698071151,-4.16309577730558));
#1030=CARTESIAN_POINT('',(10.7894400882089,-7.65027698071151,-2.09941816558736));
#1031=CARTESIAN_POINT('',(11.0008177159561,-7.65027698071151,0.046734905059204));
#1032=CARTESIAN_POINT('',(10.7894400882089,-7.65027698071151,2.19288797570584));
#1033=CARTESIAN_POINT('',(10.1634303286595,-7.65027698071151,4.256565587424));
#1034=CARTESIAN_POINT('',(9.14684564129703,-7.65027698071151,6.15846176691916));
#1035=CARTESIAN_POINT('',(7.7787528055497,-7.65027698071151,7.82548771060893));
#1036=CARTESIAN_POINT('',(6.11172686185992,-7.65027698071151,9.19358054635625));
#1037=CARTESIAN_POINT('',(4.20983068236477,-7.65027698071151,10.2101652337187));
#1038=CARTESIAN_POINT('',(2.14615307064659,-7.65027698071151,10.8361749932681));
#1039=CARTESIAN_POINT('',(6.41984278511102E-15,-7.65027698071151,11.0475526210153));
#1040=CARTESIAN_POINT('',(-2.14615307064661,-7.65027698071151,10.8361749932681));
#1041=CARTESIAN_POINT('',(2.22477062839818,-9.62373360032701,11.2314121461271));
#1042=CARTESIAN_POINT('',(7.00036048376467E-15,-9.62373360032701,11.4505329274659));
#1043=CARTESIAN_POINT('',(-2.22477062839821,-9.62373360032701,11.2314121461271));
#1044=CARTESIAN_POINT('',(-4.36404456921281,-9.62373360032701,10.5824704908534));
#1045=CARTESIAN_POINT('',(-6.33561072461695,-9.62373360032701,9.52864642552622));
#1046=CARTESIAN_POINT('',(-8.0637029129255,-9.62373360032701,8.11043781798472));
#1047=CARTESIAN_POINT('',(-9.48191152046701,-9.62373360032701,6.38234562967617));
#1048=CARTESIAN_POINT('',(-10.5357355857942,-9.62373360032701,4.41077947427203));
#1049=CARTESIAN_POINT('',(-11.1846772410679,-9.62373360032701,2.27150553345742));
#1050=CARTESIAN_POINT('',(-11.4037980224067,-9.62373360032701,0.0467349050592193));
#1051=CARTESIAN_POINT('',(-11.1846772410679,-9.62373360032701,-2.17803572333898));
#1052=CARTESIAN_POINT('',(-10.5357355857942,-9.62373360032701,-4.31730966415359));
#1053=CARTESIAN_POINT('',(-9.48191152046701,-9.62373360032701,-6.28887581955773));
#1054=CARTESIAN_POINT('',(-8.06370291292551,-9.62373360032701,-8.01696800786628));
#1055=CARTESIAN_POINT('',(-6.33561072461696,-9.62373360032701,-9.4351766154078));
#1056=CARTESIAN_POINT('',(-4.36404456921282,-9.62373360032701,-10.489000680735));
#1057=CARTESIAN_POINT('',(-2.22477062839819,-9.62373360032701,-11.1379423360087));
#1058=CARTESIAN_POINT('',(-6.24947126849843E-15,-9.62373360032701,-11.3570631173475));
#1059=CARTESIAN_POINT('',(2.22477062839821,-9.62373360032701,-11.1379423360087));
#1060=CARTESIAN_POINT('',(4.3640445692128,-9.62373360032701,-10.489000680735));
#1061=CARTESIAN_POINT('',(6.33561072461697,-9.62373360032701,-9.43517661540778));
#1062=CARTESIAN_POINT('',(8.06370291292549,-9.62373360032701,-8.01696800786629));
#1063=CARTESIAN_POINT('',(9.48191152046702,-9.62373360032701,-6.28887581955772));
#1064=CARTESIAN_POINT('',(10.5357355857942,-9.62373360032701,-4.3173096641536));
#1065=CARTESIAN_POINT('',(11.1846772410679,-9.62373360032701,-2.17803572333895));
#1066=CARTESIAN_POINT('',(11.4037980224067,-9.62373360032701,0.0467349050592036));
#1067=CARTESIAN_POINT('',(11.1846772410679,-9.62373360032701,2.27150553345743));
#1068=CARTESIAN_POINT('',(10.5357355857942,-9.62373360032701,4.41077947427202));
#1069=CARTESIAN_POINT('',(9.481911520467,-9.62373360032701,6.38234562967619));
#1070=CARTESIAN_POINT('',(8.06370291292549,-9.62373360032701,8.11043781798472));
#1071=CARTESIAN_POINT('',(6.33561072461695,-9.62373360032701,9.52864642552623));
#1072=CARTESIAN_POINT('',(4.36404456921279,-9.62373360032701,10.5824704908534));
#1073=CARTESIAN_POINT('',(2.22477062839818,-9.62373360032701,11.2314121461271));
#1074=CARTESIAN_POINT('',(7.00036048376467E-15,-9.62373360032701,11.4505329274659));
#1075=CARTESIAN_POINT('',(-2.22477062839821,-9.62373360032701,11.2314121461271));
#1076=CARTESIAN_POINT('',(2.2989159050246,-11.5511278634805,11.6041656234657));
#1077=CARTESIAN_POINT('',(7.3076933830519E-15,-11.5511278634805,11.8305890771517));
#1078=CARTESIAN_POINT('',(-2.29891590502462,-11.5511278634805,11.6041656234657));
#1079=CARTESIAN_POINT('',(-4.50948576106603,-11.5511278634805,10.9335965887532));
#1080=CARTESIAN_POINT('',(-6.54675860825843,-11.5511278634805,9.84465156495868));
#1081=CARTESIAN_POINT('',(-8.33244319359999,-11.5511278634805,8.3791780986592));
#1082=CARTESIAN_POINT('',(-9.79791665989947,-11.5511278634805,6.59349351331766));
#1083=CARTESIAN_POINT('',(-10.886861683694,-11.5511278634805,4.55622066612525));
#1084=CARTESIAN_POINT('',(-11.5574307184065,-11.5511278634805,2.34565081008384));
#1085=CARTESIAN_POINT('',(-11.7838541720925,-11.5511278634805,0.0467349050592192));
#1086=CARTESIAN_POINT('',(-11.5574307184065,-11.5511278634805,-2.2521809999654));
#1087=CARTESIAN_POINT('',(-10.886861683694,-11.5511278634805,-4.46275085600681));
#1088=CARTESIAN_POINT('',(-9.79791665989947,-11.5511278634805,-6.50002370319921));
#1089=CARTESIAN_POINT('',(-8.33244319359998,-11.5511278634805,-8.28570828854076));
#1090=CARTESIAN_POINT('',(-6.54675860825843,-11.5511278634805,-9.75118175484024));
#1091=CARTESIAN_POINT('',(-4.50948576106604,-11.5511278634805,-10.8401267786348));
#1092=CARTESIAN_POINT('',(-2.2989159050246,-11.5511278634805,-11.5106958133473));
#1093=CARTESIAN_POINT('',(-6.28516829712764E-15,-11.5511278634805,-11.7371192670333));
#1094=CARTESIAN_POINT('',(2.29891590502462,-11.5511278634805,-11.5106958133473));
#1095=CARTESIAN_POINT('',(4.50948576106603,-11.5511278634805,-10.8401267786348));
#1096=CARTESIAN_POINT('',(6.54675860825845,-11.5511278634805,-9.75118175484024));
#1097=CARTESIAN_POINT('',(8.33244319359998,-11.5511278634805,-8.28570828854078));
#1098=CARTESIAN_POINT('',(9.79791665989948,-11.5511278634805,-6.50002370319919));
#1099=CARTESIAN_POINT('',(10.886861683694,-11.5511278634805,-4.46275085600683));
#1100=CARTESIAN_POINT('',(11.5574307184065,-11.5511278634805,-2.25218099996537));
#1101=CARTESIAN_POINT('',(11.7838541720925,-11.5511278634805,0.0467349050592042));
#1102=CARTESIAN_POINT('',(11.5574307184065,-11.5511278634805,2.34565081008384));
#1103=CARTESIAN_POINT('',(10.886861683694,-11.5511278634805,4.55622066612525));
#1104=CARTESIAN_POINT('',(9.79791665989946,-11.5511278634805,6.59349351331766));
#1105=CARTESIAN_POINT('',(8.33244319359998,-11.5511278634805,8.37917809865921));
#1106=CARTESIAN_POINT('',(6.54675860825843,-11.5511278634805,9.84465156495868));
#1107=CARTESIAN_POINT('',(4.50948576106602,-11.5511278634805,10.9335965887532));
#1108=CARTESIAN_POINT('',(2.2989159050246,-11.5511278634805,11.6041656234657));
#1109=CARTESIAN_POINT('',(7.3076933830519E-15,-11.5511278634805,11.8305890771517));
#1110=CARTESIAN_POINT('',(-2.29891590502462,-11.5511278634805,11.6041656234657));
#1111=CARTESIAN_POINT('',(2.36852523164049,-13.4378566861817,11.9541153401821));
#1112=CARTESIAN_POINT('',(7.64917438225994E-15,-13.4378566861817,12.1873947141332));
#1113=CARTESIAN_POINT('',(-2.36852523164051,-13.4378566861817,11.9541153401821));
#1114=CARTESIAN_POINT('',(-4.64602936691333,-13.4378566861817,11.263242013845));
#1115=CARTESIAN_POINT('',(-6.74498919913896,-13.4378566861817,10.141324609607));
#1116=CARTESIAN_POINT('',(-8.58474287907519,-13.4378566861817,8.63147778413442));
#1117=CARTESIAN_POINT('',(-10.0945897045478,-13.4378566861817,6.79172410419818));
#1118=CARTESIAN_POINT('',(-11.2165071087858,-13.4378566861817,4.69276427197255));
#1119=CARTESIAN_POINT('',(-11.9073804351229,-13.4378566861817,2.41526013669973));
#1120=CARTESIAN_POINT('',(-12.140659809074,-13.4378566861817,0.04673490505922));
#1121=CARTESIAN_POINT('',(-11.9073804351229,-13.4378566861817,-2.32179032658129));
#1122=CARTESIAN_POINT('',(-11.2165071087858,-13.4378566861817,-4.59929446185411));
#1123=CARTESIAN_POINT('',(-10.0945897045479,-13.4378566861817,-6.69825429407973));
#1124=CARTESIAN_POINT('',(-8.58474287907519,-13.4378566861817,-8.53800797401598));
#1125=CARTESIAN_POINT('',(-6.74498919913896,-13.4378566861817,-10.0478547994887));
#1126=CARTESIAN_POINT('',(-4.64602936691334,-13.4378566861817,-11.1697722037267));
#1127=CARTESIAN_POINT('',(-2.3685252316405,-13.4378566861817,-11.8606455300637));
#1128=CARTESIAN_POINT('',(-6.47894922931368E-15,-13.4378566861817,-12.0939249040148));
#1129=CARTESIAN_POINT('',(2.36852523164051,-13.4378566861817,-11.8606455300637));
#1130=CARTESIAN_POINT('',(4.64602936691333,-13.4378566861817,-11.1697722037267));
#1131=CARTESIAN_POINT('',(6.74498919913897,-13.4378566861817,-10.0478547994886));
#1132=CARTESIAN_POINT('',(8.58474287907519,-13.4378566861817,-8.53800797401599));
#1133=CARTESIAN_POINT('',(10.0945897045479,-13.4378566861817,-6.69825429407972));
#1134=CARTESIAN_POINT('',(11.2165071087858,-13.4378566861817,-4.59929446185413));
#1135=CARTESIAN_POINT('',(11.9073804351229,-13.4378566861817,-2.32179032658126));
#1136=CARTESIAN_POINT('',(12.140659809074,-13.4378566861817,0.0467349050592032));
#1137=CARTESIAN_POINT('',(11.9073804351229,-13.4378566861817,2.41526013669974));
#1138=CARTESIAN_POINT('',(11.2165071087859,-13.4378566861817,4.69276427197255));
#1139=CARTESIAN_POINT('',(10.0945897045478,-13.4378566861817,6.79172410419819));
#1140=CARTESIAN_POINT('',(8.58474287907519,-13.4378566861817,8.63147778413443));
#1141=CARTESIAN_POINT('',(6.74498919913896,-13.4378566861817,10.141324609607));
#1142=CARTESIAN_POINT('',(4.64602936691331,-13.4378566861817,11.2632420138451));
#1143=CARTESIAN_POINT('',(2.36852523164049,-13.4378566861817,11.9541153401821));
#1144=CARTESIAN_POINT('',(7.64917438225994E-15,-13.4378566861817,12.1873947141332));
#1145=CARTESIAN_POINT('',(-2.36852523164051,-13.4378566861817,11.9541153401821));
#1146=CARTESIAN_POINT('',(2.44079868775092,-15.4935662524256,12.3174585403185));
#1147=CARTESIAN_POINT('',(7.58087818241833E-15,-15.4935662524256,12.5578562283874));
#1148=CARTESIAN_POINT('',(-2.44079868775095,-15.4935662524256,12.3174585403185));
#1149=CARTESIAN_POINT('',(-4.7877988507473,-15.4935662524256,11.6055038244476));
#1150=CARTESIAN_POINT('',(-6.95080658893796,-15.4935662524256,10.449352101237));
#1151=CARTESIAN_POINT('',(-8.84669872797298,-15.4935662524256,8.8934336330322));
#1152=CARTESIAN_POINT('',(-10.4026171961778,-15.4935662524256,6.99754149399718));
#1153=CARTESIAN_POINT('',(-11.5587689193884,-15.4935662524256,4.83453375580652));
#1154=CARTESIAN_POINT('',(-12.2707236352593,-15.4935662524256,2.48753359281017));
#1155=CARTESIAN_POINT('',(-12.5111213233282,-15.4935662524256,0.046734905059219));
#1156=CARTESIAN_POINT('',(-12.2707236352593,-15.4935662524256,-2.39406378269173));
#1157=CARTESIAN_POINT('',(-11.5587689193884,-15.4935662524256,-4.74106394568807));
#1158=CARTESIAN_POINT('',(-10.4026171961778,-15.4935662524256,-6.90407168387873));
#1159=CARTESIAN_POINT('',(-8.84669872797298,-15.4935662524256,-8.79996382291375));
#1160=CARTESIAN_POINT('',(-6.95080658893796,-15.4935662524256,-10.3558822911186));
#1161=CARTESIAN_POINT('',(-4.7877988507473,-15.4935662524256,-11.5120340143292));
#1162=CARTESIAN_POINT('',(-2.44079868775093,-15.4935662524256,-12.2239887302001));
#1163=CARTESIAN_POINT('',(-7.28992639886497E-15,-15.4935662524256,-12.464386418269));
#1164=CARTESIAN_POINT('',(2.44079868775095,-15.4935662524256,-12.2239887302001));
#1165=CARTESIAN_POINT('',(4.78779885074729,-15.4935662524256,-11.5120340143292));
#1166=CARTESIAN_POINT('',(6.95080658893798,-15.4935662524256,-10.3558822911186));
#1167=CARTESIAN_POINT('',(8.84669872797297,-15.4935662524256,-8.79996382291377));
#1168=CARTESIAN_POINT('',(10.4026171961778,-15.4935662524256,-6.90407168387871));
#1169=CARTESIAN_POINT('',(11.5587689193884,-15.4935662524256,-4.74106394568809));
#1170=CARTESIAN_POINT('',(12.2707236352593,-15.4935662524256,-2.39406378269169));
#1171=CARTESIAN_POINT('',(12.5111213233282,-15.4935662524256,0.0467349050592026));
#1172=CARTESIAN_POINT('',(12.2707236352593,-15.4935662524256,2.48753359281017));
#1173=CARTESIAN_POINT('',(11.5587689193884,-15.4935662524256,4.83453375580651));
#1174=CARTESIAN_POINT('',(10.4026171961778,-15.4935662524256,6.99754149399719));
#1175=CARTESIAN_POINT('',(8.84669872797297,-15.4935662524256,8.8934336330322));
#1176=CARTESIAN_POINT('',(6.95080658893796,-15.4935662524256,10.449352101237));
#1177=CARTESIAN_POINT('',(4.78779885074728,-15.4935662524256,11.6055038244476));
#1178=CARTESIAN_POINT('',(2.44079868775092,-15.4935662524256,12.3174585403185));
#1179=CARTESIAN_POINT('',(7.58087818241833E-15,-15.4935662524256,12.5578562283874));
#1180=CARTESIAN_POINT('',(-2.44079868775095,-15.4935662524256,12.3174585403185));
#1181=CARTESIAN_POINT('',(2.52037124540482,-17.9103776502416,12.7174968019014));
#1182=CARTESIAN_POINT('',(7.99065538146797E-15,-17.9103776502416,12.9657317028423));
#1183=CARTESIAN_POINT('',(-2.52037124540484,-17.9103776502416,12.7174968019014));
#1184=CARTESIAN_POINT('',(-4.94388603728925,-17.9103776502416,11.9823316271099));
#1185=CARTESIAN_POINT('',(-7.17741006132386,-17.9103776502416,10.7884881638498));
#1186=CARTESIAN_POINT('',(-9.13511024183974,-17.9103776502416,9.18184514689896));
#1187=CARTESIAN_POINT('',(-10.7417532587906,-17.9103776502416,7.22414496638309));
#1188=CARTESIAN_POINT('',(-11.9355967220507,-17.9103776502416,4.99062094234847));
#1189=CARTESIAN_POINT('',(-12.6707618968422,-17.9103776502416,2.56710615046406));
#1190=CARTESIAN_POINT('',(-12.9189967977831,-17.9103776502416,0.0467349050592192));
#1191=CARTESIAN_POINT('',(-12.6707618968422,-17.9103776502416,-2.47363634034562));
#1192=CARTESIAN_POINT('',(-11.9355967220507,-17.9103776502416,-4.89715113223003));
#1193=CARTESIAN_POINT('',(-10.7417532587906,-17.9103776502416,-7.13067515626464));
#1194=CARTESIAN_POINT('',(-9.13511024183974,-17.9103776502416,-9.08837533678052));
#1195=CARTESIAN_POINT('',(-7.17741006132387,-17.9103776502416,-10.6950183537314));
#1196=CARTESIAN_POINT('',(-4.94388603728926,-17.9103776502416,-11.8888618169915));
#1197=CARTESIAN_POINT('',(-2.52037124540482,-17.9103776502416,-12.624026991783));
#1198=CARTESIAN_POINT('',(-7.19262498948433E-15,-17.9103776502416,-12.8722618927239));
#1199=CARTESIAN_POINT('',(2.52037124540484,-17.9103776502416,-12.624026991783));
#1200=CARTESIAN_POINT('',(4.94388603728924,-17.9103776502416,-11.8888618169915));
#1201=CARTESIAN_POINT('',(7.17741006132388,-17.9103776502416,-10.6950183537314));
#1202=CARTESIAN_POINT('',(9.13511024183973,-17.9103776502416,-9.08837533678053));
#1203=CARTESIAN_POINT('',(10.7417532587906,-17.9103776502416,-7.13067515626462));
#1204=CARTESIAN_POINT('',(11.9355967220507,-17.9103776502416,-4.89715113223005));
#1205=CARTESIAN_POINT('',(12.6707618968422,-17.9103776502416,-2.47363634034559));
#1206=CARTESIAN_POINT('',(12.9189967977831,-17.9103776502416,0.0467349050592038));
#1207=CARTESIAN_POINT('',(12.6707618968422,-17.9103776502416,2.56710615046406));
#1208=CARTESIAN_POINT('',(11.9355967220507,-17.9103776502416,4.99062094234846));
#1209=CARTESIAN_POINT('',(10.7417532587906,-17.9103776502416,7.22414496638309));
#1210=CARTESIAN_POINT('',(9.13511024183973,-17.9103776502416,9.18184514689897));
#1211=CARTESIAN_POINT('',(7.17741006132387,-17.9103776502416,10.7884881638498));
#1212=CARTESIAN_POINT('',(4.94388603728923,-17.9103776502416,11.9823316271099));
#1213=CARTESIAN_POINT('',(2.52037124540482,-17.9103776502416,12.7174968019014));
#1214=CARTESIAN_POINT('',(7.99065538146797E-15,-17.9103776502416,12.9657317028423));
#1215=CARTESIAN_POINT('',(-2.52037124540484,-17.9103776502416,12.7174968019014));
#1216=CARTESIAN_POINT('',(2.60822147269148,-20.865444972816,13.1591497189319));
#1217=CARTESIAN_POINT('',(8.332136380676E-15,-20.865444972816,13.4160371120435));
#1218=CARTESIAN_POINT('',(-2.60822147269151,-20.865444972816,13.1591497189319));
#1219=CARTESIAN_POINT('',(-5.11621045689493,-20.865444972816,12.39835957805));
#1220=CARTESIAN_POINT('',(-7.42758634244377,-20.865444972816,11.162903427856));
#1221=CARTESIAN_POINT('',(-9.4535242502909,-20.865444972816,9.50025915535012));
#1222=CARTESIAN_POINT('',(-11.1161685227968,-20.865444972816,7.47432124750299));
#1223=CARTESIAN_POINT('',(-12.3516246729908,-20.865444972816,5.16294536195416));
#1224=CARTESIAN_POINT('',(-13.1124148138727,-20.865444972816,2.65495637775073));
#1225=CARTESIAN_POINT('',(-13.3693022069843,-20.865444972816,0.0467349050592202));
#1226=CARTESIAN_POINT('',(-13.1124148138727,-20.865444972816,-2.56148656763229));
#1227=CARTESIAN_POINT('',(-12.3516246729908,-20.865444972816,-5.06947555183571));
#1228=CARTESIAN_POINT('',(-11.1161685227968,-20.865444972816,-7.38085143738455));
#1229=CARTESIAN_POINT('',(-9.4535242502909,-20.865444972816,-9.40678934523168));
#1230=CARTESIAN_POINT('',(-7.42758634244377,-20.865444972816,-11.0694336177376));
#1231=CARTESIAN_POINT('',(-5.11621045689494,-20.865444972816,-12.3048897679316));
#1232=CARTESIAN_POINT('',(-2.60822147269149,-20.865444972816,-13.0656799088135));
#1233=CARTESIAN_POINT('',(-7.63834863207737E-15,-20.865444972816,-13.3225673019251));
#1234=CARTESIAN_POINT('',(2.60822147269151,-20.865444972816,-13.0656799088135));
#1235=CARTESIAN_POINT('',(5.11621045689493,-20.865444972816,-12.3048897679316));
#1236=CARTESIAN_POINT('',(7.42758634244378,-20.865444972816,-11.0694336177376));
#1237=CARTESIAN_POINT('',(9.45352425029089,-20.865444972816,-9.40678934523169));
#1238=CARTESIAN_POINT('',(11.1161685227968,-20.865444972816,-7.38085143738453));
#1239=CARTESIAN_POINT('',(12.3516246729908,-20.865444972816,-5.06947555183573));
#1240=CARTESIAN_POINT('',(13.1124148138727,-20.865444972816,-2.56148656763225));
#1241=CARTESIAN_POINT('',(13.3693022069843,-20.865444972816,0.0467349050592025));
#1242=CARTESIAN_POINT('',(13.1124148138727,-20.865444972816,2.65495637775073));
#1243=CARTESIAN_POINT('',(12.3516246729908,-20.865444972816,5.16294536195415));
#1244=CARTESIAN_POINT('',(11.1161685227968,-20.865444972816,7.474321247503));
#1245=CARTESIAN_POINT('',(9.45352425029089,-20.865444972816,9.50025915535013));
#1246=CARTESIAN_POINT('',(7.42758634244376,-20.865444972816,11.162903427856));
#1247=CARTESIAN_POINT('',(5.11621045689492,-20.865444972816,12.39835957805));
#1248=CARTESIAN_POINT('',(2.60822147269148,-20.865444972816,13.1591497189319));
#1249=CARTESIAN_POINT('',(8.332136380676E-15,-20.865444972816,13.4160371120435));
#1250=CARTESIAN_POINT('',(-2.60822147269151,-20.865444972816,13.1591497189319));
#1251=CARTESIAN_POINT('',(2.77966441064037,-27.6242719678825,14.0210515715284));
#1252=CARTESIAN_POINT('',(9.03518549669254E-15,-27.6242719678825,14.2948246201943));
#1253=CARTESIAN_POINT('',(-2.7796644106404,-27.6242719678825,14.0210515715284));
#1254=CARTESIAN_POINT('',(-5.45250787683363,-27.6242719678825,13.2102533702571));
#1255=CARTESIAN_POINT('',(-7.91581452312181,-27.6242719678825,11.8935885365545));
#1256=CARTESIAN_POINT('',(-10.0749208565263,-27.6242719678825,10.1216557615855));
#1257=CARTESIAN_POINT('',(-11.8468536314953,-27.6242719678825,7.96254942818103));
#1258=CARTESIAN_POINT('',(-13.1635184651979,-27.6242719678825,5.49924278189285));
#1259=CARTESIAN_POINT('',(-13.9743166664692,-27.6242719678825,2.82639931569962));
#1260=CARTESIAN_POINT('',(-14.2480897151351,-27.6242719678825,0.0467349050592167));
#1261=CARTESIAN_POINT('',(-13.9743166664692,-27.6242719678825,-2.73292950558117));
#1262=CARTESIAN_POINT('',(-13.1635184651979,-27.6242719678825,-5.40577297177442));
#1263=CARTESIAN_POINT('',(-11.8468536314953,-27.6242719678825,-7.86907961806257));
#1264=CARTESIAN_POINT('',(-10.0749208565263,-27.6242719678825,-10.0281859514671));
#1265=CARTESIAN_POINT('',(-7.91581452312181,-27.6242719678825,-11.8001187264361));
#1266=CARTESIAN_POINT('',(-5.45250787683364,-27.6242719678825,-13.1167835601387));
#1267=CARTESIAN_POINT('',(-2.77966441064037,-27.6242719678825,-13.92758176141));
#1268=CARTESIAN_POINT('',(-8.38553192205465E-15,-27.6242719678825,-14.2013548100759));
#1269=CARTESIAN_POINT('',(2.7796644106404,-27.6242719678825,-13.92758176141));
#1270=CARTESIAN_POINT('',(5.45250787683363,-27.6242719678825,-13.1167835601387));
#1271=CARTESIAN_POINT('',(7.91581452312182,-27.6242719678825,-11.800118726436));
#1272=CARTESIAN_POINT('',(10.0749208565263,-27.6242719678825,-10.0281859514672));
#1273=CARTESIAN_POINT('',(11.8468536314953,-27.6242719678825,-7.86907961806255));
#1274=CARTESIAN_POINT('',(13.1635184651979,-27.6242719678825,-5.40577297177445));
#1275=CARTESIAN_POINT('',(13.9743166664692,-27.6242719678825,-2.73292950558114));
#1276=CARTESIAN_POINT('',(14.2480897151351,-27.6242719678825,0.0467349050592018));
#1277=CARTESIAN_POINT('',(13.9743166664692,-27.6242719678825,2.82639931569962));
#1278=CARTESIAN_POINT('',(13.1635184651979,-27.6242719678825,5.49924278189285));
#1279=CARTESIAN_POINT('',(11.8468536314953,-27.6242719678825,7.96254942818104));
#1280=CARTESIAN_POINT('',(10.0749208565263,-27.6242719678825,10.1216557615855));
#1281=CARTESIAN_POINT('',(7.91581452312181,-27.6242719678825,11.8935885365545));
#1282=CARTESIAN_POINT('',(5.45250787683361,-27.6242719678825,13.2102533702571));
#1283=CARTESIAN_POINT('',(2.77966441064037,-27.6242719678825,14.0210515715284));
#1284=CARTESIAN_POINT('',(9.03518549669254E-15,-27.6242719678825,14.2948246201943));
#1285=CARTESIAN_POINT('',(-2.7796644106404,-27.6242719678825,14.0210515715284));
#1286=CARTESIAN_POINT('',(2.84704472469027,-33.2439413562742,14.3597952853433));
#1287=CARTESIAN_POINT('',(9.42487557814171E-15,-33.2439413562742,14.6402047156986));
#1288=CARTESIAN_POINT('',(-2.8470447246903,-33.2439413562742,14.3597952853433));
#1289=CARTESIAN_POINT('',(-5.58467911725181,-33.2439413562742,13.5293429714303));
#1290=CARTESIAN_POINT('',(-8.10769742326148,-33.2439413562742,12.1807615906605));
#1291=CARTESIAN_POINT('',(-10.3191414641443,-33.2439413562742,10.3658763692035));
#1292=CARTESIAN_POINT('',(-12.1340266856013,-33.2439413562742,8.15443232832069));
#1293=CARTESIAN_POINT('',(-13.4826080663711,-33.2439413562742,5.63141402231104));
#1294=CARTESIAN_POINT('',(-14.3130603802841,-33.2439413562742,2.89377962974951));
#1295=CARTESIAN_POINT('',(-14.5934698106394,-33.2439413562742,0.0467349050592195));
#1296=CARTESIAN_POINT('',(-14.3130603802841,-33.2439413562742,-2.80030981963107));
#1297=CARTESIAN_POINT('',(-13.4826080663711,-33.2439413562742,-5.5379442121926));
#1298=CARTESIAN_POINT('',(-12.1340266856013,-33.2439413562742,-8.06096251820226));
#1299=CARTESIAN_POINT('',(-10.3191414641443,-33.2439413562742,-10.2724065590851));
#1300=CARTESIAN_POINT('',(-8.10769742326148,-33.2439413562742,-12.0872917805421));
#1301=CARTESIAN_POINT('',(-5.58467911725182,-33.2439413562742,-13.4358731613119));
#1302=CARTESIAN_POINT('',(-2.84704472469028,-33.2439413562742,-14.2663254752249));
#1303=CARTESIAN_POINT('',(-7.9919461779611E-15,-33.2439413562742,-14.5467349055802));
#1304=CARTESIAN_POINT('',(2.8470447246903,-33.2439413562742,-14.2663254752249));
#1305=CARTESIAN_POINT('',(5.5846791172518,-33.2439413562742,-13.4358731613119));
#1306=CARTESIAN_POINT('',(8.1076974232615,-33.2439413562742,-12.087291780542));
#1307=CARTESIAN_POINT('',(10.3191414641443,-33.2439413562742,-10.2724065590851));
#1308=CARTESIAN_POINT('',(12.1340266856013,-33.2439413562742,-8.06096251820224));
#1309=CARTESIAN_POINT('',(13.4826080663711,-33.2439413562742,-5.53794421219261));
#1310=CARTESIAN_POINT('',(14.3130603802841,-33.2439413562742,-2.80030981963105));
#1311=CARTESIAN_POINT('',(14.5934698106394,-33.2439413562742,0.0467349050592066));
#1312=CARTESIAN_POINT('',(14.3130603802841,-33.2439413562742,2.89377962974951));
#1313=CARTESIAN_POINT('',(13.4826080663711,-33.2439413562742,5.63141402231103));
#1314=CARTESIAN_POINT('',(12.1340266856013,-33.2439413562742,8.15443232832072));
#1315=CARTESIAN_POINT('',(10.3191414641443,-33.2439413562742,10.3658763692035));
#1316=CARTESIAN_POINT('',(8.10769742326148,-33.2439413562742,12.1807615906605));
#1317=CARTESIAN_POINT('',(5.58467911725179,-33.2439413562742,13.5293429714303));
#1318=CARTESIAN_POINT('',(2.84704472469027,-33.2439413562742,14.3597952853433));
#1319=CARTESIAN_POINT('',(9.42487557814171E-15,-33.2439413562742,14.6402047156986));
#1320=CARTESIAN_POINT('',(-2.8470447246903,-33.2439413562742,14.3597952853433));
#1321=CARTESIAN_POINT('',(2.84704472458797,-38.0000000030269,14.359795284829));
#1322=CARTESIAN_POINT('',(9.15169077877528E-15,-38.0000000030269,14.6402047151743));
#1323=CARTESIAN_POINT('',(-2.847044724588,-38.0000000030269,14.359795284829));
#1324=CARTESIAN_POINT('',(-5.58467911705116,-38.0000000030269,13.5293429709459));
#1325=CARTESIAN_POINT('',(-8.10769742297017,-38.0000000030269,12.1807615902245));
#1326=CARTESIAN_POINT('',(-10.3191414637735,-38.0000000030269,10.3658763688327));
#1327=CARTESIAN_POINT('',(-12.1340266851653,-38.0000000030269,8.1544323280294));
#1328=CARTESIAN_POINT('',(-13.4826080658867,-38.0000000030269,5.63141402211038));
#1329=CARTESIAN_POINT('',(-14.3130603797698,-38.0000000030269,2.89377962964722));
#1330=CARTESIAN_POINT('',(-14.5934698101151,-38.0000000030269,0.0467349050592195));
#1331=CARTESIAN_POINT('',(-14.3130603797698,-38.0000000030269,-2.80030981952878));
#1332=CARTESIAN_POINT('',(-13.4826080658867,-38.0000000030269,-5.53794421199194));
#1333=CARTESIAN_POINT('',(-12.1340266851653,-38.0000000030269,-8.06096251791095));
#1334=CARTESIAN_POINT('',(-10.3191414637735,-38.0000000030269,-10.2724065587143));
#1335=CARTESIAN_POINT('',(-8.10769742297018,-38.0000000030269,-12.0872917801061));
#1336=CARTESIAN_POINT('',(-5.58467911705117,-38.0000000030269,-13.4358731608275));
#1337=CARTESIAN_POINT('',(-2.84704472458798,-38.0000000030269,-14.2663254747106));
#1338=CARTESIAN_POINT('',(-7.99191991462046E-15,-38.0000000030269,-14.5467349050559));
#1339=CARTESIAN_POINT('',(2.847044724588,-38.0000000030269,-14.2663254747106));
#1340=CARTESIAN_POINT('',(5.58467911705115,-38.0000000030269,-13.4358731608275));
#1341=CARTESIAN_POINT('',(8.10769742297019,-38.0000000030269,-12.0872917801061));
#1342=CARTESIAN_POINT('',(10.3191414637735,-38.0000000030269,-10.2724065587144));
#1343=CARTESIAN_POINT('',(12.1340266851653,-38.0000000030269,-8.06096251791093));
#1344=CARTESIAN_POINT('',(13.4826080658867,-38.0000000030269,-5.53794421199196));
#1345=CARTESIAN_POINT('',(14.3130603797698,-38.0000000030269,-2.80030981952874));
#1346=CARTESIAN_POINT('',(14.5934698101151,-38.0000000030269,0.0467349050592016));
#1347=CARTESIAN_POINT('',(14.3130603797698,-38.0000000030269,2.89377962964723));
#1348=CARTESIAN_POINT('',(13.4826080658867,-38.0000000030269,5.63141402211038));
#1349=CARTESIAN_POINT('',(12.1340266851653,-38.0000000030269,8.15443232802941));
#1350=CARTESIAN_POINT('',(10.3191414637735,-38.0000000030269,10.3658763688328));
#1351=CARTESIAN_POINT('',(8.10769742297017,-38.0000000030269,12.1807615902245));
#1352=CARTESIAN_POINT('',(5.58467911705114,-38.0000000030269,13.5293429709459));
#1353=CARTESIAN_POINT('',(2.84704472458797,-38.0000000030269,14.359795284829));
#1354=CARTESIAN_POINT('',(9.15169077877528E-15,-38.0000000030269,14.6402047151743));
#1355=CARTESIAN_POINT('',(-2.847044724588,-38.0000000030269,14.359795284829));
#1356=CARTESIAN_POINT('',(0.,13.9999999969731,0.0467349050592163));
#1357=CARTESIAN_POINT('',(-0.0306329093873501,7.,22.4903526306152));
#1358=CARTESIAN_POINT('',(0.,0.,0.));
#1359=CARTESIAN_POINT('',(-5.60747469317045,-5.60747469317045,22.4903526306152));
#1360=CARTESIAN_POINT('',(-0.0306329093873501,-31.0483169555664,0.0721011608839035));
#1361=CARTESIAN_POINT('',(0.,0.,0.));
#1362=CARTESIAN_POINT('',(-7.74121484235309,-7.74121484235309,31.0483169555664));
#1363=CARTESIAN_POINT('',(31.0483169555664,7.,0.0721011608839035));
#1364=CARTESIAN_POINT('',(0.,0.,0.));
#1365=CARTESIAN_POINT('',(-7.74121484235309,-7.74121484235309,31.0483169555664));
#1366=CARTESIAN_POINT('',(-0.0306329093873501,31.0483169555664,0.0721011608839035));
#1367=CARTESIAN_POINT('',(0.,0.,0.));
#1368=CARTESIAN_POINT('',(-7.74121484235309,-7.74121484235309,31.0483169555664));
#1369=CARTESIAN_POINT('',(-0.0306329093873501,7.,-22.4903526306152));
#1370=CARTESIAN_POINT('',(0.,0.,0.));
#1371=CARTESIAN_POINT('',(-5.60747469317045,-5.60747469317045,22.4903526306152));
#1372=CARTESIAN_POINT('',(-31.0483169555664,7.,0.0721011608839035));
#1373=CARTESIAN_POINT('',(0.,0.,0.));
#1374=CARTESIAN_POINT('',(-7.74121484235309,-7.74121484235309,31.0483169555664));
#1375=CARTESIAN_POINT('',(29.539990345637,-22.5706230799357,29.6427244345347));
#1376=CARTESIAN_POINT('',(0.,0.,0.));
#1377=CARTESIAN_POINT('',(-11.7683594059103,-11.7683594059103,47.2003116206835));
#1378=CARTESIAN_POINT('',(33.9233904768904,-20.6331872735962,17.8040118211616));
#1379=CARTESIAN_POINT('',(0.,0.,0.));
#1380=CARTESIAN_POINT('',(-10.7565083109627,-10.7565083109627,43.1419985331964));
#1381=MECHANICAL_DESIGN_GEOMETRIC_PRESENTATION_REPRESENTATION('',(#110),
#1382);
#1382=(
GEOMETRIC_REPRESENTATION_CONTEXT(3)
GLOBAL_UNCERTAINTY_ASSIGNED_CONTEXT((#1383))
GLOBAL_UNIT_ASSIGNED_CONTEXT((#1386,#1385,#1384))
REPRESENTATION_CONTEXT('Hull Nose Cone','TOP_LEVEL_ASSEMBLY_PART')
);
#1383=UNCERTAINTY_MEASURE_WITH_UNIT(LENGTH_MEASURE(0.000196850393700787),
#1386,'DISTANCE_ACCURACY_VALUE','Maximum Tolerance applied to model');
#1384=(
NAMED_UNIT(*)
SI_UNIT($,.STERADIAN.)
SOLID_ANGLE_UNIT()
);
#1385=(
NAMED_UNIT(*)
PLANE_ANGLE_UNIT()
SI_UNIT($,.RADIAN.)
);
#1386=(
CONVERSION_BASED_UNIT('INCH',#1388)
LENGTH_UNIT()
NAMED_UNIT(#1387)
);
#1387=DIMENSIONAL_EXPONENTS(1.,0.,0.,0.,0.,0.,0.);
#1388=LENGTH_MEASURE_WITH_UNIT(LENGTH_MEASURE(25.4),#1389);
#1389=(
LENGTH_UNIT()
NAMED_UNIT(*)
SI_UNIT(.MILLI.,.METRE.)
);
#1390=PRODUCT_DEFINITION_SHAPE('','',#1391);
#1391=PRODUCT_DEFINITION('','',#1393,#1392);
#1392=PRODUCT_DEFINITION_CONTEXT('',#1399,'design');
#1393=PRODUCT_DEFINITION_FORMATION_WITH_SPECIFIED_SOURCE('','',#1395,
 .NOT_KNOWN.);
#1394=PRODUCT_RELATED_PRODUCT_CATEGORY('','',(#1395));
#1395=PRODUCT('Hull Nose Cone','Hull Nose Cone','Hull Nose Cone',(#1397));
#1396=PRODUCT_CATEGORY('','');
#1397=PRODUCT_CONTEXT('',#1399,'mechanical');
#1398=APPLICATION_PROTOCOL_DEFINITION('international standard',
'ap242_managed_model_based_3d_engineering',2020,#1399);
#1399=APPLICATION_CONTEXT('managed model based 3d engineering');
ENDSEC;
END-ISO-10303-21;
