ISO-10303-21;
HEADER;
/* Generated by software containing ST-Developer
 * from STEP Tools, Inc. (www.steptools.com) 
 */
/* OPTION: using custom renumber hook */

FILE_DESCRIPTION(
/* description */ (
'CAx-IF Rec.Pracs.---Representation and Presentation of Product Manufa
cturing Information (PMI)---4.0---2014-10-13',
'CAx-IF Rec.Pracs.---3D Tessellated Geometry---0.4---2014-09-14','2;1'),

/* implementation_level */ '2;1');

FILE_NAME(
/* name */ 'Hull Body Shell',
/* time_stamp */ '2026-04-15T00:01:10-07:00',
/* author */ (''),
/* organization */ (''),
/* preprocessor_version */ 'ST-DEVELOPER v20',
/* originating_system */ 'SIEMENS PLM Software NX2406.1700',
/* authorisation */ $);

FILE_SCHEMA (('AP242_MANAGED_MODEL_BASED_3D_ENGINEERING_MIM_LF { 1 0 10303 442 3 1 4 }'));
ENDSEC;

DATA;
#10=DEFAULT_MODEL_GEOMETRIC_VIEW('Trimetric','',#60,#34,'','',#2941,*);
#11=MECHANICAL_DESIGN_AND_DRAUGHTING_RELATIONSHIP('','',#26,#27);
#12=MECHANICAL_DESIGN_AND_DRAUGHTING_RELATIONSHIP('','',#28,#27);
#13=MECHANICAL_DESIGN_AND_DRAUGHTING_RELATIONSHIP('','',#29,#27);
#14=MECHANICAL_DESIGN_AND_DRAUGHTING_RELATIONSHIP('','',#30,#27);
#15=MECHANICAL_DESIGN_AND_DRAUGHTING_RELATIONSHIP('','',#31,#27);
#16=MECHANICAL_DESIGN_AND_DRAUGHTING_RELATIONSHIP('','',#32,#27);
#17=MECHANICAL_DESIGN_AND_DRAUGHTING_RELATIONSHIP('','',#33,#27);
#18=MECHANICAL_DESIGN_AND_DRAUGHTING_RELATIONSHIP('','',#34,#27);
#19=MODEL_GEOMETRIC_VIEW('Top','',#53,#26);
#20=MODEL_GEOMETRIC_VIEW('Front','',#54,#28);
#21=MODEL_GEOMETRIC_VIEW('Right','',#55,#29);
#22=MODEL_GEOMETRIC_VIEW('Back','',#56,#30);
#23=MODEL_GEOMETRIC_VIEW('Bottom','',#57,#31);
#24=MODEL_GEOMETRIC_VIEW('Left','',#58,#32);
#25=MODEL_GEOMETRIC_VIEW('Isometric','',#59,#33);
#26=DRAUGHTING_MODEL('Top',(#53,#44),#2933);
#27=DRAUGHTING_MODEL('',(#45),#2933);
#28=DRAUGHTING_MODEL('Front',(#54,#46),#2933);
#29=DRAUGHTING_MODEL('Right',(#55,#47),#2933);
#30=DRAUGHTING_MODEL('Back',(#56,#48),#2933);
#31=DRAUGHTING_MODEL('Bottom',(#57,#49),#2933);
#32=DRAUGHTING_MODEL('Left',(#58,#50),#2933);
#33=DRAUGHTING_MODEL('Isometric',(#59,#51),#2933);
#34=DRAUGHTING_MODEL('Trimetric',(#60,#52),#2933);
#35=REPRESENTATION_MAP(#471,#78);
#36=REPRESENTATION_MAP(#471,#78);
#37=REPRESENTATION_MAP(#471,#78);
#38=REPRESENTATION_MAP(#471,#78);
#39=REPRESENTATION_MAP(#471,#78);
#40=REPRESENTATION_MAP(#471,#78);
#41=REPRESENTATION_MAP(#471,#78);
#42=REPRESENTATION_MAP(#471,#78);
#43=REPRESENTATION_MAP(#471,#78);
#44=MAPPED_ITEM('',#35,#471);
#45=MAPPED_ITEM('',#36,#471);
#46=MAPPED_ITEM('',#37,#471);
#47=MAPPED_ITEM('',#38,#471);
#48=MAPPED_ITEM('',#39,#471);
#49=MAPPED_ITEM('',#40,#471);
#50=MAPPED_ITEM('',#41,#471);
#51=MAPPED_ITEM('',#42,#471);
#52=MAPPED_ITEM('',#43,#471);
#53=CAMERA_MODEL_D3('Top',#491,#61);
#54=CAMERA_MODEL_D3('Front',#493,#62);
#55=CAMERA_MODEL_D3('Right',#495,#63);
#56=CAMERA_MODEL_D3('Back',#497,#64);
#57=CAMERA_MODEL_D3('Bottom',#499,#65);
#58=CAMERA_MODEL_D3('Left',#501,#66);
#59=CAMERA_MODEL_D3('Isometric',#503,#67);
#60=CAMERA_MODEL_D3('Trimetric',#505,#68);
#61=VIEW_VOLUME(.PARALLEL.,#2909,126.910125732422,0.,.F.,0.,.F.,.F.,#69);
#62=VIEW_VOLUME(.PARALLEL.,#2912,46.7375869750977,0.,.F.,0.,.F.,.F.,#70);
#63=VIEW_VOLUME(.PARALLEL.,#2915,78.2953567504883,0.,.F.,0.,.F.,.F.,#71);
#64=VIEW_VOLUME(.PARALLEL.,#2918,46.7375869750977,0.,.F.,0.,.F.,.F.,#72);
#65=VIEW_VOLUME(.PARALLEL.,#2921,126.910125732422,0.,.F.,0.,.F.,.F.,#73);
#66=VIEW_VOLUME(.PARALLEL.,#2924,78.2953567504883,0.,.F.,0.,.F.,.F.,#74);
#67=VIEW_VOLUME(.PARALLEL.,#2927,109.306604530657,0.,.F.,0.,.F.,.F.,#75);
#68=VIEW_VOLUME(.PARALLEL.,#2930,87.1832600798168,0.,.F.,0.,.F.,.F.,#76);
#69=PLANAR_BOX('',63.2844962495519,63.2844962495519,#492);
#70=PLANAR_BOX('',23.3059783887918,23.3059783887918,#494);
#71=PLANAR_BOX('',39.042449781198,39.042449781198,#496);
#72=PLANAR_BOX('',23.3059783887918,23.3059783887918,#498);
#73=PLANAR_BOX('',63.2844962495519,63.2844962495519,#500);
#74=PLANAR_BOX('',39.042449781198,39.042449781198,#502);
#75=PLANAR_BOX('',54.5063946990042,54.5063946990042,#504);
#76=PLANAR_BOX('',43.47445614527,43.47445614527,#506);
#77=SHAPE_REPRESENTATION_RELATIONSHIP('','',#470,#78);
#78=ADVANCED_BREP_SHAPE_REPRESENTATION('',(#468),#2933);
#79=CYLINDRICAL_SURFACE('',#476,3.0625);
#80=CYLINDRICAL_SURFACE('',#478,3.0625);
#81=CYLINDRICAL_SURFACE('',#480,3.0625);
#82=CYLINDRICAL_SURFACE('',#482,3.0625);
#83=CYLINDRICAL_SURFACE('',#484,1.0625);
#84=CYLINDRICAL_SURFACE('',#486,1.0625);
#85=CYLINDRICAL_SURFACE('',#488,1.0625);
#86=CYLINDRICAL_SURFACE('',#490,1.0625);
#87=LINE('',#2877,#103);
#88=LINE('',#2878,#104);
#89=LINE('',#2880,#105);
#90=LINE('',#2882,#106);
#91=LINE('',#2884,#107);
#92=LINE('',#2886,#108);
#93=LINE('',#2888,#109);
#94=LINE('',#2890,#110);
#95=LINE('',#2893,#111);
#96=LINE('',#2894,#112);
#97=LINE('',#2896,#113);
#98=LINE('',#2898,#114);
#99=LINE('',#2900,#115);
#100=LINE('',#2902,#116);
#101=LINE('',#2904,#117);
#102=LINE('',#2906,#118);
#103=VECTOR('',#517,39.3700787401575);
#104=VECTOR('',#518,39.3700787401575);
#105=VECTOR('',#521,39.3700787401575);
#106=VECTOR('',#524,39.3700787401575);
#107=VECTOR('',#527,39.3700787401575);
#108=VECTOR('',#530,39.3700787401575);
#109=VECTOR('',#533,39.3700787401575);
#110=VECTOR('',#536,39.3700787401575);
#111=VECTOR('',#541,39.3700787401575);
#112=VECTOR('',#542,39.3700787401575);
#113=VECTOR('',#545,39.3700787401575);
#114=VECTOR('',#548,39.3700787401575);
#115=VECTOR('',#551,39.3700787401575);
#116=VECTOR('',#554,39.3700787401575);
#117=VECTOR('',#557,39.3700787401575);
#118=VECTOR('',#560,39.3700787401575);
#119=PLANE('',#472);
#120=PLANE('',#473);
#121=PLANE('',#474);
#122=PLANE('',#475);
#123=PLANE('',#477);
#124=PLANE('',#479);
#125=PLANE('',#481);
#126=PLANE('',#483);
#127=PLANE('',#485);
#128=PLANE('',#487);
#129=PLANE('',#489);
#130=ORIENTED_EDGE('',*,*,#238,.T.);
#131=ORIENTED_EDGE('',*,*,#239,.F.);
#132=ORIENTED_EDGE('',*,*,#240,.T.);
#133=ORIENTED_EDGE('',*,*,#241,.T.);
#134=ORIENTED_EDGE('',*,*,#242,.T.);
#135=ORIENTED_EDGE('',*,*,#243,.T.);
#136=ORIENTED_EDGE('',*,*,#244,.T.);
#137=ORIENTED_EDGE('',*,*,#245,.T.);
#138=ORIENTED_EDGE('',*,*,#246,.T.);
#139=ORIENTED_EDGE('',*,*,#247,.T.);
#140=ORIENTED_EDGE('',*,*,#248,.F.);
#141=ORIENTED_EDGE('',*,*,#249,.T.);
#142=ORIENTED_EDGE('',*,*,#250,.F.);
#143=ORIENTED_EDGE('',*,*,#251,.F.);
#144=ORIENTED_EDGE('',*,*,#252,.F.);
#145=ORIENTED_EDGE('',*,*,#253,.F.);
#146=ORIENTED_EDGE('',*,*,#254,.F.);
#147=ORIENTED_EDGE('',*,*,#255,.F.);
#148=ORIENTED_EDGE('',*,*,#256,.F.);
#149=ORIENTED_EDGE('',*,*,#257,.F.);
#150=ORIENTED_EDGE('',*,*,#258,.T.);
#151=ORIENTED_EDGE('',*,*,#239,.T.);
#152=ORIENTED_EDGE('',*,*,#259,.T.);
#153=ORIENTED_EDGE('',*,*,#260,.T.);
#154=ORIENTED_EDGE('',*,*,#261,.T.);
#155=ORIENTED_EDGE('',*,*,#262,.T.);
#156=ORIENTED_EDGE('',*,*,#263,.T.);
#157=ORIENTED_EDGE('',*,*,#264,.T.);
#158=ORIENTED_EDGE('',*,*,#265,.T.);
#159=ORIENTED_EDGE('',*,*,#266,.T.);
#160=ORIENTED_EDGE('',*,*,#267,.T.);
#161=ORIENTED_EDGE('',*,*,#249,.F.);
#162=ORIENTED_EDGE('',*,*,#268,.F.);
#163=ORIENTED_EDGE('',*,*,#269,.F.);
#164=ORIENTED_EDGE('',*,*,#270,.F.);
#165=ORIENTED_EDGE('',*,*,#271,.F.);
#166=ORIENTED_EDGE('',*,*,#272,.F.);
#167=ORIENTED_EDGE('',*,*,#273,.F.);
#168=ORIENTED_EDGE('',*,*,#274,.F.);
#169=ORIENTED_EDGE('',*,*,#275,.F.);
#170=ORIENTED_EDGE('',*,*,#238,.F.);
#171=ORIENTED_EDGE('',*,*,#258,.F.);
#172=ORIENTED_EDGE('',*,*,#267,.F.);
#173=ORIENTED_EDGE('',*,*,#248,.T.);
#174=ORIENTED_EDGE('',*,*,#276,.T.);
#175=ORIENTED_EDGE('',*,*,#268,.T.);
#176=ORIENTED_EDGE('',*,*,#277,.F.);
#177=ORIENTED_EDGE('',*,*,#260,.F.);
#178=ORIENTED_EDGE('',*,*,#277,.T.);
#179=ORIENTED_EDGE('',*,*,#275,.T.);
#180=ORIENTED_EDGE('',*,*,#278,.F.);
#181=ORIENTED_EDGE('',*,*,#261,.F.);
#182=ORIENTED_EDGE('',*,*,#278,.T.);
#183=ORIENTED_EDGE('',*,*,#274,.T.);
#184=ORIENTED_EDGE('',*,*,#279,.F.);
#185=ORIENTED_EDGE('',*,*,#262,.F.);
#186=ORIENTED_EDGE('',*,*,#279,.T.);
#187=ORIENTED_EDGE('',*,*,#273,.T.);
#188=ORIENTED_EDGE('',*,*,#280,.F.);
#189=ORIENTED_EDGE('',*,*,#263,.F.);
#190=ORIENTED_EDGE('',*,*,#280,.T.);
#191=ORIENTED_EDGE('',*,*,#272,.T.);
#192=ORIENTED_EDGE('',*,*,#281,.F.);
#193=ORIENTED_EDGE('',*,*,#264,.F.);
#194=ORIENTED_EDGE('',*,*,#281,.T.);
#195=ORIENTED_EDGE('',*,*,#271,.T.);
#196=ORIENTED_EDGE('',*,*,#282,.F.);
#197=ORIENTED_EDGE('',*,*,#265,.F.);
#198=ORIENTED_EDGE('',*,*,#282,.T.);
#199=ORIENTED_EDGE('',*,*,#270,.T.);
#200=ORIENTED_EDGE('',*,*,#283,.F.);
#201=ORIENTED_EDGE('',*,*,#266,.F.);
#202=ORIENTED_EDGE('',*,*,#283,.T.);
#203=ORIENTED_EDGE('',*,*,#269,.T.);
#204=ORIENTED_EDGE('',*,*,#276,.F.);
#205=ORIENTED_EDGE('',*,*,#259,.F.);
#206=ORIENTED_EDGE('',*,*,#284,.T.);
#207=ORIENTED_EDGE('',*,*,#250,.T.);
#208=ORIENTED_EDGE('',*,*,#285,.F.);
#209=ORIENTED_EDGE('',*,*,#241,.F.);
#210=ORIENTED_EDGE('',*,*,#285,.T.);
#211=ORIENTED_EDGE('',*,*,#257,.T.);
#212=ORIENTED_EDGE('',*,*,#286,.F.);
#213=ORIENTED_EDGE('',*,*,#242,.F.);
#214=ORIENTED_EDGE('',*,*,#286,.T.);
#215=ORIENTED_EDGE('',*,*,#256,.T.);
#216=ORIENTED_EDGE('',*,*,#287,.F.);
#217=ORIENTED_EDGE('',*,*,#243,.F.);
#218=ORIENTED_EDGE('',*,*,#287,.T.);
#219=ORIENTED_EDGE('',*,*,#255,.T.);
#220=ORIENTED_EDGE('',*,*,#288,.F.);
#221=ORIENTED_EDGE('',*,*,#244,.F.);
#222=ORIENTED_EDGE('',*,*,#288,.T.);
#223=ORIENTED_EDGE('',*,*,#254,.T.);
#224=ORIENTED_EDGE('',*,*,#289,.F.);
#225=ORIENTED_EDGE('',*,*,#245,.F.);
#226=ORIENTED_EDGE('',*,*,#289,.T.);
#227=ORIENTED_EDGE('',*,*,#253,.T.);
#228=ORIENTED_EDGE('',*,*,#290,.F.);
#229=ORIENTED_EDGE('',*,*,#246,.F.);
#230=ORIENTED_EDGE('',*,*,#290,.T.);
#231=ORIENTED_EDGE('',*,*,#252,.T.);
#232=ORIENTED_EDGE('',*,*,#291,.F.);
#233=ORIENTED_EDGE('',*,*,#247,.F.);
#234=ORIENTED_EDGE('',*,*,#291,.T.);
#235=ORIENTED_EDGE('',*,*,#251,.T.);
#236=ORIENTED_EDGE('',*,*,#284,.F.);
#237=ORIENTED_EDGE('',*,*,#240,.F.);
#238=EDGE_CURVE('',#292,#292,#330,.T.);
#239=EDGE_CURVE('',#293,#293,#331,.T.);
#240=EDGE_CURVE('',#294,#295,#332,.T.);
#241=EDGE_CURVE('',#295,#296,#333,.T.);
#242=EDGE_CURVE('',#296,#297,#334,.T.);
#243=EDGE_CURVE('',#297,#298,#335,.T.);
#244=EDGE_CURVE('',#298,#299,#336,.T.);
#245=EDGE_CURVE('',#299,#300,#337,.T.);
#246=EDGE_CURVE('',#300,#301,#338,.T.);
#247=EDGE_CURVE('',#301,#294,#339,.T.);
#248=EDGE_CURVE('',#302,#302,#340,.T.);
#249=EDGE_CURVE('',#303,#303,#341,.T.);
#250=EDGE_CURVE('',#304,#305,#342,.T.);
#251=EDGE_CURVE('',#306,#304,#343,.T.);
#252=EDGE_CURVE('',#307,#306,#344,.T.);
#253=EDGE_CURVE('',#308,#307,#345,.T.);
#254=EDGE_CURVE('',#309,#308,#346,.T.);
#255=EDGE_CURVE('',#310,#309,#347,.T.);
#256=EDGE_CURVE('',#311,#310,#348,.T.);
#257=EDGE_CURVE('',#305,#311,#349,.T.);
#258=EDGE_CURVE('',#312,#312,#350,.T.);
#259=EDGE_CURVE('',#313,#314,#351,.T.);
#260=EDGE_CURVE('',#314,#315,#352,.T.);
#261=EDGE_CURVE('',#315,#316,#353,.T.);
#262=EDGE_CURVE('',#316,#317,#354,.T.);
#263=EDGE_CURVE('',#317,#318,#355,.T.);
#264=EDGE_CURVE('',#318,#319,#356,.T.);
#265=EDGE_CURVE('',#319,#320,#357,.T.);
#266=EDGE_CURVE('',#320,#313,#358,.T.);
#267=EDGE_CURVE('',#321,#321,#359,.F.);
#268=EDGE_CURVE('',#322,#323,#360,.T.);
#269=EDGE_CURVE('',#324,#322,#361,.T.);
#270=EDGE_CURVE('',#325,#324,#362,.T.);
#271=EDGE_CURVE('',#326,#325,#363,.T.);
#272=EDGE_CURVE('',#327,#326,#364,.T.);
#273=EDGE_CURVE('',#328,#327,#365,.T.);
#274=EDGE_CURVE('',#329,#328,#366,.T.);
#275=EDGE_CURVE('',#323,#329,#367,.T.);
#276=EDGE_CURVE('',#314,#322,#87,.F.);
#277=EDGE_CURVE('',#315,#323,#88,.F.);
#278=EDGE_CURVE('',#316,#329,#89,.F.);
#279=EDGE_CURVE('',#317,#328,#90,.F.);
#280=EDGE_CURVE('',#318,#327,#91,.F.);
#281=EDGE_CURVE('',#319,#326,#92,.F.);
#282=EDGE_CURVE('',#320,#325,#93,.F.);
#283=EDGE_CURVE('',#313,#324,#94,.F.);
#284=EDGE_CURVE('',#295,#304,#95,.F.);
#285=EDGE_CURVE('',#296,#305,#96,.F.);
#286=EDGE_CURVE('',#297,#311,#97,.F.);
#287=EDGE_CURVE('',#298,#310,#98,.F.);
#288=EDGE_CURVE('',#299,#309,#99,.F.);
#289=EDGE_CURVE('',#300,#308,#100,.F.);
#290=EDGE_CURVE('',#301,#307,#101,.F.);
#291=EDGE_CURVE('',#294,#306,#102,.F.);
#292=VERTEX_POINT('',#1098);
#293=VERTEX_POINT('',#1118);
#294=VERTEX_POINT('',#1126);
#295=VERTEX_POINT('',#1127);
#296=VERTEX_POINT('',#1132);
#297=VERTEX_POINT('',#1141);
#298=VERTEX_POINT('',#1146);
#299=VERTEX_POINT('',#1155);
#300=VERTEX_POINT('',#1160);
#301=VERTEX_POINT('',#1168);
#302=VERTEX_POINT('',#1362);
#303=VERTEX_POINT('',#1382);
#304=VERTEX_POINT('',#1387);
#305=VERTEX_POINT('',#1388);
#306=VERTEX_POINT('',#1396);
#307=VERTEX_POINT('',#1401);
#308=VERTEX_POINT('',#1409);
#309=VERTEX_POINT('',#1414);
#310=VERTEX_POINT('',#1423);
#311=VERTEX_POINT('',#1428);
#312=VERTEX_POINT('',#1955);
#313=VERTEX_POINT('',#1972);
#314=VERTEX_POINT('',#1973);
#315=VERTEX_POINT('',#1981);
#316=VERTEX_POINT('',#1995);
#317=VERTEX_POINT('',#2004);
#318=VERTEX_POINT('',#2017);
#319=VERTEX_POINT('',#2025);
#320=VERTEX_POINT('',#2039);
#321=VERTEX_POINT('',#2778);
#322=VERTEX_POINT('',#2786);
#323=VERTEX_POINT('',#2787);
#324=VERTEX_POINT('',#2803);
#325=VERTEX_POINT('',#2814);
#326=VERTEX_POINT('',#2829);
#327=VERTEX_POINT('',#2837);
#328=VERTEX_POINT('',#2850);
#329=VERTEX_POINT('',#2859);
#330=B_SPLINE_CURVE_WITH_KNOTS('',3,(#1051,#1052,#1053,#1054,#1055,#1056,
#1057,#1058,#1059,#1060,#1061,#1062,#1063,#1064,#1065,#1066,#1067,#1068,
#1069,#1070,#1071,#1072,#1073,#1074,#1075,#1076,#1077,#1078,#1079,#1080,
#1081,#1082,#1083,#1084,#1085,#1086,#1087,#1088,#1089,#1090,#1091,#1092,
#1093,#1094,#1095,#1096,#1097),.UNSPECIFIED.,.T.,.F.,(1,1,1,1,1,1,1,1,1,
1,1,1,1,1,1,1,1,1,1,1,1,1,1,1,1,1,1,1,1,1,1,1,1,1,1,1,1,1,1,1,1,1,1,1,1,
1,1,1,1,1,1),(-0.033403959547902,-0.0267231676383216,-0.0133615838191607,
1.73472347597681E-17,0.0133615838191608,0.0200423757287412,0.0267231676383216,
0.0400847514574823,0.0534463352766431,0.0668079190958039,0.0734887110053843,
0.0801695029149647,0.0868502948245451,0.0935310867341255,0.106892670553286,
0.120254254372447,0.133615838191608,0.140296630101188,0.146977422010769,
0.153658213920349,0.160339005829929,0.16701979773951,0.17370058964909,0.180381381558671,
0.187062173468251,0.200423757287412,0.213785341106572,0.227146924925733,
0.233827716835314,0.240508508744894,0.247189300654474,0.253870092564055,
0.267231676383216,0.280593260202376,0.293954844021537,0.307316427840698,
0.320678011659859,0.327358803569439,0.334039595479019,0.3407203873886,0.34740117929818,
0.360762763117341,0.374124346936502,0.387485930755663,0.394166722665243,
0.400847514574823,0.414209098393984,0.427570682213145,0.440932266032306,
0.447613057941886,0.454293849851466),.UNSPECIFIED.);
#331=B_SPLINE_CURVE_WITH_KNOTS('',3,(#1099,#1100,#1101,#1102,#1103,#1104,
#1105,#1106,#1107,#1108,#1109,#1110,#1111,#1112,#1113,#1114,#1115,#1116,
#1117),.UNSPECIFIED.,.T.,.F.,(1,1,1,1,1,1,1,1,1,1,1,1,1,1,1,1,1,1,1,1,1,
1,1),(-0.1875,-0.125,-0.0625,0.,0.0625,0.125,0.1875,0.25,0.3125,0.375,0.4375,
0.5,0.5625,0.625,0.6875,0.75,0.8125,0.875,0.9375,1.,1.0625,1.125,1.1875),
 .UNSPECIFIED.);
#332=B_SPLINE_CURVE_WITH_KNOTS('',3,(#1119,#1120,#1121,#1122,#1123,#1124,
#1125),.UNSPECIFIED.,.F.,.F.,(4,1,1,1,4),(0.,0.00549839188421199,0.010996783768424,
0.021993567536848,0.0439871350736959),.UNSPECIFIED.);
#333=B_SPLINE_CURVE_WITH_KNOTS('',3,(#1128,#1129,#1130,#1131),
 .UNSPECIFIED.,.F.,.F.,(4,4),(1.17193624800199E-13,0.079675907020062),
 .UNSPECIFIED.);
#334=B_SPLINE_CURVE_WITH_KNOTS('',3,(#1133,#1134,#1135,#1136,#1137,#1138,
#1139,#1140),.UNSPECIFIED.,.F.,.F.,(4,1,1,1,1,4),(0.,0.00534022460970392,
0.0106804492194078,0.0213608984388157,0.0320413476582235,0.0427217968776314),
 .UNSPECIFIED.);
#335=B_SPLINE_CURVE_WITH_KNOTS('',3,(#1142,#1143,#1144,#1145),
 .UNSPECIFIED.,.F.,.F.,(4,4),(3.46944695195361E-17,0.0761999999999926),
 .UNSPECIFIED.);
#336=B_SPLINE_CURVE_WITH_KNOTS('',3,(#1147,#1148,#1149,#1150,#1151,#1152,
#1153,#1154),.UNSPECIFIED.,.F.,.F.,(4,1,1,1,1,4),(2.80372423306436E-13,
0.00534067477079722,0.0106813495413141,0.0213626990823478,0.0320440486233814,
0.0427253981644151),.UNSPECIFIED.);
#337=B_SPLINE_CURVE_WITH_KNOTS('',3,(#1156,#1157,#1158,#1159),
 .UNSPECIFIED.,.F.,.F.,(4,4),(1.24126707662364E-16,0.0796759070218894),
 .UNSPECIFIED.);
#338=B_SPLINE_CURVE_WITH_KNOTS('',3,(#1161,#1162,#1163,#1164,#1165,#1166,
#1167),.UNSPECIFIED.,.F.,.F.,(4,1,1,1,4),(1.2490009027033E-16,0.0109996349438132,
0.0219992698876262,0.0329989048314393,0.0439985397752523),.UNSPECIFIED.);
#339=B_SPLINE_CURVE_WITH_KNOTS('',3,(#1169,#1170,#1171,#1172),
 .UNSPECIFIED.,.F.,.F.,(4,4),(8.32667268468867E-17,0.0761999999999927),
 .UNSPECIFIED.);
#340=B_SPLINE_CURVE_WITH_KNOTS('',3,(#1313,#1314,#1315,#1316,#1317,#1318,
#1319,#1320,#1321,#1322,#1323,#1324,#1325,#1326,#1327,#1328,#1329,#1330,
#1331,#1332,#1333,#1334,#1335,#1336,#1337,#1338,#1339,#1340,#1341,#1342,
#1343,#1344,#1345,#1346,#1347,#1348,#1349,#1350,#1351,#1352,#1353,#1354,
#1355,#1356,#1357,#1358,#1359,#1360,#1361),.UNSPECIFIED.,.T.,.F.,(1,1,1,
1,1,1,1,1,1,1,1,1,1,1,1,1,1,1,1,1,1,1,1,1,1,1,1,1,1,1,1,1,1,1,1,1,1,1,1,
1,1,1,1,1,1,1,1,1,1,1,1,1,1),(-0.0300600510402911,-0.0225450382802183,-0.0150300255201455,
0.,0.0150300255201455,0.0300600510402911,0.0375750638003638,0.0450900765604366,
0.0601201020805821,0.0751501276007276,0.0901801531208732,0.097695165880946,
0.105210178641019,0.112725191401091,0.120240204161164,0.13527022968131,
0.150300255201455,0.165330280721601,0.172845293481674,0.180360306241746,
0.187875319001819,0.195390331761892,0.202905344521965,0.210420357282037,
0.21793537004211,0.225450382802183,0.240480408322328,0.255510433842474,
0.27054045936262,0.278055472122692,0.285570484882765,0.293085497642838,
0.300600510402911,0.315630535923056,0.330660561443202,0.345690586963347,
0.35320559972342,0.360720612483493,0.368235625243566,0.375750638003638,
0.383265650763711,0.390780663523784,0.398295676283857,0.405810689043929,
0.420840714564075,0.43587074008422,0.450900765604366,0.458415778364439,
0.465930791124511,0.480960816644657,0.495990842164802,0.511020867684948,
0.518535880445021),.UNSPECIFIED.);
#341=B_SPLINE_CURVE_WITH_KNOTS('',3,(#1363,#1364,#1365,#1366,#1367,#1368,
#1369,#1370,#1371,#1372,#1373,#1374,#1375,#1376,#1377,#1378,#1379,#1380,
#1381),.UNSPECIFIED.,.T.,.F.,(1,1,1,1,1,1,1,1,1,1,1,1,1,1,1,1,1,1,1,1,1,
1,1),(-0.1875,-0.125,-0.0625,0.,0.0625,0.125,0.1875,0.25,0.3125,0.375,0.4375,
0.5,0.5625,0.625,0.6875,0.75,0.8125,0.875,0.9375,1.,1.0625,1.125,1.1875),
 .UNSPECIFIED.);
#342=B_SPLINE_CURVE_WITH_KNOTS('',3,(#1383,#1384,#1385,#1386),
 .UNSPECIFIED.,.F.,.F.,(4,4),(1.1242327978663E-13,0.0796368057990957),
 .UNSPECIFIED.);
#343=B_SPLINE_CURVE_WITH_KNOTS('',3,(#1389,#1390,#1391,#1392,#1393,#1394,
#1395),.UNSPECIFIED.,.F.,.F.,(4,1,1,1,4),(0.,0.00549144038898001,0.01098288077796,
0.02196576155592,0.0439315231118401),.UNSPECIFIED.);
#344=B_SPLINE_CURVE_WITH_KNOTS('',3,(#1397,#1398,#1399,#1400),
 .UNSPECIFIED.,.F.,.F.,(4,4),(2.77555756156289E-17,0.0761999999999926),
 .UNSPECIFIED.);
#345=B_SPLINE_CURVE_WITH_KNOTS('',3,(#1402,#1403,#1404,#1405,#1406,#1407,
#1408),.UNSPECIFIED.,.F.,.F.,(4,1,1,1,4),(5.7219584981528E-17,0.0109856239638153,
0.0219712479276305,0.0329568718914457,0.0439424958552609),.UNSPECIFIED.);
#346=B_SPLINE_CURVE_WITH_KNOTS('',3,(#1410,#1411,#1412,#1413),
 .UNSPECIFIED.,.F.,.F.,(4,4),(1.24126707662364E-16,0.0796368058009224),
 .UNSPECIFIED.);
#347=B_SPLINE_CURVE_WITH_KNOTS('',3,(#1415,#1416,#1417,#1418,#1419,#1420,
#1421,#1422),.UNSPECIFIED.,.F.,.F.,(4,1,1,1,1,4),(2.80403727953668E-13,
0.00534049252278915,0.0106809850452979,0.0213619700903154,0.0320429551353329,
0.0427239401803504),.UNSPECIFIED.);
#348=B_SPLINE_CURVE_WITH_KNOTS('',3,(#1424,#1425,#1426,#1427),
 .UNSPECIFIED.,.F.,.F.,(4,4),(6.93889390390723E-18,0.0761999999999926),
 .UNSPECIFIED.);
#349=B_SPLINE_CURVE_WITH_KNOTS('',3,(#1429,#1430,#1431,#1432,#1433,#1434,
#1435,#1436),.UNSPECIFIED.,.F.,.F.,(4,1,1,1,1,4),(0.,0.00533998318356496,
0.0106799663671299,0.0213599327342598,0.0320398991013897,0.0427198654685196),
 .UNSPECIFIED.);
#350=B_SPLINE_CURVE_WITH_KNOTS('',3,(#1892,#1893,#1894,#1895,#1896,#1897,
#1898,#1899,#1900,#1901,#1902,#1903,#1904,#1905,#1906,#1907,#1908,#1909,
#1910,#1911,#1912,#1913,#1914,#1915,#1916,#1917,#1918,#1919,#1920,#1921,
#1922,#1923,#1924,#1925,#1926,#1927,#1928,#1929,#1930,#1931,#1932,#1933,
#1934,#1935,#1936,#1937,#1938,#1939,#1940,#1941,#1942,#1943,#1944,#1945,
#1946,#1947,#1948,#1949,#1950,#1951,#1952,#1953,#1954),.UNSPECIFIED.,.T.,
 .F.,(1,1,1,1,1,1,1,1,1,1,1,1,1,1,1,1,1,1,1,1,1,1,1,1,1,1,1,1,1,1,1,1,1,
1,1,1,1,1,1,1,1,1,1,1,1,1,1,1,1,1,1,1,1,1,1,1,1,1,1,1,1,1,1,1,1,1,1),(-0.0653851574028477,
-0.0435901049352316,-0.0217950524676156,6.37328260941964E-16,0.0217950524676167,
0.0435901049352328,0.0653851574028489,0.087180209870465,0.130770314805697,
0.152565367273313,0.174360419740929,0.196155472208546,0.217950524676162,
0.239745577143778,0.261540629611394,0.28333568207901,0.305130734546626,
0.326925787014242,0.348720839481858,0.370515891949474,0.39231094441709,
0.435901049352323,0.457696101819939,0.479491154287555,0.501286206755171,
0.523081259222787,0.544876311690403,0.566671364158019,0.588466416625635,
0.610261469093252,0.632056521560868,0.653851574028484,0.6756466264961,0.697441678963716,
0.719236731431332,0.741031783898948,0.762826836366564,0.78462188883418,
0.806416941301796,0.828211993769412,0.850007046237029,0.871802098704645,
0.893597151172261,0.915392203639877,0.958982308575109,0.980777361042725,
1.00257241351034,1.02436746597796,1.04616251844557,1.06795757091319,1.08975262338081,
1.11154767584842,1.13334272831604,1.15513778078365,1.17693283325127,1.2205229381865,
1.24231799065412,1.26411304312173,1.28590809558935,1.30770314805697,1.32949820052458,
1.3512932529922,1.37308830545981,1.39488335792743,1.41667841039505,1.43847346286266,
1.46026851533028),.UNSPECIFIED.);
#351=B_SPLINE_CURVE_WITH_KNOTS('',3,(#1956,#1957,#1958,#1959,#1960,#1961,
#1962,#1963,#1964,#1965,#1966,#1967,#1968,#1969,#1970,#1971),
 .UNSPECIFIED.,.F.,.F.,(4,1,1,1,1,1,1,1,1,1,1,1,1,4),(8.77708367144175E-17,
0.0159743634283226,0.0239615451424838,0.031948726856645,0.0399359085708062,
0.0479230902849675,0.0559102719991287,0.0638974537132899,0.0798718171416124,
0.0878589988557736,0.0958461805699349,0.103833362284096,0.111820543998257,
0.12779490742658),.UNSPECIFIED.);
#352=B_SPLINE_CURVE_WITH_KNOTS('',3,(#1974,#1975,#1976,#1977,#1978,#1979,
#1980),.UNSPECIFIED.,.F.,.F.,(4,1,1,1,4),(0.,0.154413241633529,0.308826483267057,
0.463239724900586,0.617652966534115),.UNSPECIFIED.);
#353=B_SPLINE_CURVE_WITH_KNOTS('',3,(#1982,#1983,#1984,#1985,#1986,#1987,
#1988,#1989,#1990,#1991,#1992,#1993,#1994),.UNSPECIFIED.,.F.,.F.,(4,1,1,
1,1,1,1,1,1,1,4),(4.16333634234434E-17,0.0158912239886039,0.0317824479772078,
0.0476736719658116,0.0556192839601136,0.0635648959544155,0.0715105079487174,
0.0794561199430194,0.0953473439316232,0.111238567920227,0.127129791908831),
 .UNSPECIFIED.);
#354=B_SPLINE_CURVE_WITH_KNOTS('',3,(#1996,#1997,#1998,#1999,#2000,#2001,
#2002,#2003),.UNSPECIFIED.,.F.,.F.,(4,1,1,1,1,4),(2.77555756156289E-17,
0.0511600302047739,0.102320060409548,0.127900075511935,0.153480090614322,
0.204640120819096),.UNSPECIFIED.);
#355=B_SPLINE_CURVE_WITH_KNOTS('',3,(#2005,#2006,#2007,#2008,#2009,#2010,
#2011,#2012,#2013,#2014,#2015,#2016),.UNSPECIFIED.,.F.,.F.,(4,1,1,1,1,1,
1,1,1,4),(5.64785044985378E-17,0.0158966326327787,0.023844948949168,0.0317932652655573,
0.0476898978983358,0.0635865305311144,0.079483163163893,0.0953797957966716,
0.11127642842945,0.127173061062229),.UNSPECIFIED.);
#356=B_SPLINE_CURVE_WITH_KNOTS('',3,(#2018,#2019,#2020,#2021,#2022,#2023,
#2024),.UNSPECIFIED.,.F.,.F.,(4,1,1,1,4),(1.38777878078145E-17,0.154413241633529,
0.308826483267057,0.463239724900586,0.617652966534115),.UNSPECIFIED.);
#357=B_SPLINE_CURVE_WITH_KNOTS('',3,(#2026,#2027,#2028,#2029,#2030,#2031,
#2032,#2033,#2034,#2035,#2036,#2037,#2038),.UNSPECIFIED.,.F.,.F.,(4,1,1,
1,1,1,1,1,1,1,4),(1.66199070384467E-13,0.0159870162852356,0.0239805244277702,
0.0319740325703049,0.0479610488553742,0.0559545569979089,0.0639480651404436,
0.0799350814255129,0.0959220977105823,0.111909113995652,0.127896130280721),
 .UNSPECIFIED.);
#358=B_SPLINE_CURVE_WITH_KNOTS('',3,(#2040,#2041,#2042,#2043,#2044,#2045,
#2046,#2047,#2048,#2049),.UNSPECIFIED.,.F.,.F.,(4,1,1,1,1,1,1,4),(2.77555756156289E-17,
0.0259451471953746,0.0518902943907493,0.0778354415861239,0.103780588781498,
0.155670883172248,0.181616030367622,0.207561177562997),.UNSPECIFIED.);
#359=B_SPLINE_CURVE_WITH_KNOTS('',3,(#2715,#2716,#2717,#2718,#2719,#2720,
#2721,#2722,#2723,#2724,#2725,#2726,#2727,#2728,#2729,#2730,#2731,#2732,
#2733,#2734,#2735,#2736,#2737,#2738,#2739,#2740,#2741,#2742,#2743,#2744,
#2745,#2746,#2747,#2748,#2749,#2750,#2751,#2752,#2753,#2754,#2755,#2756,
#2757,#2758,#2759,#2760,#2761,#2762,#2763,#2764,#2765,#2766,#2767,#2768,
#2769,#2770,#2771,#2772,#2773,#2774,#2775,#2776,#2777),.UNSPECIFIED.,.T.,
 .F.,(1,1,1,1,1,1,1,1,1,1,1,1,1,1,1,1,1,1,1,1,1,1,1,1,1,1,1,1,1,1,1,1,1,
1,1,1,1,1,1,1,1,1,1,1,1,1,1,1,1,1,1,1,1,1,1,1,1,1,1,1,1,1,1,1,1,1,1),(-0.0682727239692043,
-0.0455151493128028,-0.0227575746564013,0.,0.0227575746564014,0.0455151493128028,
0.0682727239692043,0.0910302986256057,0.136545447938409,0.15930302259481,
0.182060597251211,0.204818171907613,0.227575746564014,0.250333321220416,
0.273090895876817,0.295848470533218,0.31860604518962,0.341363619846021,
0.364121194502423,0.386878769158824,0.409636343815226,0.455151493128028,
0.47790906778443,0.500666642440831,0.523424217097233,0.546181791753634,
0.568939366410036,0.591696941066437,0.614454515722838,0.63721209037924,
0.659969665035641,0.682727239692043,0.705484814348444,0.728242389004845,
0.750999963661247,0.773757538317648,0.79651511297405,0.819272687630451,
0.842030262286853,0.864787836943254,0.887545411599655,0.910302986256057,
0.933060560912458,0.95581813556886,1.00133328488166,1.02409085953806,1.04684843419447,
1.06960600885087,1.09236358350727,1.11512115816367,1.13787873282007,1.16063630747647,
1.18339388213287,1.20615145678928,1.22890903144568,1.27442418075848,1.29718175541488,
1.31993933007128,1.34269690472768,1.36545447938409,1.38821205404049,1.41096962869689,
1.43372720335329,1.45648477800969,1.47924235266609,1.50199992732249,1.5247575019789),
 .UNSPECIFIED.);
#360=B_SPLINE_CURVE_WITH_KNOTS('',3,(#2779,#2780,#2781,#2782,#2783,#2784,
#2785),.UNSPECIFIED.,.F.,.F.,(4,1,1,1,4),(0.,0.154346209411667,0.308692418823333,
0.463038628235,0.617384837646667),.UNSPECIFIED.);
#361=B_SPLINE_CURVE_WITH_KNOTS('',3,(#2788,#2789,#2790,#2791,#2792,#2793,
#2794,#2795,#2796,#2797,#2798,#2799,#2800,#2801,#2802),.UNSPECIFIED.,.F.,
 .F.,(4,1,1,1,1,1,1,1,1,1,1,1,4),(0.,0.0158911288676774,0.0238366933015162,
0.0317822577353549,0.0476733866030323,0.055618951036871,0.0635645154707097,
0.0794556443383872,0.0874012087722259,0.0953467732060646,0.103292337639903,
0.111237902073742,0.127129030941419),.UNSPECIFIED.);
#362=B_SPLINE_CURVE_WITH_KNOTS('',3,(#2804,#2805,#2806,#2807,#2808,#2809,
#2810,#2811,#2812,#2813),.UNSPECIFIED.,.F.,.F.,(4,1,1,1,1,1,1,4),(5.55111512312578E-17,
0.0258967400221458,0.0517934800442916,0.0776902200664374,0.103586960088583,
0.129483700110729,0.155380440132875,0.207173920177166),.UNSPECIFIED.);
#363=B_SPLINE_CURVE_WITH_KNOTS('',3,(#2815,#2816,#2817,#2818,#2819,#2820,
#2821,#2822,#2823,#2824,#2825,#2826,#2827,#2828),.UNSPECIFIED.,.F.,.F.,
(4,1,1,1,1,1,1,1,1,1,1,4),(1.69823702302898E-13,0.0159035483880772,0.0238553225820309,
0.0318070967759845,0.0397588709699382,0.0477106451638919,0.0556624193578456,
0.0636141935517993,0.0795177419397066,0.095421290327614,0.111324838715521,
0.127228387103429),.UNSPECIFIED.);
#364=B_SPLINE_CURVE_WITH_KNOTS('',3,(#2830,#2831,#2832,#2833,#2834,#2835,
#2836),.UNSPECIFIED.,.F.,.F.,(4,1,1,1,4),(2.77555756156289E-17,0.154346209411667,
0.308692418823333,0.463038628235,0.617384837646667),.UNSPECIFIED.);
#365=B_SPLINE_CURVE_WITH_KNOTS('',3,(#2838,#2839,#2840,#2841,#2842,#2843,
#2844,#2845,#2846,#2847,#2848,#2849),.UNSPECIFIED.,.F.,.F.,(4,1,1,1,1,1,
1,1,1,4),(2.82392522492689E-17,0.0158560217015974,0.0237840325523961,0.0317120434031948,
0.0475680651047923,0.0634240868063897,0.0792801085079871,0.0951361302095845,
0.110992151911182,0.126848173612779),.UNSPECIFIED.);
#366=B_SPLINE_CURVE_WITH_KNOTS('',3,(#2851,#2852,#2853,#2854,#2855,#2856,
#2857,#2858),.UNSPECIFIED.,.F.,.F.,(4,1,1,1,1,4),(4.16333634234434E-17,
0.0511149740557946,0.102229948111589,0.127787435139487,0.153344922167384,
0.204459896223178),.UNSPECIFIED.);
#367=B_SPLINE_CURVE_WITH_KNOTS('',3,(#2860,#2861,#2862,#2863,#2864,#2865,
#2866,#2867,#2868,#2869,#2870,#2871,#2872),.UNSPECIFIED.,.F.,.F.,(4,1,1,
1,1,1,1,1,1,1,4),(1.38777878078145E-17,0.0158512212635233,0.0317024425270467,
0.04755366379057,0.0554792744223317,0.0634048850540933,0.071330495685855,
0.0792561063176167,0.09510732758114,0.110958548844663,0.126809770108187),
 .UNSPECIFIED.);
#368=EDGE_LOOP('',(#130));
#369=EDGE_LOOP('',(#131));
#370=EDGE_LOOP('',(#132,#133,#134,#135,#136,#137,#138,#139));
#371=EDGE_LOOP('',(#140));
#372=EDGE_LOOP('',(#141));
#373=EDGE_LOOP('',(#142,#143,#144,#145,#146,#147,#148,#149));
#374=EDGE_LOOP('',(#150));
#375=EDGE_LOOP('',(#151));
#376=EDGE_LOOP('',(#152,#153,#154,#155,#156,#157,#158,#159));
#377=EDGE_LOOP('',(#160));
#378=EDGE_LOOP('',(#161));
#379=EDGE_LOOP('',(#162,#163,#164,#165,#166,#167,#168,#169));
#380=EDGE_LOOP('',(#170));
#381=EDGE_LOOP('',(#171));
#382=EDGE_LOOP('',(#172));
#383=EDGE_LOOP('',(#173));
#384=EDGE_LOOP('',(#174,#175,#176,#177));
#385=EDGE_LOOP('',(#178,#179,#180,#181));
#386=EDGE_LOOP('',(#182,#183,#184,#185));
#387=EDGE_LOOP('',(#186,#187,#188,#189));
#388=EDGE_LOOP('',(#190,#191,#192,#193));
#389=EDGE_LOOP('',(#194,#195,#196,#197));
#390=EDGE_LOOP('',(#198,#199,#200,#201));
#391=EDGE_LOOP('',(#202,#203,#204,#205));
#392=EDGE_LOOP('',(#206,#207,#208,#209));
#393=EDGE_LOOP('',(#210,#211,#212,#213));
#394=EDGE_LOOP('',(#214,#215,#216,#217));
#395=EDGE_LOOP('',(#218,#219,#220,#221));
#396=EDGE_LOOP('',(#222,#223,#224,#225));
#397=EDGE_LOOP('',(#226,#227,#228,#229));
#398=EDGE_LOOP('',(#230,#231,#232,#233));
#399=EDGE_LOOP('',(#234,#235,#236,#237));
#400=FACE_BOUND('',#368,.T.);
#401=FACE_BOUND('',#369,.T.);
#402=FACE_BOUND('',#370,.T.);
#403=FACE_BOUND('',#371,.T.);
#404=FACE_BOUND('',#372,.T.);
#405=FACE_BOUND('',#373,.T.);
#406=FACE_BOUND('',#374,.T.);
#407=FACE_BOUND('',#375,.T.);
#408=FACE_BOUND('',#376,.T.);
#409=FACE_BOUND('',#377,.T.);
#410=FACE_BOUND('',#378,.T.);
#411=FACE_BOUND('',#379,.T.);
#412=FACE_BOUND('',#380,.T.);
#413=FACE_BOUND('',#381,.T.);
#414=FACE_BOUND('',#382,.T.);
#415=FACE_BOUND('',#383,.T.);
#416=FACE_BOUND('',#384,.T.);
#417=FACE_BOUND('',#385,.T.);
#418=FACE_BOUND('',#386,.T.);
#419=FACE_BOUND('',#387,.T.);
#420=FACE_BOUND('',#388,.T.);
#421=FACE_BOUND('',#389,.T.);
#422=FACE_BOUND('',#390,.T.);
#423=FACE_BOUND('',#391,.T.);
#424=FACE_BOUND('',#392,.T.);
#425=FACE_BOUND('',#393,.T.);
#426=FACE_BOUND('',#394,.T.);
#427=FACE_BOUND('',#395,.T.);
#428=FACE_BOUND('',#396,.T.);
#429=FACE_BOUND('',#397,.T.);
#430=FACE_BOUND('',#398,.T.);
#431=FACE_BOUND('',#399,.T.);
#432=B_SPLINE_SURFACE_WITH_KNOTS('',3,3,((#596,#597,#598,#599,#600,#601,
#602,#603,#604,#605,#606,#607,#608,#609,#610,#611,#612,#613,#614,#615,#616,
#617,#618,#619,#620,#621,#622,#623,#624,#625,#626,#627,#628,#629,#630),
(#631,#632,#633,#634,#635,#636,#637,#638,#639,#640,#641,#642,#643,#644,
#645,#646,#647,#648,#649,#650,#651,#652,#653,#654,#655,#656,#657,#658,#659,
#660,#661,#662,#663,#664,#665),(#666,#667,#668,#669,#670,#671,#672,#673,
#674,#675,#676,#677,#678,#679,#680,#681,#682,#683,#684,#685,#686,#687,#688,
#689,#690,#691,#692,#693,#694,#695,#696,#697,#698,#699,#700),(#701,#702,
#703,#704,#705,#706,#707,#708,#709,#710,#711,#712,#713,#714,#715,#716,#717,
#718,#719,#720,#721,#722,#723,#724,#725,#726,#727,#728,#729,#730,#731,#732,
#733,#734,#735),(#736,#737,#738,#739,#740,#741,#742,#743,#744,#745,#746,
#747,#748,#749,#750,#751,#752,#753,#754,#755,#756,#757,#758,#759,#760,#761,
#762,#763,#764,#765,#766,#767,#768,#769,#770),(#771,#772,#773,#774,#775,
#776,#777,#778,#779,#780,#781,#782,#783,#784,#785,#786,#787,#788,#789,#790,
#791,#792,#793,#794,#795,#796,#797,#798,#799,#800,#801,#802,#803,#804,#805),
(#806,#807,#808,#809,#810,#811,#812,#813,#814,#815,#816,#817,#818,#819,
#820,#821,#822,#823,#824,#825,#826,#827,#828,#829,#830,#831,#832,#833,#834,
#835,#836,#837,#838,#839,#840),(#841,#842,#843,#844,#845,#846,#847,#848,
#849,#850,#851,#852,#853,#854,#855,#856,#857,#858,#859,#860,#861,#862,#863,
#864,#865,#866,#867,#868,#869,#870,#871,#872,#873,#874,#875),(#876,#877,
#878,#879,#880,#881,#882,#883,#884,#885,#886,#887,#888,#889,#890,#891,#892,
#893,#894,#895,#896,#897,#898,#899,#900,#901,#902,#903,#904,#905,#906,#907,
#908,#909,#910),(#911,#912,#913,#914,#915,#916,#917,#918,#919,#920,#921,
#922,#923,#924,#925,#926,#927,#928,#929,#930,#931,#932,#933,#934,#935,#936,
#937,#938,#939,#940,#941,#942,#943,#944,#945),(#946,#947,#948,#949,#950,
#951,#952,#953,#954,#955,#956,#957,#958,#959,#960,#961,#962,#963,#964,#965,
#966,#967,#968,#969,#970,#971,#972,#973,#974,#975,#976,#977,#978,#979,#980),
(#981,#982,#983,#984,#985,#986,#987,#988,#989,#990,#991,#992,#993,#994,
#995,#996,#997,#998,#999,#1000,#1001,#1002,#1003,#1004,#1005,#1006,#1007,
#1008,#1009,#1010,#1011,#1012,#1013,#1014,#1015),(#1016,#1017,#1018,#1019,
#1020,#1021,#1022,#1023,#1024,#1025,#1026,#1027,#1028,#1029,#1030,#1031,
#1032,#1033,#1034,#1035,#1036,#1037,#1038,#1039,#1040,#1041,#1042,#1043,
#1044,#1045,#1046,#1047,#1048,#1049,#1050)),.UNSPECIFIED.,.F.,.T.,.F.,(4,
1,1,1,1,1,1,1,1,1,4),(1,1,1,1,1,1,1,1,1,1,1,1,1,1,1,1,1,1,1,1,1,1,1,1,1,
1,1,1,1,1,1,1,1,1,1,1,1,1,1),(6.34406044314351E-18,0.241523482252231,0.362285223378347,
0.483046964504463,0.603808705630578,0.704443489902341,0.784951317319752,
0.835268709455633,0.875522623164338,0.905713058445867,0.966093929008925),
(-0.589048622548087,-0.392699081698725,-0.196349540849362,0.,0.196349540849362,
0.392699081698724,0.589048622548087,0.785398163397449,0.981747704246811,
1.17809724509617,1.37444678594554,1.5707963267949,1.76714586764426,1.96349540849362,
2.15984494934298,2.35619449019235,2.55254403104171,2.74889357189107,2.94524311274043,
3.14159265358979,3.33794219443916,3.53429173528852,3.73064127613788,3.92699081698724,
4.12334035783661,4.31968989868597,4.51603943953533,4.71238898038469,4.90873852123405,
5.10508806208342,5.30143760293278,5.49778714378214,5.6941366846315,5.89048622548087,
6.08683576633023,6.28318530717959,6.47953484802895,6.67588438887831,6.87223392972768),
 .UNSPECIFIED.);
#433=B_SPLINE_SURFACE_WITH_KNOTS('',3,3,((#1173,#1174,#1175,#1176,#1177,
#1178,#1179,#1180,#1181,#1182,#1183,#1184,#1185,#1186,#1187,#1188,#1189,
#1190,#1191,#1192,#1193,#1194,#1195,#1196,#1197,#1198,#1199,#1200,#1201,
#1202,#1203,#1204,#1205,#1206,#1207),(#1208,#1209,#1210,#1211,#1212,#1213,
#1214,#1215,#1216,#1217,#1218,#1219,#1220,#1221,#1222,#1223,#1224,#1225,
#1226,#1227,#1228,#1229,#1230,#1231,#1232,#1233,#1234,#1235,#1236,#1237,
#1238,#1239,#1240,#1241,#1242),(#1243,#1244,#1245,#1246,#1247,#1248,#1249,
#1250,#1251,#1252,#1253,#1254,#1255,#1256,#1257,#1258,#1259,#1260,#1261,
#1262,#1263,#1264,#1265,#1266,#1267,#1268,#1269,#1270,#1271,#1272,#1273,
#1274,#1275,#1276,#1277),(#1278,#1279,#1280,#1281,#1282,#1283,#1284,#1285,
#1286,#1287,#1288,#1289,#1290,#1291,#1292,#1293,#1294,#1295,#1296,#1297,
#1298,#1299,#1300,#1301,#1302,#1303,#1304,#1305,#1306,#1307,#1308,#1309,
#1310,#1311,#1312)),.UNSPECIFIED.,.F.,.T.,.F.,(4,4),(1,1,1,1,1,1,1,1,1,
1,1,1,1,1,1,1,1,1,1,1,1,1,1,1,1,1,1,1,1,1,1,1,1,1,1,1,1,1,1),(0.,1.),(-0.589048622548086,
-0.392699081698725,-0.196349540849362,0.,0.196349540849362,0.392699081698724,
0.589048622548086,0.785398163397448,0.98174770424681,1.17809724509617,1.37444678594553,
1.5707963267949,1.76714586764426,1.96349540849362,2.15984494934298,2.35619449019234,
2.55254403104171,2.74889357189107,2.94524311274043,3.14159265358979,3.33794219443916,
3.53429173528852,3.73064127613788,3.92699081698724,4.1233403578366,4.31968989868597,
4.51603943953533,4.71238898038469,4.90873852123405,5.10508806208341,5.30143760293278,
5.49778714378214,5.6941366846315,5.89048622548086,6.08683576633022,6.28318530717959,
6.47953484802895,6.67588438887831,6.87223392972767),.UNSPECIFIED.);
#434=B_SPLINE_SURFACE_WITH_KNOTS('',3,3,((#1437,#1438,#1439,#1440,#1441,
#1442,#1443,#1444,#1445,#1446,#1447,#1448,#1449,#1450,#1451,#1452,#1453,
#1454,#1455,#1456,#1457,#1458,#1459,#1460,#1461,#1462,#1463,#1464,#1465,
#1466,#1467,#1468,#1469,#1470,#1471),(#1472,#1473,#1474,#1475,#1476,#1477,
#1478,#1479,#1480,#1481,#1482,#1483,#1484,#1485,#1486,#1487,#1488,#1489,
#1490,#1491,#1492,#1493,#1494,#1495,#1496,#1497,#1498,#1499,#1500,#1501,
#1502,#1503,#1504,#1505,#1506),(#1507,#1508,#1509,#1510,#1511,#1512,#1513,
#1514,#1515,#1516,#1517,#1518,#1519,#1520,#1521,#1522,#1523,#1524,#1525,
#1526,#1527,#1528,#1529,#1530,#1531,#1532,#1533,#1534,#1535,#1536,#1537,
#1538,#1539,#1540,#1541),(#1542,#1543,#1544,#1545,#1546,#1547,#1548,#1549,
#1550,#1551,#1552,#1553,#1554,#1555,#1556,#1557,#1558,#1559,#1560,#1561,
#1562,#1563,#1564,#1565,#1566,#1567,#1568,#1569,#1570,#1571,#1572,#1573,
#1574,#1575,#1576),(#1577,#1578,#1579,#1580,#1581,#1582,#1583,#1584,#1585,
#1586,#1587,#1588,#1589,#1590,#1591,#1592,#1593,#1594,#1595,#1596,#1597,
#1598,#1599,#1600,#1601,#1602,#1603,#1604,#1605,#1606,#1607,#1608,#1609,
#1610,#1611),(#1612,#1613,#1614,#1615,#1616,#1617,#1618,#1619,#1620,#1621,
#1622,#1623,#1624,#1625,#1626,#1627,#1628,#1629,#1630,#1631,#1632,#1633,
#1634,#1635,#1636,#1637,#1638,#1639,#1640,#1641,#1642,#1643,#1644,#1645,
#1646),(#1647,#1648,#1649,#1650,#1651,#1652,#1653,#1654,#1655,#1656,#1657,
#1658,#1659,#1660,#1661,#1662,#1663,#1664,#1665,#1666,#1667,#1668,#1669,
#1670,#1671,#1672,#1673,#1674,#1675,#1676,#1677,#1678,#1679,#1680,#1681),
(#1682,#1683,#1684,#1685,#1686,#1687,#1688,#1689,#1690,#1691,#1692,#1693,
#1694,#1695,#1696,#1697,#1698,#1699,#1700,#1701,#1702,#1703,#1704,#1705,
#1706,#1707,#1708,#1709,#1710,#1711,#1712,#1713,#1714,#1715,#1716),(#1717,
#1718,#1719,#1720,#1721,#1722,#1723,#1724,#1725,#1726,#1727,#1728,#1729,
#1730,#1731,#1732,#1733,#1734,#1735,#1736,#1737,#1738,#1739,#1740,#1741,
#1742,#1743,#1744,#1745,#1746,#1747,#1748,#1749,#1750,#1751),(#1752,#1753,
#1754,#1755,#1756,#1757,#1758,#1759,#1760,#1761,#1762,#1763,#1764,#1765,
#1766,#1767,#1768,#1769,#1770,#1771,#1772,#1773,#1774,#1775,#1776,#1777,
#1778,#1779,#1780,#1781,#1782,#1783,#1784,#1785,#1786),(#1787,#1788,#1789,
#1790,#1791,#1792,#1793,#1794,#1795,#1796,#1797,#1798,#1799,#1800,#1801,
#1802,#1803,#1804,#1805,#1806,#1807,#1808,#1809,#1810,#1811,#1812,#1813,
#1814,#1815,#1816,#1817,#1818,#1819,#1820,#1821),(#1822,#1823,#1824,#1825,
#1826,#1827,#1828,#1829,#1830,#1831,#1832,#1833,#1834,#1835,#1836,#1837,
#1838,#1839,#1840,#1841,#1842,#1843,#1844,#1845,#1846,#1847,#1848,#1849,
#1850,#1851,#1852,#1853,#1854,#1855,#1856),(#1857,#1858,#1859,#1860,#1861,
#1862,#1863,#1864,#1865,#1866,#1867,#1868,#1869,#1870,#1871,#1872,#1873,
#1874,#1875,#1876,#1877,#1878,#1879,#1880,#1881,#1882,#1883,#1884,#1885,
#1886,#1887,#1888,#1889,#1890,#1891)),.UNSPECIFIED.,.F.,.T.,.F.,(4,1,1,
1,1,1,1,1,1,1,4),(1,1,1,1,1,1,1,1,1,1,1,1,1,1,1,1,1,1,1,1,1,1,1,1,1,1,1,
1,1,1,1,1,1,1,1,1,1,1,1),(0.345399443042465,0.427224512662156,0.468137047472002,
0.509049582281848,0.549962117091694,0.59087465190154,0.631787186711386,
0.686337233124514,0.754524791140924,0.836349860760616,1.),(-0.589048622548087,
-0.392699081698725,-0.196349540849362,0.,0.196349540849362,0.392699081698724,
0.589048622548087,0.785398163397449,0.981747704246811,1.17809724509617,
1.37444678594554,1.5707963267949,1.76714586764426,1.96349540849362,2.15984494934298,
2.35619449019235,2.55254403104171,2.74889357189107,2.94524311274043,3.14159265358979,
3.33794219443916,3.53429173528852,3.73064127613788,3.92699081698724,4.12334035783661,
4.31968989868597,4.51603943953533,4.71238898038469,4.90873852123405,5.10508806208342,
5.30143760293278,5.49778714378214,5.6941366846315,5.89048622548087,6.08683576633023,
6.28318530717959,6.47953484802895,6.67588438887831,6.87223392972768),
 .UNSPECIFIED.);
#435=B_SPLINE_SURFACE_WITH_KNOTS('',3,3,((#2050,#2051,#2052,#2053,#2054,
#2055,#2056,#2057,#2058,#2059,#2060,#2061,#2062,#2063,#2064,#2065,#2066,
#2067,#2068,#2069,#2070,#2071,#2072,#2073,#2074,#2075,#2076,#2077,#2078,
#2079,#2080,#2081,#2082,#2083,#2084),(#2085,#2086,#2087,#2088,#2089,#2090,
#2091,#2092,#2093,#2094,#2095,#2096,#2097,#2098,#2099,#2100,#2101,#2102,
#2103,#2104,#2105,#2106,#2107,#2108,#2109,#2110,#2111,#2112,#2113,#2114,
#2115,#2116,#2117,#2118,#2119),(#2120,#2121,#2122,#2123,#2124,#2125,#2126,
#2127,#2128,#2129,#2130,#2131,#2132,#2133,#2134,#2135,#2136,#2137,#2138,
#2139,#2140,#2141,#2142,#2143,#2144,#2145,#2146,#2147,#2148,#2149,#2150,
#2151,#2152,#2153,#2154),(#2155,#2156,#2157,#2158,#2159,#2160,#2161,#2162,
#2163,#2164,#2165,#2166,#2167,#2168,#2169,#2170,#2171,#2172,#2173,#2174,
#2175,#2176,#2177,#2178,#2179,#2180,#2181,#2182,#2183,#2184,#2185,#2186,
#2187,#2188,#2189),(#2190,#2191,#2192,#2193,#2194,#2195,#2196,#2197,#2198,
#2199,#2200,#2201,#2202,#2203,#2204,#2205,#2206,#2207,#2208,#2209,#2210,
#2211,#2212,#2213,#2214,#2215,#2216,#2217,#2218,#2219,#2220,#2221,#2222,
#2223,#2224),(#2225,#2226,#2227,#2228,#2229,#2230,#2231,#2232,#2233,#2234,
#2235,#2236,#2237,#2238,#2239,#2240,#2241,#2242,#2243,#2244,#2245,#2246,
#2247,#2248,#2249,#2250,#2251,#2252,#2253,#2254,#2255,#2256,#2257,#2258,
#2259),(#2260,#2261,#2262,#2263,#2264,#2265,#2266,#2267,#2268,#2269,#2270,
#2271,#2272,#2273,#2274,#2275,#2276,#2277,#2278,#2279,#2280,#2281,#2282,
#2283,#2284,#2285,#2286,#2287,#2288,#2289,#2290,#2291,#2292,#2293,#2294),
(#2295,#2296,#2297,#2298,#2299,#2300,#2301,#2302,#2303,#2304,#2305,#2306,
#2307,#2308,#2309,#2310,#2311,#2312,#2313,#2314,#2315,#2316,#2317,#2318,
#2319,#2320,#2321,#2322,#2323,#2324,#2325,#2326,#2327,#2328,#2329),(#2330,
#2331,#2332,#2333,#2334,#2335,#2336,#2337,#2338,#2339,#2340,#2341,#2342,
#2343,#2344,#2345,#2346,#2347,#2348,#2349,#2350,#2351,#2352,#2353,#2354,
#2355,#2356,#2357,#2358,#2359,#2360,#2361,#2362,#2363,#2364),(#2365,#2366,
#2367,#2368,#2369,#2370,#2371,#2372,#2373,#2374,#2375,#2376,#2377,#2378,
#2379,#2380,#2381,#2382,#2383,#2384,#2385,#2386,#2387,#2388,#2389,#2390,
#2391,#2392,#2393,#2394,#2395,#2396,#2397,#2398,#2399),(#2400,#2401,#2402,
#2403,#2404,#2405,#2406,#2407,#2408,#2409,#2410,#2411,#2412,#2413,#2414,
#2415,#2416,#2417,#2418,#2419,#2420,#2421,#2422,#2423,#2424,#2425,#2426,
#2427,#2428,#2429,#2430,#2431,#2432,#2433,#2434),(#2435,#2436,#2437,#2438,
#2439,#2440,#2441,#2442,#2443,#2444,#2445,#2446,#2447,#2448,#2449,#2450,
#2451,#2452,#2453,#2454,#2455,#2456,#2457,#2458,#2459,#2460,#2461,#2462,
#2463,#2464,#2465,#2466,#2467,#2468,#2469),(#2470,#2471,#2472,#2473,#2474,
#2475,#2476,#2477,#2478,#2479,#2480,#2481,#2482,#2483,#2484,#2485,#2486,
#2487,#2488,#2489,#2490,#2491,#2492,#2493,#2494,#2495,#2496,#2497,#2498,
#2499,#2500,#2501,#2502,#2503,#2504),(#2505,#2506,#2507,#2508,#2509,#2510,
#2511,#2512,#2513,#2514,#2515,#2516,#2517,#2518,#2519,#2520,#2521,#2522,
#2523,#2524,#2525,#2526,#2527,#2528,#2529,#2530,#2531,#2532,#2533,#2534,
#2535,#2536,#2537,#2538,#2539),(#2540,#2541,#2542,#2543,#2544,#2545,#2546,
#2547,#2548,#2549,#2550,#2551,#2552,#2553,#2554,#2555,#2556,#2557,#2558,
#2559,#2560,#2561,#2562,#2563,#2564,#2565,#2566,#2567,#2568,#2569,#2570,
#2571,#2572,#2573,#2574),(#2575,#2576,#2577,#2578,#2579,#2580,#2581,#2582,
#2583,#2584,#2585,#2586,#2587,#2588,#2589,#2590,#2591,#2592,#2593,#2594,
#2595,#2596,#2597,#2598,#2599,#2600,#2601,#2602,#2603,#2604,#2605,#2606,
#2607,#2608,#2609),(#2610,#2611,#2612,#2613,#2614,#2615,#2616,#2617,#2618,
#2619,#2620,#2621,#2622,#2623,#2624,#2625,#2626,#2627,#2628,#2629,#2630,
#2631,#2632,#2633,#2634,#2635,#2636,#2637,#2638,#2639,#2640,#2641,#2642,
#2643,#2644),(#2645,#2646,#2647,#2648,#2649,#2650,#2651,#2652,#2653,#2654,
#2655,#2656,#2657,#2658,#2659,#2660,#2661,#2662,#2663,#2664,#2665,#2666,
#2667,#2668,#2669,#2670,#2671,#2672,#2673,#2674,#2675,#2676,#2677,#2678,
#2679),(#2680,#2681,#2682,#2683,#2684,#2685,#2686,#2687,#2688,#2689,#2690,
#2691,#2692,#2693,#2694,#2695,#2696,#2697,#2698,#2699,#2700,#2701,#2702,
#2703,#2704,#2705,#2706,#2707,#2708,#2709,#2710,#2711,#2712,#2713,#2714)),
 .UNSPECIFIED.,.F.,.T.,.F.,(4,1,1,1,1,1,1,1,1,1,1,1,1,1,1,1,4),(1,1,1,1,
1,1,1,1,1,1,1,1,1,1,1,1,1,1,1,1,1,1,1,1,1,1,1,1,1,1,1,1,1,1,1,1,1,1,1),
(0.,0.1875,0.25,0.302083333333333,0.34375,0.375,0.40625,0.4375,0.46875,
0.5,0.53125,0.5625,0.59375,0.635416666666667,0.6875,0.75,1.),(-0.589048622548086,
-0.392699081698725,-0.196349540849362,0.,0.196349540849362,0.392699081698724,
0.589048622548086,0.785398163397448,0.98174770424681,1.17809724509617,1.37444678594553,
1.5707963267949,1.76714586764426,1.96349540849362,2.15984494934298,2.35619449019234,
2.55254403104171,2.74889357189107,2.94524311274043,3.14159265358979,3.33794219443916,
3.53429173528852,3.73064127613788,3.92699081698724,4.1233403578366,4.31968989868597,
4.51603943953533,4.71238898038469,4.90873852123405,5.10508806208341,5.30143760293278,
5.49778714378214,5.6941366846315,5.89048622548086,6.08683576633022,6.28318530717959,
6.47953484802895,6.67588438887831,6.87223392972767),.UNSPECIFIED.);
#436=ADVANCED_FACE('',(#400,#401,#402),#432,.T.);
#437=ADVANCED_FACE('',(#403,#404,#405),#433,.F.);
#438=ADVANCED_FACE('',(#406,#407,#408),#434,.T.);
#439=ADVANCED_FACE('',(#409,#410,#411),#435,.F.);
#440=ADVANCED_FACE('',(#412),#119,.F.);
#441=ADVANCED_FACE('',(#413,#414),#120,.T.);
#442=ADVANCED_FACE('',(#415),#121,.T.);
#443=ADVANCED_FACE('',(#416),#122,.T.);
#444=ADVANCED_FACE('',(#417),#79,.F.);
#445=ADVANCED_FACE('',(#418),#123,.T.);
#446=ADVANCED_FACE('',(#419),#80,.F.);
#447=ADVANCED_FACE('',(#420),#124,.T.);
#448=ADVANCED_FACE('',(#421),#81,.F.);
#449=ADVANCED_FACE('',(#422),#125,.T.);
#450=ADVANCED_FACE('',(#423),#82,.F.);
#451=ADVANCED_FACE('',(#424),#126,.T.);
#452=ADVANCED_FACE('',(#425),#83,.F.);
#453=ADVANCED_FACE('',(#426),#127,.T.);
#454=ADVANCED_FACE('',(#427),#84,.F.);
#455=ADVANCED_FACE('',(#428),#128,.T.);
#456=ADVANCED_FACE('',(#429),#85,.F.);
#457=ADVANCED_FACE('',(#430),#129,.T.);
#458=ADVANCED_FACE('',(#431),#86,.F.);
#459=CLOSED_SHELL('',(#436,#437,#438,#439,#440,#441,#442,#443,#444,#445,
#446,#447,#448,#449,#450,#451,#452,#453,#454,#455,#456,#457,#458));
#460=STYLED_ITEM('',(#461),#468);
#461=PRESENTATION_STYLE_ASSIGNMENT((#462));
#462=SURFACE_STYLE_USAGE(.BOTH.,#463);
#463=SURFACE_SIDE_STYLE('',(#464));
#464=SURFACE_STYLE_FILL_AREA(#465);
#465=FILL_AREA_STYLE('',(#466));
#466=FILL_AREA_STYLE_COLOUR('',#467);
#467=COLOUR_RGB('',0.596078431372549,0.788235294117647,0.92156862745098);
#468=MANIFOLD_SOLID_BREP('Part 1',#459);
#469=SHAPE_DEFINITION_REPRESENTATION(#2941,#470);
#470=SHAPE_REPRESENTATION('Hull Body Shell',(#471),#2933);
#471=AXIS2_PLACEMENT_3D('',#595,#507,#508);
#472=AXIS2_PLACEMENT_3D('',#2873,#509,#510);
#473=AXIS2_PLACEMENT_3D('',#2874,#511,#512);
#474=AXIS2_PLACEMENT_3D('',#2875,#513,#514);
#475=AXIS2_PLACEMENT_3D('',#2876,#515,#516);
#476=AXIS2_PLACEMENT_3D('',#2879,#519,#520);
#477=AXIS2_PLACEMENT_3D('',#2881,#522,#523);
#478=AXIS2_PLACEMENT_3D('',#2883,#525,#526);
#479=AXIS2_PLACEMENT_3D('',#2885,#528,#529);
#480=AXIS2_PLACEMENT_3D('',#2887,#531,#532);
#481=AXIS2_PLACEMENT_3D('',#2889,#534,#535);
#482=AXIS2_PLACEMENT_3D('',#2891,#537,#538);
#483=AXIS2_PLACEMENT_3D('',#2892,#539,#540);
#484=AXIS2_PLACEMENT_3D('',#2895,#543,#544);
#485=AXIS2_PLACEMENT_3D('',#2897,#546,#547);
#486=AXIS2_PLACEMENT_3D('',#2899,#549,#550);
#487=AXIS2_PLACEMENT_3D('',#2901,#552,#553);
#488=AXIS2_PLACEMENT_3D('',#2903,#555,#556);
#489=AXIS2_PLACEMENT_3D('',#2905,#558,#559);
#490=AXIS2_PLACEMENT_3D('',#2907,#561,#562);
#491=AXIS2_PLACEMENT_3D('',#2908,#563,#564);
#492=AXIS2_PLACEMENT_3D('',#2910,#565,#566);
#493=AXIS2_PLACEMENT_3D('',#2911,#567,#568);
#494=AXIS2_PLACEMENT_3D('',#2913,#569,#570);
#495=AXIS2_PLACEMENT_3D('',#2914,#571,#572);
#496=AXIS2_PLACEMENT_3D('',#2916,#573,#574);
#497=AXIS2_PLACEMENT_3D('',#2917,#575,#576);
#498=AXIS2_PLACEMENT_3D('',#2919,#577,#578);
#499=AXIS2_PLACEMENT_3D('',#2920,#579,#580);
#500=AXIS2_PLACEMENT_3D('',#2922,#581,#582);
#501=AXIS2_PLACEMENT_3D('',#2923,#583,#584);
#502=AXIS2_PLACEMENT_3D('',#2925,#585,#586);
#503=AXIS2_PLACEMENT_3D('',#2926,#587,#588);
#504=AXIS2_PLACEMENT_3D('',#2928,#589,#590);
#505=AXIS2_PLACEMENT_3D('',#2929,#591,#592);
#506=AXIS2_PLACEMENT_3D('',#2931,#593,#594);
#507=DIRECTION('',(0.,0.,1.));
#508=DIRECTION('',(1.,0.,0.));
#509=DIRECTION('',(0.,-1.,0.));
#510=DIRECTION('',(0.,0.,-1.));
#511=DIRECTION('',(0.,1.,1.17145536458252E-15));
#512=DIRECTION('',(0.,-1.17145536458252E-15,1.));
#513=DIRECTION('',(0.,-1.,0.));
#514=DIRECTION('',(0.,0.,-1.));
#515=DIRECTION('',(0.,0.,-1.));
#516=DIRECTION('',(-1.,0.,0.));
#517=DIRECTION('',(-1.,0.,0.));
#518=DIRECTION('',(-1.,0.,0.));
#519=DIRECTION('',(-1.,0.,0.));
#520=DIRECTION('',(0.,0.,1.));
#521=DIRECTION('',(-1.,0.,0.));
#522=DIRECTION('',(0.,1.,-1.10981324741901E-15));
#523=DIRECTION('',(0.,1.10981324741901E-15,1.));
#524=DIRECTION('',(-1.,0.,0.));
#525=DIRECTION('',(-1.,0.,0.));
#526=DIRECTION('',(0.,0.,1.));
#527=DIRECTION('',(-1.,0.,0.));
#528=DIRECTION('',(0.,0.,1.));
#529=DIRECTION('',(1.,0.,0.));
#530=DIRECTION('',(-1.,0.,0.));
#531=DIRECTION('',(-1.,0.,0.));
#532=DIRECTION('',(0.,0.,1.));
#533=DIRECTION('',(-1.,0.,0.));
#534=DIRECTION('',(0.,-1.,1.6391087961776E-15));
#535=DIRECTION('',(0.,-1.6391087961776E-15,-1.));
#536=DIRECTION('',(-1.,0.,0.));
#537=DIRECTION('',(-1.,0.,0.));
#538=DIRECTION('',(0.,0.,1.));
#539=DIRECTION('',(1.,-1.45698559662108E-15,0.));
#540=DIRECTION('',(1.45698559662108E-15,1.,0.));
#541=DIRECTION('',(0.,0.,-1.));
#542=DIRECTION('',(0.,0.,-1.));
#543=DIRECTION('',(0.,0.,-1.));
#544=DIRECTION('',(-1.,0.,0.));
#545=DIRECTION('',(0.,0.,-1.));
#546=DIRECTION('',(0.,1.,0.));
#547=DIRECTION('',(0.,0.,1.));
#548=DIRECTION('',(0.,0.,-1.));
#549=DIRECTION('',(0.,0.,-1.));
#550=DIRECTION('',(-1.,0.,0.));
#551=DIRECTION('',(0.,0.,-1.));
#552=DIRECTION('',(-1.,1.45698559662108E-15,0.));
#553=DIRECTION('',(-1.45698559662108E-15,-1.,0.));
#554=DIRECTION('',(0.,0.,-1.));
#555=DIRECTION('',(0.,0.,-1.));
#556=DIRECTION('',(-1.,0.,0.));
#557=DIRECTION('',(0.,0.,-1.));
#558=DIRECTION('',(0.,-1.,0.));
#559=DIRECTION('',(0.,0.,-1.));
#560=DIRECTION('',(0.,0.,-1.));
#561=DIRECTION('',(0.,0.,-1.));
#562=DIRECTION('',(-1.,0.,0.));
#563=DIRECTION('',(0.,0.,-1.));
#564=DIRECTION('',(-1.,0.,0.));
#565=DIRECTION('',(0.,0.,1.));
#566=DIRECTION('',(1.,0.,0.));
#567=DIRECTION('',(0.,1.,0.));
#568=DIRECTION('',(-1.,0.,0.));
#569=DIRECTION('',(0.,0.,1.));
#570=DIRECTION('',(1.,0.,0.));
#571=DIRECTION('',(-1.,0.,0.));
#572=DIRECTION('',(0.,-1.,0.));
#573=DIRECTION('',(0.,0.,1.));
#574=DIRECTION('',(1.,0.,0.));
#575=DIRECTION('',(0.,-1.,0.));
#576=DIRECTION('',(1.,0.,0.));
#577=DIRECTION('',(0.,0.,1.));
#578=DIRECTION('',(1.,0.,0.));
#579=DIRECTION('',(0.,0.,1.));
#580=DIRECTION('',(-1.,0.,0.));
#581=DIRECTION('',(0.,0.,1.));
#582=DIRECTION('',(1.,0.,0.));
#583=DIRECTION('',(1.,0.,0.));
#584=DIRECTION('',(0.,1.,0.));
#585=DIRECTION('',(0.,0.,1.));
#586=DIRECTION('',(1.,0.,0.));
#587=DIRECTION('',(-0.577350269189626,0.577350269189626,-0.577350269189626));
#588=DIRECTION('',(-0.707106783301408,-0.707106779071687,4.22972049052284E-9));
#589=DIRECTION('',(0.,0.,1.));
#590=DIRECTION('',(1.,0.,0.));
#591=DIRECTION('',(-0.718873086818576,0.585048618558824,-0.375419230954334));
#592=DIRECTION('',(-0.631219059509573,-0.775604602172943,-1.93937370607244E-8));
#593=DIRECTION('',(0.,0.,1.));
#594=DIRECTION('',(1.,0.,0.));
#595=CARTESIAN_POINT('',(0.,0.,0.));
#596=CARTESIAN_POINT('',(2.7734142575727,-1.50000000302691,13.9896299301798));
#597=CARTESIAN_POINT('',(2.6908702737593E-14,-1.50000000302691,14.2627873924989));
#598=CARTESIAN_POINT('',(-2.7734142575728,-1.50000000302691,13.9896299301798));
#599=CARTESIAN_POINT('',(-5.4402477605757,-1.50000000302691,13.1806548313109));
#600=CARTESIAN_POINT('',(-7.89801559306577,-1.50000000302691,11.8669505552633));
#601=CARTESIAN_POINT('',(-10.0522671155725,-1.50000000302691,10.0990020206317));
#602=CARTESIAN_POINT('',(-11.8202156502041,-1.50000000302691,7.94475049812497));
#603=CARTESIAN_POINT('',(-13.1339199262517,-1.50000000302691,5.48698266563487));
#604=CARTESIAN_POINT('',(-13.9428950251206,-1.50000000302691,2.82014916263198));
#605=CARTESIAN_POINT('',(-14.2160524874397,-1.50000000302691,0.0467349050592015));
#606=CARTESIAN_POINT('',(-13.9428950251206,-1.50000000302691,-2.72667935251355));
#607=CARTESIAN_POINT('',(-13.1339199262517,-1.50000000302691,-5.39351285551652));
#608=CARTESIAN_POINT('',(-11.8202156502041,-1.50000000302691,-7.85128068800659));
#609=CARTESIAN_POINT('',(-10.0522671155724,-1.50000000302691,-10.0055322105133));
#610=CARTESIAN_POINT('',(-7.89801559306576,-1.50000000302691,-11.7734807451449));
#611=CARTESIAN_POINT('',(-5.44024776057573,-1.50000000302691,-13.0871850211925));
#612=CARTESIAN_POINT('',(-2.77341425757275,-1.50000000302691,-13.8961601200614));
#613=CARTESIAN_POINT('',(1.45750510635049E-14,-1.50000000302691,-14.1693175823805));
#614=CARTESIAN_POINT('',(2.77341425757281,-1.50000000302691,-13.8961601200614));
#615=CARTESIAN_POINT('',(5.44024776057565,-1.50000000302691,-13.0871850211925));
#616=CARTESIAN_POINT('',(7.89801559306582,-1.50000000302691,-11.7734807451449));
#617=CARTESIAN_POINT('',(10.0522671155725,-1.50000000302691,-10.0055322105133));
#618=CARTESIAN_POINT('',(11.8202156502042,-1.50000000302691,-7.85128068800648));
#619=CARTESIAN_POINT('',(13.1339199262517,-1.50000000302691,-5.39351285551652));
#620=CARTESIAN_POINT('',(13.9428950251206,-1.50000000302691,-2.72667935251352));
#621=CARTESIAN_POINT('',(14.2160524874397,-1.50000000302691,0.0467349050592548));
#622=CARTESIAN_POINT('',(13.9428950251206,-1.50000000302691,2.82014916263206));
#623=CARTESIAN_POINT('',(13.1339199262517,-1.50000000302691,5.48698266563494));
#624=CARTESIAN_POINT('',(11.8202156502041,-1.50000000302691,7.94475049812503));
#625=CARTESIAN_POINT('',(10.0522671155725,-1.5000000030269,10.0990020206317));
#626=CARTESIAN_POINT('',(7.89801559306574,-1.50000000302691,11.8669505552634));
#627=CARTESIAN_POINT('',(5.44024776057565,-1.50000000302691,13.1806548313109));
#628=CARTESIAN_POINT('',(2.7734142575727,-1.50000000302691,13.9896299301798));
#629=CARTESIAN_POINT('',(2.6908702737593E-14,-1.50000000302691,14.2627873924989));
#630=CARTESIAN_POINT('',(-2.7734142575728,-1.50000000302691,13.9896299301798));
#631=CARTESIAN_POINT('',(2.77346922278171,-5.80892398702366,13.9899062589458));
#632=CARTESIAN_POINT('',(2.6908702737593E-14,-5.80892398702367,14.2630691348655));
#633=CARTESIAN_POINT('',(-2.77346922278181,-5.80892398702366,13.9899062589458));
#634=CARTESIAN_POINT('',(-5.44035557871158,-5.80892398702367,13.1809151273168));
#635=CARTESIAN_POINT('',(-7.89817212073802,-5.80892398702366,11.8671848154796));
#636=CARTESIAN_POINT('',(-10.0524663375104,-5.80892398702366,10.0992012425696));
#637=CARTESIAN_POINT('',(-11.8204499104204,-5.80892398702366,7.94490702579722));
#638=CARTESIAN_POINT('',(-13.1341802222576,-5.80892398702367,5.48709048377075));
#639=CARTESIAN_POINT('',(-13.9431713538866,-5.80892398702367,2.82020412784101));
#640=CARTESIAN_POINT('',(-14.2163342298063,-5.80892398702367,0.0467349050591993));
#641=CARTESIAN_POINT('',(-13.9431713538866,-5.80892398702366,-2.72673431772256));
#642=CARTESIAN_POINT('',(-13.1341802222576,-5.80892398702367,-5.39362067365241));
#643=CARTESIAN_POINT('',(-11.8204499104204,-5.80892398702367,-7.85143721567882));
#644=CARTESIAN_POINT('',(-10.0524663375104,-5.80892398702366,-10.0057314324513));
#645=CARTESIAN_POINT('',(-7.89817212073799,-5.80892398702367,-11.7737150053612));
#646=CARTESIAN_POINT('',(-5.44035557871161,-5.80892398702367,-13.0874453171984));
#647=CARTESIAN_POINT('',(-2.77346922278177,-5.80892398702366,-13.8964364488274));
#648=CARTESIAN_POINT('',(1.70425804972066E-14,-5.80892398702367,-14.169599324747));
#649=CARTESIAN_POINT('',(2.77346922278183,-5.80892398702367,-13.8964364488274));
#650=CARTESIAN_POINT('',(5.44035557871152,-5.80892398702367,-13.0874453171984));
#651=CARTESIAN_POINT('',(7.89817212073807,-5.80892398702366,-11.7737150053612));
#652=CARTESIAN_POINT('',(10.0524663375104,-5.80892398702367,-10.0057314324513));
#653=CARTESIAN_POINT('',(11.8204499104205,-5.80892398702366,-7.85143721567871));
#654=CARTESIAN_POINT('',(13.1341802222576,-5.80892398702367,-5.3936206736524));
#655=CARTESIAN_POINT('',(13.9431713538866,-5.80892398702366,-2.72673431772253));
#656=CARTESIAN_POINT('',(14.2163342298063,-5.80892398702367,0.046734905059254));
#657=CARTESIAN_POINT('',(13.9431713538866,-5.80892398702366,2.82020412784107));
#658=CARTESIAN_POINT('',(13.1341802222576,-5.80892398702367,5.48709048377083));
#659=CARTESIAN_POINT('',(11.8204499104204,-5.80892398702367,7.94490702579727));
#660=CARTESIAN_POINT('',(10.0524663375104,-5.80892398702367,10.0992012425697));
#661=CARTESIAN_POINT('',(7.89817212073798,-5.80892398702367,11.8671848154797));
#662=CARTESIAN_POINT('',(5.44035557871153,-5.80892398702367,13.1809151273168));
#663=CARTESIAN_POINT('',(2.77346922278171,-5.80892398702366,13.9899062589458));
#664=CARTESIAN_POINT('',(2.6908702737593E-14,-5.80892398702367,14.2630691348655));
#665=CARTESIAN_POINT('',(-2.77346922278181,-5.80892398702366,13.9899062589458));
#666=CARTESIAN_POINT('',(2.57728715104731,-12.5974752480923,13.0036323820683));
#667=CARTESIAN_POINT('',(2.22645611483637E-14,-12.5974752480923,13.2574730104294));
#668=CARTESIAN_POINT('',(-2.5772871510474,-12.5974752480923,13.0036323820683));
#669=CARTESIAN_POINT('',(-5.05553060223934,-12.5974752480923,12.2518654499776));
#670=CARTESIAN_POINT('',(-7.33949284756141,-12.5974752480923,11.0310621957618));
#671=CARTESIAN_POINT('',(-9.34140249878672,-12.5974752480923,9.38813740384591));
#672=CARTESIAN_POINT('',(-10.9843272907026,-12.5974752480923,7.38622775262062));
#673=CARTESIAN_POINT('',(-12.2051305449184,-12.5974752480923,5.10226550729851));
#674=CARTESIAN_POINT('',(-12.9568974770091,-12.5974752480923,2.62402205610658));
#675=CARTESIAN_POINT('',(-13.2107381053701,-12.5974752480923,0.0467349050592048));
#676=CARTESIAN_POINT('',(-12.9568974770091,-12.5974752480923,-2.53055224598816));
#677=CARTESIAN_POINT('',(-12.2051305449184,-12.5974752480923,-5.00879569718014));
#678=CARTESIAN_POINT('',(-10.9843272907025,-12.5974752480923,-7.29275794250224));
#679=CARTESIAN_POINT('',(-9.34140249878668,-12.5974752480923,-9.29466759372757));
#680=CARTESIAN_POINT('',(-7.33949284756141,-12.5974752480923,-10.9375923856434));
#681=CARTESIAN_POINT('',(-5.05553060223936,-12.5974752480923,-12.1583956398592));
#682=CARTESIAN_POINT('',(-2.57728715104735,-12.5974752480923,-12.9101625719499));
#683=CARTESIAN_POINT('',(1.15475656514613E-14,-12.5974752480923,-13.1640032003109));
#684=CARTESIAN_POINT('',(2.57728715104742,-12.5974752480923,-12.9101625719498));
#685=CARTESIAN_POINT('',(5.05553060223928,-12.5974752480923,-12.1583956398592));
#686=CARTESIAN_POINT('',(7.33949284756147,-12.5974752480923,-10.9375923856434));
#687=CARTESIAN_POINT('',(9.34140249878675,-12.5974752480923,-9.29466759372753));
#688=CARTESIAN_POINT('',(10.9843272907026,-12.5974752480923,-7.29275794250214));
#689=CARTESIAN_POINT('',(12.2051305449184,-12.5974752480923,-5.00879569718015));
#690=CARTESIAN_POINT('',(12.9568974770091,-12.5974752480923,-2.53055224598812));
#691=CARTESIAN_POINT('',(13.2107381053701,-12.5974752480923,0.0467349050592529));
#692=CARTESIAN_POINT('',(12.9568974770091,-12.5974752480923,2.62402205610666));
#693=CARTESIAN_POINT('',(12.2051305449184,-12.5974752480923,5.10226550729857));
#694=CARTESIAN_POINT('',(10.9843272907026,-12.5974752480923,7.38622775262067));
#695=CARTESIAN_POINT('',(9.34140249878675,-12.5974752480923,9.38813740384595));
#696=CARTESIAN_POINT('',(7.33949284756138,-12.5974752480923,11.0310621957618));
#697=CARTESIAN_POINT('',(5.05553060223928,-12.5974752480923,12.2518654499776));
#698=CARTESIAN_POINT('',(2.57728715104731,-12.5974752480923,13.0036323820683));
#699=CARTESIAN_POINT('',(2.22645611483637E-14,-12.5974752480923,13.2574730104294));
#700=CARTESIAN_POINT('',(-2.5772871510474,-12.5974752480923,13.0036323820683));
#701=CARTESIAN_POINT('',(2.11134037382978,-21.2868451306141,10.6611597477338));
#702=CARTESIAN_POINT('',(1.8747306856521E-14,-21.2868451306141,10.8691086241169));
#703=CARTESIAN_POINT('',(-2.11134037382985,-21.286845130614,10.6611597477338));
#704=CARTESIAN_POINT('',(-4.14154312114676,-21.2868451306141,10.0453044772847));
#705=CARTESIAN_POINT('',(-6.01258868892211,-21.286845130614,9.0452097854374));
#706=CARTESIAN_POINT('',(-7.65257384528076,-21.2868451306141,7.69930875033997));
#707=CARTESIAN_POINT('',(-8.99847488037819,-21.2868451306141,6.05932359398132));
#708=CARTESIAN_POINT('',(-9.9985695722255,-21.2868451306141,4.18827802620595));
#709=CARTESIAN_POINT('',(-10.6144248426746,-21.2868451306141,2.15807527888905));
#710=CARTESIAN_POINT('',(-10.8223737190577,-21.2868451306141,0.0467349050592024));
#711=CARTESIAN_POINT('',(-10.6144248426746,-21.2868451306141,-2.06460546877062));
#712=CARTESIAN_POINT('',(-9.99856957222547,-21.286845130614,-4.09480821608757));
#713=CARTESIAN_POINT('',(-8.99847488037818,-21.2868451306141,-5.96585378386291));
#714=CARTESIAN_POINT('',(-7.65257384528073,-21.286845130614,-7.60583894022162));
#715=CARTESIAN_POINT('',(-6.01258868892211,-21.2868451306141,-8.95173997531898));
#716=CARTESIAN_POINT('',(-4.14154312114677,-21.2868451306141,-9.95183466716626));
#717=CARTESIAN_POINT('',(-2.11134037382982,-21.2868451306141,-10.5676899376154));
#718=CARTESIAN_POINT('',(1.05140278039562E-14,-21.2868451306141,-10.7756388139985));
#719=CARTESIAN_POINT('',(2.11134037382987,-21.286845130614,-10.5676899376154));
#720=CARTESIAN_POINT('',(4.14154312114671,-21.286845130614,-9.95183466716629));
#721=CARTESIAN_POINT('',(6.01258868892216,-21.2868451306141,-8.95173997531895));
#722=CARTESIAN_POINT('',(7.65257384528078,-21.2868451306141,-7.6058389402216));
#723=CARTESIAN_POINT('',(8.99847488037821,-21.286845130614,-5.96585378386283));
#724=CARTESIAN_POINT('',(9.99856957222547,-21.2868451306141,-4.09480821608757));
#725=CARTESIAN_POINT('',(10.6144248426746,-21.2868451306141,-2.06460546877059));
#726=CARTESIAN_POINT('',(10.8223737190577,-21.2868451306141,0.0467349050592402));
#727=CARTESIAN_POINT('',(10.6144248426746,-21.2868451306141,2.1580752788891));
#728=CARTESIAN_POINT('',(9.99856957222548,-21.2868451306141,4.18827802620599));
#729=CARTESIAN_POINT('',(8.99847488037817,-21.2868451306141,6.05932359398136));
#730=CARTESIAN_POINT('',(7.65257384528079,-21.2868451306141,7.69930875033998));
#731=CARTESIAN_POINT('',(6.01258868892209,-21.2868451306141,9.04520978543743));
#732=CARTESIAN_POINT('',(4.14154312114671,-21.2868451306141,10.0453044772847));
#733=CARTESIAN_POINT('',(2.11134037382978,-21.2868451306141,10.6611597477338));
#734=CARTESIAN_POINT('',(1.8747306856521E-14,-21.2868451306141,10.8691086241169));
#735=CARTESIAN_POINT('',(-2.11134037382985,-21.286845130614,10.6611597477338));
#736=CARTESIAN_POINT('',(1.70734908382471,-27.372041371862,8.63015838101634));
#737=CARTESIAN_POINT('',(1.74155309596097E-14,-27.372041371862,8.79831758830281));
#738=CARTESIAN_POINT('',(-1.70734908382476,-27.372041371862,8.63015838101632));
#739=CARTESIAN_POINT('',(-3.34908569985055,-27.3720413718619,8.13214302318816));
#740=CARTESIAN_POINT('',(-4.86211883061994,-27.372041371862,7.32340996572943));
#741=CARTESIAN_POINT('',(-6.18830346143629,-27.372041371862,6.2350383664955));
#742=CARTESIAN_POINT('',(-7.27667506067023,-27.372041371862,4.90885373567916));
#743=CARTESIAN_POINT('',(-8.08540811812897,-27.372041371862,3.39582060490972));
#744=CARTESIAN_POINT('',(-8.5834234759571,-27.372041371862,1.75408398888397));
#745=CARTESIAN_POINT('',(-8.75158268324359,-27.372041371862,0.0467349050592068));
#746=CARTESIAN_POINT('',(-8.58342347595711,-27.372041371862,-1.66061417876553));
#747=CARTESIAN_POINT('',(-8.08540811812894,-27.372041371862,-3.30235079479134));
#748=CARTESIAN_POINT('',(-7.2766750606702,-27.372041371862,-4.81538392556075));
#749=CARTESIAN_POINT('',(-6.18830346143626,-27.372041371862,-6.14156855637713));
#750=CARTESIAN_POINT('',(-4.86211883061994,-27.372041371862,-7.229940155611));
#751=CARTESIAN_POINT('',(-3.34908569985056,-27.372041371862,-8.03867321306974));
#752=CARTESIAN_POINT('',(-1.70734908382473,-27.372041371862,-8.53668857089789));
#753=CARTESIAN_POINT('',(1.06836855724279E-14,-27.372041371862,-8.70484777818437));
#754=CARTESIAN_POINT('',(1.70734908382477,-27.372041371862,-8.53668857089789));
#755=CARTESIAN_POINT('',(3.34908569985051,-27.372041371862,-8.03867321306974));
#756=CARTESIAN_POINT('',(4.86211883061998,-27.372041371862,-7.229940155611));
#757=CARTESIAN_POINT('',(6.1883034614363,-27.372041371862,-6.1415685563771));
#758=CARTESIAN_POINT('',(7.27667506067023,-27.372041371862,-4.81538392556068));
#759=CARTESIAN_POINT('',(8.08540811812894,-27.372041371862,-3.30235079479134));
#760=CARTESIAN_POINT('',(8.58342347595712,-27.372041371862,-1.66061417876551));
#761=CARTESIAN_POINT('',(8.75158268324358,-27.372041371862,0.0467349050592424));
#762=CARTESIAN_POINT('',(8.58342347595711,-27.372041371862,1.75408398888401));
#763=CARTESIAN_POINT('',(8.08540811812895,-27.372041371862,3.39582060490977));
#764=CARTESIAN_POINT('',(7.2766750606702,-27.372041371862,4.90885373567919));
#765=CARTESIAN_POINT('',(6.1883034614363,-27.372041371862,6.23503836649549));
#766=CARTESIAN_POINT('',(4.86211883061994,-27.372041371862,7.32340996572945));
#767=CARTESIAN_POINT('',(3.3490856998505,-27.372041371862,8.13214302318818));
#768=CARTESIAN_POINT('',(1.70734908382471,-27.372041371862,8.63015838101634));
#769=CARTESIAN_POINT('',(1.74155309596097E-14,-27.372041371862,8.79831758830281));
#770=CARTESIAN_POINT('',(-1.70734908382476,-27.372041371862,8.63015838101632));
#771=CARTESIAN_POINT('',(1.31924595378588,-32.4752759993076,6.67903218835442));
#772=CARTESIAN_POINT('',(9.93709707695376E-15,-32.4752759993076,6.80896657371605));
#773=CARTESIAN_POINT('',(-1.31924595378592,-32.4752759993076,6.67903218835443));
#774=CARTESIAN_POINT('',(-2.58779402540952,-32.4752759993076,6.29422233783091));
#775=CARTESIAN_POINT('',(-3.7568946238882,-32.4752759993076,5.66932504889732));
#776=CARTESIAN_POINT('',(-4.78161986886167,-32.4752759993076,4.82835477392087));
#777=CARTESIAN_POINT('',(-5.62259014383811,-32.4752759993076,3.80362952894742));
#778=CARTESIAN_POINT('',(-6.24748743277171,-32.4752759993076,2.63452893046871));
#779=CARTESIAN_POINT('',(-6.63229728329521,-32.4752759993076,1.36598085884513));
#780=CARTESIAN_POINT('',(-6.76223166865684,-32.4752759993076,0.046734905059207));
#781=CARTESIAN_POINT('',(-6.6322972832952,-32.4752759993076,-1.2725110487267));
#782=CARTESIAN_POINT('',(-6.24748743277169,-32.4752759993076,-2.54105912035031));
#783=CARTESIAN_POINT('',(-5.62259014383809,-32.4752759993076,-3.71015971882901));
#784=CARTESIAN_POINT('',(-4.78161986886164,-32.4752759993076,-4.73488496380249));
#785=CARTESIAN_POINT('',(-3.75689462388821,-32.4752759993076,-5.57585523877889));
#786=CARTESIAN_POINT('',(-2.58779402540951,-32.4752759993076,-6.20075252771248));
#787=CARTESIAN_POINT('',(-1.3192459537859,-32.4752759993076,-6.58556237823599));
#788=CARTESIAN_POINT('',(6.70247978219657E-15,-32.4752759993076,-6.71549676359763));
#789=CARTESIAN_POINT('',(1.31924595378594,-32.4752759993076,-6.58556237823598));
#790=CARTESIAN_POINT('',(2.58779402540948,-32.4752759993076,-6.2007525277125));
#791=CARTESIAN_POINT('',(3.75689462388825,-32.4752759993076,-5.57585523877887));
#792=CARTESIAN_POINT('',(4.78161986886168,-32.4752759993076,-4.73488496380247));
#793=CARTESIAN_POINT('',(5.62259014383812,-32.4752759993076,-3.71015971882895));
#794=CARTESIAN_POINT('',(6.24748743277169,-32.4752759993076,-2.54105912035031));
#795=CARTESIAN_POINT('',(6.63229728329521,-32.4752759993076,-1.27251104872668));
#796=CARTESIAN_POINT('',(6.76223166865684,-32.4752759993076,0.0467349050592362));
#797=CARTESIAN_POINT('',(6.6322972832952,-32.4752759993076,1.36598085884516));
#798=CARTESIAN_POINT('',(6.24748743277169,-32.4752759993076,2.63452893046874));
#799=CARTESIAN_POINT('',(5.62259014383808,-32.4752759993076,3.80362952894745));
#800=CARTESIAN_POINT('',(4.78161986886169,-32.4752759993076,4.82835477392086));
#801=CARTESIAN_POINT('',(3.75689462388819,-32.4752759993076,5.66932504889733));
#802=CARTESIAN_POINT('',(2.58779402540949,-32.4752759993076,6.29422233783092));
#803=CARTESIAN_POINT('',(1.31924595378588,-32.4752759993076,6.67903218835442));
#804=CARTESIAN_POINT('',(9.93709707695376E-15,-32.4752759993076,6.80896657371605));
#805=CARTESIAN_POINT('',(-1.31924595378592,-32.4752759993076,6.67903218835443));
#806=CARTESIAN_POINT('',(1.00788648994759,-36.2674750895562,5.11372245955305));
#807=CARTESIAN_POINT('',(1.55715335638863E-14,-36.2674750895562,5.21299061437271));
#808=CARTESIAN_POINT('',(-1.00788648994764,-36.2674750895562,5.11372245955304));
#809=CARTESIAN_POINT('',(-1.97704046731583,-36.2674750895562,4.81973281461353));
#810=CARTESIAN_POINT('',(-2.87021788826215,-36.2674750895562,4.34231953673791));
#811=CARTESIAN_POINT('',(-3.65309444539928,-36.2674750895562,3.69982935045851));
#812=CARTESIAN_POINT('',(-4.29558463167871,-36.2674750895562,2.91695279332135));
#813=CARTESIAN_POINT('',(-4.77299790955432,-36.2674750895562,2.02377537237504));
#814=CARTESIAN_POINT('',(-5.06698755449382,-36.2674750895562,1.05462139500683));
#815=CARTESIAN_POINT('',(-5.16625570931349,-36.2674750895562,0.0467349050592046));
#816=CARTESIAN_POINT('',(-5.06698755449382,-36.2674750895562,-0.961151584888412));
#817=CARTESIAN_POINT('',(-4.77299790955431,-36.2674750895562,-1.93030556225663));
#818=CARTESIAN_POINT('',(-4.2955846316787,-36.2674750895562,-2.82348298320295));
#819=CARTESIAN_POINT('',(-3.65309444539927,-36.2674750895562,-3.6063595403401));
#820=CARTESIAN_POINT('',(-2.87021788826215,-36.2674750895562,-4.24884972661948));
#821=CARTESIAN_POINT('',(-1.97704046731584,-36.2674750895562,-4.7262630044951));
#822=CARTESIAN_POINT('',(-1.00788648994761,-36.2674750895562,-5.02025264943461));
#823=CARTESIAN_POINT('',(7.75141262062563E-16,-36.2674750895562,-5.11952080425428));
#824=CARTESIAN_POINT('',(1.00788648994765,-36.2674750895562,-5.0202526494346));
#825=CARTESIAN_POINT('',(1.97704046731581,-36.2674750895562,-4.72626300449511));
#826=CARTESIAN_POINT('',(2.87021788826217,-36.2674750895562,-4.24884972661947));
#827=CARTESIAN_POINT('',(3.65309444539929,-36.2674750895562,-3.60635954034008));
#828=CARTESIAN_POINT('',(4.29558463167872,-36.2674750895562,-2.8234829832029));
#829=CARTESIAN_POINT('',(4.77299790955431,-36.2674750895562,-1.93030556225662));
#830=CARTESIAN_POINT('',(5.06698755449383,-36.2674750895562,-0.961151584888389));
#831=CARTESIAN_POINT('',(5.1662557093135,-36.2674750895562,0.0467349050592314));
#832=CARTESIAN_POINT('',(5.06698755449382,-36.2674750895562,1.05462139500686));
#833=CARTESIAN_POINT('',(4.77299790955432,-36.2674750895562,2.02377537237505));
#834=CARTESIAN_POINT('',(4.29558463167869,-36.2674750895562,2.91695279332138));
#835=CARTESIAN_POINT('',(3.6530944453993,-36.2674750895562,3.69982935045849));
#836=CARTESIAN_POINT('',(2.87021788826214,-36.2674750895562,4.34231953673793));
#837=CARTESIAN_POINT('',(1.97704046731581,-36.2674750895562,4.81973281461354));
#838=CARTESIAN_POINT('',(1.00788648994759,-36.2674750895562,5.11372245955305));
#839=CARTESIAN_POINT('',(1.55715335638863E-14,-36.2674750895562,5.21299061437271));
#840=CARTESIAN_POINT('',(-1.00788648994764,-36.2674750895562,5.11372245955304));
#841=CARTESIAN_POINT('',(0.807631503281437,-38.6306374348742,4.10697265659106));
#842=CARTESIAN_POINT('',(7.2393971832103E-15,-38.6306374348742,4.18651741674471));
#843=CARTESIAN_POINT('',(-0.807631503281465,-38.6306374348742,4.10697265659106));
#844=CARTESIAN_POINT('',(-1.58422618081678,-38.6306374348742,3.87139523665361));
#845=CARTESIAN_POINT('',(-2.29993993466758,-38.6306374348742,3.48883826506721));
#846=CARTESIAN_POINT('',(-2.92726828665029,-38.6306374348742,2.9740031917095));
#847=CARTESIAN_POINT('',(-3.442103360008,-38.6306374348742,2.34667483972679));
#848=CARTESIAN_POINT('',(-3.8246603315944,-38.6306374348742,1.63096108587598));
#849=CARTESIAN_POINT('',(-4.06023775153184,-38.6306374348742,0.854366408340672));
#850=CARTESIAN_POINT('',(-4.13978251168549,-38.6306374348742,0.0467349050592128));
#851=CARTESIAN_POINT('',(-4.06023775153184,-38.6306374348742,-0.760896598222239));
#852=CARTESIAN_POINT('',(-3.82466033159439,-38.6306374348742,-1.53749127575757));
#853=CARTESIAN_POINT('',(-3.44210336000799,-38.6306374348742,-2.25320502960837));
#854=CARTESIAN_POINT('',(-2.92726828665027,-38.6306374348742,-2.8805333815911));
#855=CARTESIAN_POINT('',(-2.29993993466758,-38.6306374348742,-3.39536845494877));
#856=CARTESIAN_POINT('',(-1.58422618081678,-38.6306374348742,-3.77792542653518));
#857=CARTESIAN_POINT('',(-0.807631503281439,-38.6306374348742,-4.01350284647263));
#858=CARTESIAN_POINT('',(3.94605645002934E-16,-38.6306374348742,-4.09304760662627));
#859=CARTESIAN_POINT('',(0.807631503281468,-38.6306374348742,-4.01350284647262));
#860=CARTESIAN_POINT('',(1.58422618081675,-38.6306374348742,-3.77792542653519));
#861=CARTESIAN_POINT('',(2.2999399346676,-38.6306374348742,-3.39536845494876));
#862=CARTESIAN_POINT('',(2.9272682866503,-38.6306374348742,-2.88053338159107));
#863=CARTESIAN_POINT('',(3.442103360008,-38.6306374348742,-2.25320502960835));
#864=CARTESIAN_POINT('',(3.82466033159439,-38.6306374348742,-1.53749127575756));
#865=CARTESIAN_POINT('',(4.06023775153185,-38.6306374348742,-0.760896598222221));
#866=CARTESIAN_POINT('',(4.13978251168549,-38.6306374348742,0.0467349050592225));
#867=CARTESIAN_POINT('',(4.06023775153184,-38.6306374348742,0.854366408340688));
#868=CARTESIAN_POINT('',(3.82466033159439,-38.6306374348742,1.630961085876));
#869=CARTESIAN_POINT('',(3.44210336000798,-38.6306374348742,2.34667483972681));
#870=CARTESIAN_POINT('',(2.92726828665031,-38.6306374348742,2.97400319170948));
#871=CARTESIAN_POINT('',(2.29993993466756,-38.6306374348742,3.48883826506722));
#872=CARTESIAN_POINT('',(1.58422618081676,-38.6306374348742,3.87139523665361));
#873=CARTESIAN_POINT('',(0.807631503281437,-38.6306374348742,4.10697265659106));
#874=CARTESIAN_POINT('',(7.2393971832103E-15,-38.6306374348742,4.18651741674471));
#875=CARTESIAN_POINT('',(-0.807631503281465,-38.6306374348742,4.10697265659106));
#876=CARTESIAN_POINT('',(0.688154302046144,-40.0459565472251,3.5063202044122));
#877=CARTESIAN_POINT('',(5.08806688819969E-15,-40.0459565472251,3.57409748734699));
#878=CARTESIAN_POINT('',(-0.688154302046154,-40.0459565472251,3.5063202044122));
#879=CARTESIAN_POINT('',(-1.34986322018608,-40.0459565472251,3.30559299858105));
#880=CARTESIAN_POINT('',(-1.95969765178623,-40.0459565472251,2.97962970380454));
#881=CARTESIAN_POINT('',(-2.49422200163938,-40.0459565472251,2.54095690669859));
#882=CARTESIAN_POINT('',(-2.93289479874532,-40.0459565472251,2.00643255684546));
#883=CARTESIAN_POINT('',(-3.25885809352184,-40.0459565472251,1.39659812524528));
#884=CARTESIAN_POINT('',(-3.45958529935298,-40.0459565472251,0.73488920710538));
#885=CARTESIAN_POINT('',(-3.52736258228777,-40.0459565472251,0.0467349050591917));
#886=CARTESIAN_POINT('',(-3.45958529935298,-40.0459565472251,-0.641419396986929));
#887=CARTESIAN_POINT('',(-3.25885809352183,-40.045956547225,-1.30312831512687));
#888=CARTESIAN_POINT('',(-2.93289479874531,-40.0459565472251,-1.91296274672705));
#889=CARTESIAN_POINT('',(-2.49422200163937,-40.0459565472251,-2.44748709658017));
#890=CARTESIAN_POINT('',(-1.95969765178625,-40.0459565472251,-2.88615989368611));
#891=CARTESIAN_POINT('',(-1.34986322018606,-40.0459565472251,-3.21212318846263));
#892=CARTESIAN_POINT('',(-0.688154302046171,-40.0459565472251,-3.41285039429377));
#893=CARTESIAN_POINT('',(7.7307514600354E-16,-40.045956547225,-3.48062767722856));
#894=CARTESIAN_POINT('',(0.688154302046188,-40.0459565472251,-3.41285039429376));
#895=CARTESIAN_POINT('',(1.34986322018606,-40.0459565472251,-3.21212318846263));
#896=CARTESIAN_POINT('',(1.95969765178625,-40.0459565472251,-2.88615989368611));
#897=CARTESIAN_POINT('',(2.49422200163938,-40.0459565472251,-2.44748709658017));
#898=CARTESIAN_POINT('',(2.93289479874534,-40.0459565472251,-1.912962746727));
#899=CARTESIAN_POINT('',(3.25885809352183,-40.0459565472251,-1.30312831512687));
#900=CARTESIAN_POINT('',(3.45958529935298,-40.0459565472251,-0.641419396986934));
#901=CARTESIAN_POINT('',(3.52736258228778,-40.0459565472251,0.0467349050592334));
#902=CARTESIAN_POINT('',(3.45958529935297,-40.0459565472251,0.734889207105408));
#903=CARTESIAN_POINT('',(3.25885809352184,-40.0459565472251,1.39659812524527));
#904=CARTESIAN_POINT('',(2.9328947987453,-40.0459565472251,2.00643255684549));
#905=CARTESIAN_POINT('',(2.49422200163939,-40.0459565472251,2.54095690669858));
#906=CARTESIAN_POINT('',(1.95969765178625,-40.0459565472251,2.97962970380454));
#907=CARTESIAN_POINT('',(1.34986322018604,-40.0459565472251,3.30559299858106));
#908=CARTESIAN_POINT('',(0.688154302046144,-40.0459565472251,3.5063202044122));
#909=CARTESIAN_POINT('',(5.08806688819969E-15,-40.0459565472251,3.57409748734699));
#910=CARTESIAN_POINT('',(-0.688154302046154,-40.0459565472251,3.5063202044122));
#911=CARTESIAN_POINT('',(0.620149261013007,-40.8712016616705,3.16443577596264));
#912=CARTESIAN_POINT('',(-7.34184148297271E-16,-40.8712016616705,3.22551514697072));
#913=CARTESIAN_POINT('',(-0.620149261013013,-40.8712016616705,3.16443577596264));
#914=CARTESIAN_POINT('',(-1.21646653370902,-40.8712016616705,2.98354490891253));
#915=CARTESIAN_POINT('',(-1.76603567971688,-40.8712016616705,2.68979408039636));
#916=CARTESIAN_POINT('',(-2.24773706495744,-40.8712016616705,2.29447197001665));
#917=CARTESIAN_POINT('',(-2.64305917533716,-40.8712016616705,1.81277058477608));
#918=CARTESIAN_POINT('',(-2.93681000385332,-40.8712016616705,1.26320143876824));
#919=CARTESIAN_POINT('',(-3.11770087090342,-40.8712016616705,0.66688416607223));
#920=CARTESIAN_POINT('',(-3.1787802419115,-40.8712016616705,0.0467349050592277));
#921=CARTESIAN_POINT('',(-3.11770087090342,-40.8712016616705,-0.573414355953825));
#922=CARTESIAN_POINT('',(-2.93681000385331,-40.8712016616705,-1.16973162864981));
#923=CARTESIAN_POINT('',(-2.64305917533714,-40.8712016616705,-1.71930077465768));
#924=CARTESIAN_POINT('',(-2.24773706495743,-40.8712016616705,-2.20100215989823));
#925=CARTESIAN_POINT('',(-1.76603567971689,-40.8712016616705,-2.59632427027793));
#926=CARTESIAN_POINT('',(-1.21646653370904,-40.8712016616705,-2.89007509879409));
#927=CARTESIAN_POINT('',(-0.620149261013009,-40.8712016616705,-3.07096596584422));
#928=CARTESIAN_POINT('',(9.55498067928112E-16,-40.8712016616705,-3.13204533685229));
#929=CARTESIAN_POINT('',(0.620149261013023,-40.8712016616705,-3.07096596584421));
#930=CARTESIAN_POINT('',(1.21646653370901,-40.8712016616705,-2.89007509879411));
#931=CARTESIAN_POINT('',(1.76603567971689,-40.8712016616705,-2.59632427027793));
#932=CARTESIAN_POINT('',(2.24773706495745,-40.8712016616705,-2.20100215989822));
#933=CARTESIAN_POINT('',(2.64305917533715,-40.8712016616706,-1.71930077465766));
#934=CARTESIAN_POINT('',(2.93681000385332,-40.8712016616705,-1.16973162864979));
#935=CARTESIAN_POINT('',(3.11770087090343,-40.8712016616705,-0.573414355953783));
#936=CARTESIAN_POINT('',(3.1787802419115,-40.8712016616705,0.0467349050592166));
#937=CARTESIAN_POINT('',(3.11770087090342,-40.8712016616705,0.666884166072251));
#938=CARTESIAN_POINT('',(2.93681000385331,-40.8712016616705,1.26320143876825));
#939=CARTESIAN_POINT('',(2.64305917533714,-40.8712016616705,1.8127705847761));
#940=CARTESIAN_POINT('',(2.24773706495745,-40.8712016616705,2.29447197001664));
#941=CARTESIAN_POINT('',(1.76603567971687,-40.8712016616705,2.68979408039637));
#942=CARTESIAN_POINT('',(1.21646653370901,-40.8712016616705,2.98354490891253));
#943=CARTESIAN_POINT('',(0.620149261013007,-40.8712016616705,3.16443577596264));
#944=CARTESIAN_POINT('',(-7.34184148297271E-16,-40.8712016616705,3.22551514697072));
#945=CARTESIAN_POINT('',(-0.620149261013013,-40.8712016616705,3.16443577596264));
#946=CARTESIAN_POINT('',(0.561734710141466,-41.6134914161018,2.87076599745151));
#947=CARTESIAN_POINT('',(3.37810078466547E-14,-41.6134914161019,2.92609203736775));
#948=CARTESIAN_POINT('',(-0.561734710141521,-41.6134914161018,2.8707659974515));
#949=CARTESIAN_POINT('',(-1.10188227039676,-41.6134914161018,2.70691402638947));
#950=CARTESIAN_POINT('',(-1.59968511294332,-41.6134914161018,2.44083286354036));
#951=CARTESIAN_POINT('',(-2.0360129537132,-41.6134914161018,2.08274785877246));
#952=CARTESIAN_POINT('',(-2.39409795848115,-41.6134914161019,1.64642001800254));
#953=CARTESIAN_POINT('',(-2.66017912133026,-41.6134914161018,1.14861717545593));
#954=CARTESIAN_POINT('',(-2.82403109239228,-41.6134914161018,0.608469615200732));
#955=CARTESIAN_POINT('',(-2.87935713230854,-41.6134914161019,0.046734905059194));
#956=CARTESIAN_POINT('',(-2.82403109239227,-41.6134914161018,-0.514999805082312));
#957=CARTESIAN_POINT('',(-2.66017912133025,-41.6134914161019,-1.05514736533753));
#958=CARTESIAN_POINT('',(-2.39409795848116,-41.6134914161019,-1.55295020788409));
#959=CARTESIAN_POINT('',(-2.03601295371321,-41.6134914161018,-1.98927804865402));
#960=CARTESIAN_POINT('',(-1.59968511294332,-41.6134914161019,-2.34736305342193));
#961=CARTESIAN_POINT('',(-1.10188227039672,-41.6134914161018,-2.61344421627105));
#962=CARTESIAN_POINT('',(-0.561734710141488,-41.6134914161018,-2.77729618733307));
#963=CARTESIAN_POINT('',(-1.25603075659383E-14,-41.6134914161019,-2.83262222724933));
#964=CARTESIAN_POINT('',(0.561734710141549,-41.6134914161019,-2.77729618733305));
#965=CARTESIAN_POINT('',(1.10188227039671,-41.6134914161018,-2.61344421627106));
#966=CARTESIAN_POINT('',(1.59968511294334,-41.6134914161018,-2.34736305342192));
#967=CARTESIAN_POINT('',(2.03601295371322,-41.6134914161019,-1.98927804865401));
#968=CARTESIAN_POINT('',(2.39409795848118,-41.6134914161018,-1.55295020788406));
#969=CARTESIAN_POINT('',(2.66017912133025,-41.6134914161019,-1.05514736533753));
#970=CARTESIAN_POINT('',(2.82403109239229,-41.6134914161018,-0.514999805082271));
#971=CARTESIAN_POINT('',(2.87935713230854,-41.6134914161018,0.0467349050592391));
#972=CARTESIAN_POINT('',(2.82403109239228,-41.6134914161019,0.608469615200723));
#973=CARTESIAN_POINT('',(2.66017912133026,-41.6134914161018,1.14861717545596));
#974=CARTESIAN_POINT('',(2.39409795848113,-41.6134914161019,1.64642001800255));
#975=CARTESIAN_POINT('',(2.03601295371324,-41.6134914161019,2.08274785877243));
#976=CARTESIAN_POINT('',(1.5996851129433,-41.6134914161019,2.44083286354038));
#977=CARTESIAN_POINT('',(1.10188227039673,-41.6134914161018,2.70691402638947));
#978=CARTESIAN_POINT('',(0.561734710141466,-41.6134914161018,2.87076599745151));
#979=CARTESIAN_POINT('',(3.37810078466547E-14,-41.6134914161019,2.92609203736775));
#980=CARTESIAN_POINT('',(-0.561734710141521,-41.6134914161018,2.8707659974515));
#981=CARTESIAN_POINT('',(0.535834674556088,-41.9866514993374,2.74055772570545));
#982=CARTESIAN_POINT('',(-1.05176147756074E-14,-41.9866514993374,2.79333283476991));
#983=CARTESIAN_POINT('',(-0.535834674556084,-41.9866514993374,2.74055772570545));
#984=CARTESIAN_POINT('',(-1.05107752306855,-41.9866514993374,2.58426051635679));
#985=CARTESIAN_POINT('',(-1.52592805182051,-41.9866514993374,2.33044762082675));
#986=CARTESIAN_POINT('',(-1.94213802129137,-41.9866514993374,1.98887292635057));
#987=CARTESIAN_POINT('',(-2.28371271576752,-41.9866514993374,1.57266295687974));
#988=CARTESIAN_POINT('',(-2.53752561129758,-41.9866514993374,1.09781242812775));
#989=CARTESIAN_POINT('',(-2.69382282064623,-41.9866514993374,0.582569579615299));
#990=CARTESIAN_POINT('',(-2.74659792971069,-41.9866514993374,0.0467349050592198));
#991=CARTESIAN_POINT('',(-2.69382282064623,-41.9866514993374,-0.489099769496859));
#992=CARTESIAN_POINT('',(-2.53752561129758,-41.9866514993373,-1.00434261800933));
#993=CARTESIAN_POINT('',(-2.28371271576752,-41.9866514993374,-1.47919314676131));
#994=CARTESIAN_POINT('',(-1.94213802129135,-41.9866514993374,-1.89540311623216));
#995=CARTESIAN_POINT('',(-1.52592805182054,-41.9866514993374,-2.23697781070829));
#996=CARTESIAN_POINT('',(-1.05107752306852,-41.9866514993374,-2.49079070623837));
#997=CARTESIAN_POINT('',(-0.535834674556119,-41.9866514993375,-2.64708791558702));
#998=CARTESIAN_POINT('',(1.16944192678598E-14,-41.9866514993374,-2.69986302465147));
#999=CARTESIAN_POINT('',(0.535834674556087,-41.9866514993374,-2.64708791558701));
#1000=CARTESIAN_POINT('',(1.05107752306853,-41.9866514993374,-2.49079070623837));
#1001=CARTESIAN_POINT('',(1.52592805182051,-41.9866514993375,-2.23697781070832));
#1002=CARTESIAN_POINT('',(1.94213802129138,-41.9866514993373,-1.89540311623214));
#1003=CARTESIAN_POINT('',(2.28371271576754,-41.9866514993374,-1.47919314676128));
#1004=CARTESIAN_POINT('',(2.53752561129757,-41.9866514993375,-1.00434261800934));
#1005=CARTESIAN_POINT('',(2.69382282064623,-41.9866514993374,-0.489099769496865));
#1006=CARTESIAN_POINT('',(2.74659792971069,-41.9866514993375,0.0467349050592258));
#1007=CARTESIAN_POINT('',(2.69382282064623,-41.9866514993373,0.582569579615341));
#1008=CARTESIAN_POINT('',(2.53752561129758,-41.9866514993375,1.09781242812774));
#1009=CARTESIAN_POINT('',(2.28371271576752,-41.9866514993374,1.57266295687975));
#1010=CARTESIAN_POINT('',(1.94213802129136,-41.9866514993374,1.98887292635058));
#1011=CARTESIAN_POINT('',(1.52592805182054,-41.9866514993374,2.33044762082673));
#1012=CARTESIAN_POINT('',(1.0510775230685,-41.9866514993374,2.58426051635681));
#1013=CARTESIAN_POINT('',(0.535834674556088,-41.9866514993374,2.74055772570545));
#1014=CARTESIAN_POINT('',(-1.05176147756074E-14,-41.9866514993374,2.79333283476991));
#1015=CARTESIAN_POINT('',(-0.535834674556084,-41.9866514993374,2.74055772570545));
#1016=CARTESIAN_POINT('',(0.525504271145566,-42.1828649139259,2.6886232806702));
#1017=CARTESIAN_POINT('',(1.17127982728355E-14,-42.1828649139258,2.74038093380551));
#1018=CARTESIAN_POINT('',(-0.525504271145587,-42.1828649139258,2.6886232806702));
#1019=CARTESIAN_POINT('',(-1.03081370785723,-42.1828649139258,2.53533933884822));
#1020=CARTESIAN_POINT('',(-1.4965095518629,-42.1828649139259,2.28641972426119));
#1021=CARTESIAN_POINT('',(-1.90469537304271,-42.1828649139258,1.95143027810194));
#1022=CARTESIAN_POINT('',(-2.23968481920197,-42.1828649139258,1.54324445692212));
#1023=CARTESIAN_POINT('',(-2.48860443378901,-42.1828649139258,1.07754861291644));
#1024=CARTESIAN_POINT('',(-2.64188837561098,-42.1828649139258,0.572239176204794));
#1025=CARTESIAN_POINT('',(-2.69364602874629,-42.1828649139258,0.0467349050592118));
#1026=CARTESIAN_POINT('',(-2.64188837561098,-42.1828649139258,-0.47876936608636));
#1027=CARTESIAN_POINT('',(-2.48860443378901,-42.1828649139258,-0.984078802798016));
#1028=CARTESIAN_POINT('',(-2.23968481920196,-42.1828649139258,-1.4497746468037));
#1029=CARTESIAN_POINT('',(-1.90469537304271,-42.1828649139258,-1.85796046798351));
#1030=CARTESIAN_POINT('',(-1.49650955186291,-42.1828649139259,-2.19294991414275));
#1031=CARTESIAN_POINT('',(-1.03081370785721,-42.1828649139258,-2.4418695287298));
#1032=CARTESIAN_POINT('',(-0.525504271145586,-42.1828649139259,-2.59515347055177));
#1033=CARTESIAN_POINT('',(7.6060242595471E-16,-42.1828649139258,-2.64691112368708));
#1034=CARTESIAN_POINT('',(0.525504271145586,-42.1828649139259,-2.59515347055176));
#1035=CARTESIAN_POINT('',(1.03081370785722,-42.1828649139258,-2.4418695287298));
#1036=CARTESIAN_POINT('',(1.49650955186291,-42.1828649139259,-2.19294991414275));
#1037=CARTESIAN_POINT('',(1.90469537304272,-42.1828649139258,-1.8579604679835));
#1038=CARTESIAN_POINT('',(2.23968481920198,-42.1828649139259,-1.44977464680367));
#1039=CARTESIAN_POINT('',(2.48860443378901,-42.1828649139259,-0.984078802798015));
#1040=CARTESIAN_POINT('',(2.64188837561099,-42.1828649139258,-0.478769366086344));
#1041=CARTESIAN_POINT('',(2.69364602874629,-42.1828649139259,0.046734905059228));
#1042=CARTESIAN_POINT('',(2.64188837561098,-42.1828649139259,0.57223917620481));
#1043=CARTESIAN_POINT('',(2.48860443378901,-42.1828649139259,1.07754861291643));
#1044=CARTESIAN_POINT('',(2.23968481920196,-42.1828649139259,1.54324445692213));
#1045=CARTESIAN_POINT('',(1.90469537304273,-42.1828649139258,1.95143027810192));
#1046=CARTESIAN_POINT('',(1.49650955186291,-42.1828649139259,2.28641972426119));
#1047=CARTESIAN_POINT('',(1.0308137078572,-42.1828649139258,2.53533933884823));
#1048=CARTESIAN_POINT('',(0.525504271145566,-42.1828649139259,2.6886232806702));
#1049=CARTESIAN_POINT('',(1.17127982728355E-14,-42.1828649139258,2.74038093380551));
#1050=CARTESIAN_POINT('',(-0.525504271145587,-42.1828649139258,2.6886232806702));
#1051=CARTESIAN_POINT('',(1.16274240704076,-42.1250000030269,2.49464863381102));
#1052=CARTESIAN_POINT('',(0.658284164391587,-42.1250000030269,2.6755249887517));
#1053=CARTESIAN_POINT('',(0.221334924481553,-42.1250000030269,2.74002688236673));
#1054=CARTESIAN_POINT('',(-0.130014086797176,-42.1250000030269,2.7404126704997));
#1055=CARTESIAN_POINT('',(-0.484825116932749,-42.1250000030269,2.70548005304652));
#1056=CARTESIAN_POINT('',(-0.909377785427348,-42.125000003027,2.59933977771198));
#1057=CARTESIAN_POINT('',(-1.39408301520767,-42.1250000030268,2.37041878647744));
#1058=CARTESIAN_POINT('',(-1.74613723309399,-42.125000003027,2.10949848314802));
#1059=CARTESIAN_POINT('',(-1.99832384218632,-42.1250000030268,1.85767305648263));
#1060=CARTESIAN_POINT('',(-2.16516308448702,-42.1250000030269,1.65421106140235));
#1061=CARTESIAN_POINT('',(-2.31159067409636,-42.1250000030269,1.43573199256566));
#1062=CARTESIAN_POINT('',(-2.47964346191057,-42.1250000030269,1.12161135806405));
#1063=CARTESIAN_POINT('',(-2.6276481937052,-42.1250000030269,0.708898171754119));
#1064=CARTESIAN_POINT('',(-2.70653119149158,-42.1250000030269,0.178848059283897));
#1065=CARTESIAN_POINT('',(-2.68529575554625,-42.1250000030269,-0.258346048637956));
#1066=CARTESIAN_POINT('',(-2.6161697527783,-42.1250000030269,-0.607884973255779));
#1067=CARTESIAN_POINT('',(-2.5394889956628,-42.1250000030269,-0.860502809769581));
#1068=CARTESIAN_POINT('',(-2.43915098529144,-42.1250000030269,-1.10344350757626));
#1069=CARTESIAN_POINT('',(-2.31430523431022,-42.1250000030269,-1.33775442796419));
#1070=CARTESIAN_POINT('',(-2.1664972244825,-42.1250000030269,-1.55911928334117));
#1071=CARTESIAN_POINT('',(-1.9997962177803,-42.1250000030269,-1.76236009040988));
#1072=CARTESIAN_POINT('',(-1.81372904825416,-42.1250000030268,-1.94907112729403));
#1073=CARTESIAN_POINT('',(-1.53824304101963,-42.125000003027,-2.17537179202159));
#1074=CARTESIAN_POINT('',(-1.1630444729724,-42.1250000030269,-2.40074321531951));
#1075=CARTESIAN_POINT('',(-0.658433634312625,-42.1250000030269,-2.58183613568723));
#1076=CARTESIAN_POINT('',(-0.225244073810557,-42.1250000030269,-2.64645026131511));
#1077=CARTESIAN_POINT('',(0.131244122538145,-42.1250000030269,-2.64688700555346));
#1078=CARTESIAN_POINT('',(0.393229802785471,-42.1250000030269,-2.62108986521621));
#1079=CARTESIAN_POINT('',(0.651187633459255,-42.1250000030269,-2.57026285442775));
#1080=CARTESIAN_POINT('',(0.991987531415275,-42.1250000030268,-2.46721943810265));
#1081=CARTESIAN_POINT('',(1.38892836557529,-42.1250000030269,-2.28002594611512));
#1082=CARTESIAN_POINT('',(1.81924973288574,-42.1250000030269,-1.96154060757594));
#1083=CARTESIAN_POINT('',(2.17331214513761,-42.1250000030269,-1.57172839593322));
#1084=CARTESIAN_POINT('',(2.4490322398754,-42.1250000030269,-1.11313374055196));
#1085=CARTESIAN_POINT('',(2.59749999032293,-42.125000003027,-0.699574937370447));
#1086=CARTESIAN_POINT('',(2.66732690942523,-42.1250000030269,-0.350800349241916));
#1087=CARTESIAN_POINT('',(2.69322172076221,-42.1250000030269,-0.0892562731466937));
#1088=CARTESIAN_POINT('',(2.69380973055685,-42.1250000030269,0.174185378383316));
#1089=CARTESIAN_POINT('',(2.65919963553777,-42.1250000030268,0.529037355137265));
#1090=CARTESIAN_POINT('',(2.55343801385244,-42.125000003027,0.953834280335541));
#1091=CARTESIAN_POINT('',(2.32484534761533,-42.1250000030269,1.43883173252052));
#1092=CARTESIAN_POINT('',(2.06453238063015,-42.1250000030269,1.79079799421278));
#1093=CARTESIAN_POINT('',(1.81276384668439,-42.1250000030269,2.04339143659692));
#1094=CARTESIAN_POINT('',(1.54178468354184,-42.1250000030269,2.26611188824348));
#1095=CARTESIAN_POINT('',(1.16274240704076,-42.1250000030269,2.49464863381102));
#1096=CARTESIAN_POINT('',(0.658284164391587,-42.1250000030269,2.6755249887517));
#1097=CARTESIAN_POINT('',(0.221334924481553,-42.1250000030269,2.74002688236673));
#1098=CARTESIAN_POINT('',(0.654970690184444,-42.1250000030269,2.65827930831793));
#1099=CARTESIAN_POINT('',(-5.54612810348685,-1.50000000302691,-13.3428027810372));
#1100=CARTESIAN_POINT('',(2.86844039334748E-14,-1.50000000302691,-14.4459962518926));
#1101=CARTESIAN_POINT('',(5.54612810348675,-1.50000000302691,-13.3428027810372));
#1102=CARTESIAN_POINT('',(10.2479084789942,-1.50000000302691,-10.201173573935));
#1103=CARTESIAN_POINT('',(13.3895376860964,-1.50000000302691,-5.49939319842758));
#1104=CARTESIAN_POINT('',(14.4927311569518,-1.50000000302691,0.0467349050592408));
#1105=CARTESIAN_POINT('',(13.3895376860964,-1.50000000302691,5.59286300854604));
#1106=CARTESIAN_POINT('',(10.2479084789942,-1.5000000030269,10.2946433840535));
#1107=CARTESIAN_POINT('',(5.54612810348671,-1.50000000302691,13.4362725911556));
#1108=CARTESIAN_POINT('',(-4.7223504088965E-15,-1.50000000302691,14.539466062011));
#1109=CARTESIAN_POINT('',(-5.54612810348678,-1.50000000302691,13.4362725911556));
#1110=CARTESIAN_POINT('',(-10.2479084789941,-1.50000000302691,10.2946433840534));
#1111=CARTESIAN_POINT('',(-13.3895376860964,-1.50000000302691,5.59286300854598));
#1112=CARTESIAN_POINT('',(-14.4927311569518,-1.50000000302691,0.0467349050592473));
#1113=CARTESIAN_POINT('',(-13.3895376860964,-1.50000000302691,-5.49939319842758));
#1114=CARTESIAN_POINT('',(-10.2479084789941,-1.50000000302691,-10.201173573935));
#1115=CARTESIAN_POINT('',(-5.54612810348685,-1.50000000302691,-13.3428027810372));
#1116=CARTESIAN_POINT('',(2.86844039334748E-14,-1.50000000302691,-14.4459962518926));
#1117=CARTESIAN_POINT('',(5.54612810348675,-1.50000000302691,-13.3428027810372));
#1118=CARTESIAN_POINT('',(-4.0297461285798E-15,-1.50000000298583,-14.0782650949408));
#1119=CARTESIAN_POINT('',(-1.49999999999985,-17.9375,11.5970175469661));
#1120=CARTESIAN_POINT('',(-1.57264849399406,-17.9374999999953,11.587586357492));
#1121=CARTESIAN_POINT('',(-1.7142667992903,-17.9520672434684,11.5638761255995));
#1122=CARTESIAN_POINT('',(-1.98701284961298,-18.0371432820286,11.4975267834355));
#1123=CARTESIAN_POINT('',(-2.39332749402927,-18.3165238165094,11.3445360890787));
#1124=CARTESIAN_POINT('',(-2.56250000006833,-18.7187496980115,11.1901535118368));
#1125=CARTESIAN_POINT('',(-2.56250000006833,-19.,11.1090810616939));
#1126=CARTESIAN_POINT('',(-1.49999999999985,-17.9375,11.5970175469661));
#1127=CARTESIAN_POINT('',(-2.56250000006834,-19.,11.1090810616939));
#1128=CARTESIAN_POINT('',(-2.56250000000014,-19.,11.1090810617097));
#1129=CARTESIAN_POINT('',(-2.56250000000014,-20.0048324573424,10.819430779652));
#1130=CARTESIAN_POINT('',(-2.56250000000014,-21.004679945277,10.5134614842671));
#1131=CARTESIAN_POINT('',(-2.56250000000014,-21.9999999999997,10.192670986037));
#1132=CARTESIAN_POINT('',(-2.56250000000015,-21.9999999999997,10.192670986037));
#1133=CARTESIAN_POINT('',(-2.56250000000015,-21.9999999999997,10.192670986037));
#1134=CARTESIAN_POINT('',(-2.56250000000451,-22.0676083717694,10.170880886297));
#1135=CARTESIAN_POINT('',(-2.5498565756282,-22.2013413140262,10.1308399781142));
#1136=CARTESIAN_POINT('',(-2.47211076954729,-22.4667137117193,10.0640696675316));
#1137=CARTESIAN_POINT('',(-2.27830777817257,-22.7641651675525,10.0139628094661));
#1138=CARTESIAN_POINT('',(-1.92095907999391,-23.0063553228342,10.0109259464352));
#1139=CARTESIAN_POINT('',(-1.64061804573018,-23.0625000000682,10.0408847914115));
#1140=CARTESIAN_POINT('',(-1.49999999999986,-23.0625000000682,10.0619365150192));
#1141=CARTESIAN_POINT('',(-1.49999999999985,-23.0625000000682,10.0619365150414));
#1142=CARTESIAN_POINT('',(-1.49999999999986,-23.0625,10.0619365150414));
#1143=CARTESIAN_POINT('',(-0.499999999999953,-23.0625,10.21164506417));
#1144=CARTESIAN_POINT('',(0.499999999999952,-23.0625,10.21164506417));
#1145=CARTESIAN_POINT('',(1.49999999999985,-23.0625,10.0619365150414));
#1146=CARTESIAN_POINT('',(1.49999999999985,-23.0625,10.0619365150192));
#1147=CARTESIAN_POINT('',(1.49999999999985,-23.0625000000682,10.0619365150192));
#1148=CARTESIAN_POINT('',(1.57028662786538,-23.0625000000682,10.0514140059382));
#1149=CARTESIAN_POINT('',(1.70866671532324,-23.0488422746344,10.0336609169722));
#1150=CARTESIAN_POINT('',(1.98029424599617,-22.9662811004408,10.0113746850833));
#1151=CARTESIAN_POINT('',(2.27736299640168,-22.7651494170111,10.0138634274564));
#1152=CARTESIAN_POINT('',(2.51077113739103,-22.4071549371096,10.074114585365));
#1153=CARTESIAN_POINT('',(2.56249999999985,-22.1352218355315,10.1490891454159));
#1154=CARTESIAN_POINT('',(2.56249999999985,-22.0000000000682,10.192670986015));
#1155=CARTESIAN_POINT('',(2.56249999999985,-22.0000000000682,10.192670986015));
#1156=CARTESIAN_POINT('',(2.56249999999985,-22.0000000000682,10.192670986015));
#1157=CARTESIAN_POINT('',(2.56249999999985,-21.0046799453214,10.5134614842536));
#1158=CARTESIAN_POINT('',(2.56249999999986,-20.0048324573669,10.819430779645));
#1159=CARTESIAN_POINT('',(2.56249999999986,-19.,11.1090810617097));
#1160=CARTESIAN_POINT('',(2.56249999999986,-19.,11.1090810617098));
#1161=CARTESIAN_POINT('',(2.56249999999986,-19.,11.1090810617098));
#1162=CARTESIAN_POINT('',(2.56250000000889,-18.8592322917158,11.1496583799573));
#1163=CARTESIAN_POINT('',(2.50716504895175,-18.5858750147952,11.2407456049602));
#1164=CARTESIAN_POINT('',(2.277394339657,-18.2367096821787,11.3883057157992));
#1165=CARTESIAN_POINT('',(1.92867746913643,-17.997411185752,11.5193489021082));
#1166=CARTESIAN_POINT('',(1.64541837583774,-17.9374999999318,11.5781394095267));
#1167=CARTESIAN_POINT('',(1.49999999999985,-17.9374999999318,11.5970175469846));
#1168=CARTESIAN_POINT('',(1.49999999999985,-17.9374999999318,11.5970175469661));
#1169=CARTESIAN_POINT('',(1.49999999999986,-17.9375,11.5970175469661));
#1170=CARTESIAN_POINT('',(0.499999999999955,-17.9375,11.7268370236937));
#1171=CARTESIAN_POINT('',(-0.499999999999951,-17.9375,11.7268370236936));
#1172=CARTESIAN_POINT('',(-1.49999999999985,-17.9375,11.5970175469661));
#1173=CARTESIAN_POINT('',(2.84704472458797,-1.50000000302691,14.359795284829));
#1174=CARTESIAN_POINT('',(9.15169077877528E-15,-1.50000000302691,14.6402047151743));
#1175=CARTESIAN_POINT('',(-2.847044724588,-1.50000000302691,14.359795284829));
#1176=CARTESIAN_POINT('',(-5.58467911705116,-1.50000000302691,13.5293429709459));
#1177=CARTESIAN_POINT('',(-8.10769742297017,-1.50000000302691,12.1807615902245));
#1178=CARTESIAN_POINT('',(-10.3191414637735,-1.50000000302691,10.3658763688327));
#1179=CARTESIAN_POINT('',(-12.1340266851653,-1.50000000302691,8.1544323280294));
#1180=CARTESIAN_POINT('',(-13.4826080658867,-1.50000000302691,5.63141402211038));
#1181=CARTESIAN_POINT('',(-14.3130603797698,-1.50000000302691,2.89377962964722));
#1182=CARTESIAN_POINT('',(-14.5934698101151,-1.50000000302691,0.0467349050592195));
#1183=CARTESIAN_POINT('',(-14.3130603797698,-1.50000000302691,-2.80030981952878));
#1184=CARTESIAN_POINT('',(-13.4826080658867,-1.50000000302691,-5.53794421199194));
#1185=CARTESIAN_POINT('',(-12.1340266851653,-1.50000000302691,-8.06096251791095));
#1186=CARTESIAN_POINT('',(-10.3191414637735,-1.50000000302691,-10.2724065587143));
#1187=CARTESIAN_POINT('',(-8.10769742297018,-1.50000000302691,-12.0872917801061));
#1188=CARTESIAN_POINT('',(-5.58467911705117,-1.50000000302691,-13.4358731608275));
#1189=CARTESIAN_POINT('',(-2.84704472458798,-1.50000000302691,-14.2663254747106));
#1190=CARTESIAN_POINT('',(-7.99191991462046E-15,-1.50000000302691,-14.5467349050559));
#1191=CARTESIAN_POINT('',(2.847044724588,-1.50000000302691,-14.2663254747106));
#1192=CARTESIAN_POINT('',(5.58467911705115,-1.50000000302691,-13.4358731608275));
#1193=CARTESIAN_POINT('',(8.10769742297019,-1.50000000302691,-12.0872917801061));
#1194=CARTESIAN_POINT('',(10.3191414637735,-1.50000000302691,-10.2724065587144));
#1195=CARTESIAN_POINT('',(12.1340266851653,-1.50000000302691,-8.06096251791093));
#1196=CARTESIAN_POINT('',(13.4826080658867,-1.50000000302691,-5.53794421199196));
#1197=CARTESIAN_POINT('',(14.3130603797698,-1.50000000302691,-2.80030981952874));
#1198=CARTESIAN_POINT('',(14.5934698101151,-1.50000000302691,0.0467349050592016));
#1199=CARTESIAN_POINT('',(14.3130603797698,-1.50000000302691,2.89377962964723));
#1200=CARTESIAN_POINT('',(13.4826080658867,-1.50000000302691,5.63141402211038));
#1201=CARTESIAN_POINT('',(12.1340266851653,-1.50000000302691,8.15443232802941));
#1202=CARTESIAN_POINT('',(10.3191414637735,-1.50000000302691,10.3658763688328));
#1203=CARTESIAN_POINT('',(8.10769742297017,-1.50000000302691,12.1807615902245));
#1204=CARTESIAN_POINT('',(5.58467911705114,-1.50000000302691,13.5293429709459));
#1205=CARTESIAN_POINT('',(2.84704472458797,-1.50000000302691,14.359795284829));
#1206=CARTESIAN_POINT('',(9.15169077877528E-15,-1.50000000302691,14.6402047151743));
#1207=CARTESIAN_POINT('',(-2.847044724588,-1.50000000302691,14.359795284829));
#1208=CARTESIAN_POINT('',(2.84704472458797,-19.5000000030269,14.359795284829));
#1209=CARTESIAN_POINT('',(7.10280478352708E-15,-19.5000000030269,14.6402047151743));
#1210=CARTESIAN_POINT('',(-2.84704472458799,-19.5000000030269,14.359795284829));
#1211=CARTESIAN_POINT('',(-5.58467911705116,-19.5000000030269,13.5293429709459));
#1212=CARTESIAN_POINT('',(-8.10769742297016,-19.5000000030269,12.1807615902245));
#1213=CARTESIAN_POINT('',(-10.3191414637735,-19.5000000030269,10.3658763688327));
#1214=CARTESIAN_POINT('',(-12.1340266851653,-19.5000000030269,8.15443232802939));
#1215=CARTESIAN_POINT('',(-13.4826080658867,-19.5000000030269,5.63141402211038));
#1216=CARTESIAN_POINT('',(-14.3130603797698,-19.5000000030269,2.89377962964722));
#1217=CARTESIAN_POINT('',(-14.5934698101151,-19.5000000030269,0.0467349050592202));
#1218=CARTESIAN_POINT('',(-14.3130603797698,-19.5000000030269,-2.80030981952878));
#1219=CARTESIAN_POINT('',(-13.4826080658867,-19.5000000030269,-5.53794421199193));
#1220=CARTESIAN_POINT('',(-12.1340266851653,-19.5000000030269,-8.06096251791093));
#1221=CARTESIAN_POINT('',(-10.3191414637735,-19.5000000030269,-10.2724065587144));
#1222=CARTESIAN_POINT('',(-8.10769742297016,-19.5000000030269,-12.0872917801061));
#1223=CARTESIAN_POINT('',(-5.58467911705117,-19.5000000030269,-13.4358731608275));
#1224=CARTESIAN_POINT('',(-2.84704472458797,-19.5000000030269,-14.2663254747106));
#1225=CARTESIAN_POINT('',(-9.08991461219868E-15,-19.5000000030269,-14.5467349050559));
#1226=CARTESIAN_POINT('',(2.847044724588,-19.5000000030269,-14.2663254747106));
#1227=CARTESIAN_POINT('',(5.58467911705115,-19.5000000030269,-13.4358731608275));
#1228=CARTESIAN_POINT('',(8.10769742297018,-19.5000000030269,-12.0872917801061));
#1229=CARTESIAN_POINT('',(10.3191414637735,-19.5000000030269,-10.2724065587144));
#1230=CARTESIAN_POINT('',(12.1340266851653,-19.5000000030269,-8.0609625179109));
#1231=CARTESIAN_POINT('',(13.4826080658867,-19.5000000030269,-5.53794421199196));
#1232=CARTESIAN_POINT('',(14.3130603797698,-19.5000000030269,-2.80030981952874));
#1233=CARTESIAN_POINT('',(14.5934698101151,-19.5000000030269,0.0467349050592027));
#1234=CARTESIAN_POINT('',(14.3130603797698,-19.5000000030269,2.89377962964722));
#1235=CARTESIAN_POINT('',(13.4826080658867,-19.5000000030269,5.63141402211038));
#1236=CARTESIAN_POINT('',(12.1340266851653,-19.5000000030269,8.1544323280294));
#1237=CARTESIAN_POINT('',(10.3191414637735,-19.5000000030269,10.3658763688327));
#1238=CARTESIAN_POINT('',(8.10769742297016,-19.5000000030269,12.1807615902245));
#1239=CARTESIAN_POINT('',(5.58467911705113,-19.5000000030269,13.5293429709459));
#1240=CARTESIAN_POINT('',(2.84704472458797,-19.5000000030269,14.359795284829));
#1241=CARTESIAN_POINT('',(7.10280478352708E-15,-19.5000000030269,14.6402047151743));
#1242=CARTESIAN_POINT('',(-2.84704472458799,-19.5000000030269,14.359795284829));
#1243=CARTESIAN_POINT('',(0.589043736121649,-41.0000000030269,3.00805774225297));
#1244=CARTESIAN_POINT('',(1.86960847066398E-15,-41.0000000030269,3.06607348646234));
#1245=CARTESIAN_POINT('',(-0.589043736121655,-41.0000000030269,3.00805774225297));
#1246=CARTESIAN_POINT('',(-1.15545085180369,-41.0000000030269,2.83624002213923));
#1247=CARTESIAN_POINT('',(-1.6774546392352,-41.0000000030269,2.55722318474859));
#1248=CARTESIAN_POINT('',(-2.13499478560832,-41.0000000030269,2.18172969066754));
#1249=CARTESIAN_POINT('',(-2.51048827968937,-41.0000000030269,1.72418954429443));
#1250=CARTESIAN_POINT('',(-2.78950511708001,-41.0000000030269,1.20218575686291));
#1251=CARTESIAN_POINT('',(-2.96132283719375,-41.0000000030269,0.63577864118087));
#1252=CARTESIAN_POINT('',(-3.01933858140312,-41.0000000030269,0.046734905059217));
#1253=CARTESIAN_POINT('',(-2.96132283719375,-41.0000000030269,-0.542308831062438));
#1254=CARTESIAN_POINT('',(-2.78950511708001,-41.0000000030269,-1.10871594674447));
#1255=CARTESIAN_POINT('',(-2.51048827968937,-41.0000000030269,-1.63071973417599));
#1256=CARTESIAN_POINT('',(-2.13499478560832,-41.0000000030269,-2.0882598805491));
#1257=CARTESIAN_POINT('',(-1.67745463923521,-41.0000000030269,-2.46375337463015));
#1258=CARTESIAN_POINT('',(-1.15545085180369,-41.0000000030269,-2.74277021202079));
#1259=CARTESIAN_POINT('',(-0.58904373612165,-41.0000000030269,-2.91458793213454));
#1260=CARTESIAN_POINT('',(-1.83713081917717E-15,-41.0000000030269,-2.9726036763439));
#1261=CARTESIAN_POINT('',(0.589043736121655,-41.0000000030269,-2.91458793213454));
#1262=CARTESIAN_POINT('',(1.15545085180369,-41.0000000030269,-2.74277021202079));
#1263=CARTESIAN_POINT('',(1.67745463923521,-41.0000000030269,-2.46375337463014));
#1264=CARTESIAN_POINT('',(2.13499478560832,-41.0000000030269,-2.0882598805491));
#1265=CARTESIAN_POINT('',(2.51048827968937,-41.0000000030269,-1.63071973417598));
#1266=CARTESIAN_POINT('',(2.78950511708,-41.0000000030269,-1.10871594674447));
#1267=CARTESIAN_POINT('',(2.96132283719375,-41.0000000030269,-0.542308831062428));
#1268=CARTESIAN_POINT('',(3.01933858140312,-41.0000000030269,0.0467349050592114));
#1269=CARTESIAN_POINT('',(2.96132283719375,-41.0000000030269,0.635778641180871));
#1270=CARTESIAN_POINT('',(2.78950511708001,-41.0000000030269,1.20218575686291));
#1271=CARTESIAN_POINT('',(2.51048827968936,-41.0000000030269,1.72418954429443));
#1272=CARTESIAN_POINT('',(2.13499478560832,-41.0000000030269,2.18172969066754));
#1273=CARTESIAN_POINT('',(1.67745463923521,-41.0000000030269,2.55722318474859));
#1274=CARTESIAN_POINT('',(1.15545085180368,-41.0000000030269,2.83624002213923));
#1275=CARTESIAN_POINT('',(0.589043736121649,-41.0000000030269,3.00805774225297));
#1276=CARTESIAN_POINT('',(1.86960847066398E-15,-41.0000000030269,3.06607348646234));
#1277=CARTESIAN_POINT('',(-0.589043736121655,-41.0000000030269,3.00805774225297));
#1278=CARTESIAN_POINT('',(0.58904373612165,-42.5000000030269,3.00805774225298));
#1279=CARTESIAN_POINT('',(1.83546037074318E-15,-42.5000000030269,3.06607348646234));
#1280=CARTESIAN_POINT('',(-0.589043736121656,-42.5000000030269,3.00805774225298));
#1281=CARTESIAN_POINT('',(-1.15545085180369,-42.5000000030269,2.83624002213923));
#1282=CARTESIAN_POINT('',(-1.67745463923521,-42.5000000030269,2.55722318474859));
#1283=CARTESIAN_POINT('',(-2.13499478560832,-42.5000000030269,2.18172969066754));
#1284=CARTESIAN_POINT('',(-2.51048827968937,-42.5000000030269,1.72418954429443));
#1285=CARTESIAN_POINT('',(-2.78950511708001,-42.5000000030269,1.20218575686291));
#1286=CARTESIAN_POINT('',(-2.96132283719375,-42.5000000030269,0.635778641180871));
#1287=CARTESIAN_POINT('',(-3.01933858140312,-42.5000000030269,0.0467349050592171));
#1288=CARTESIAN_POINT('',(-2.96132283719375,-42.5000000030269,-0.542308831062439));
#1289=CARTESIAN_POINT('',(-2.78950511708001,-42.5000000030269,-1.10871594674447));
#1290=CARTESIAN_POINT('',(-2.51048827968937,-42.5000000030269,-1.63071973417599));
#1291=CARTESIAN_POINT('',(-2.13499478560832,-42.5000000030269,-2.0882598805491));
#1292=CARTESIAN_POINT('',(-1.67745463923521,-42.5000000030269,-2.46375337463015));
#1293=CARTESIAN_POINT('',(-1.15545085180369,-42.5000000030269,-2.74277021202079));
#1294=CARTESIAN_POINT('',(-0.589043736121652,-42.5000000030269,-2.91458793213454));
#1295=CARTESIAN_POINT('',(-1.67243161512561E-15,-42.5000000030269,-2.9726036763439));
#1296=CARTESIAN_POINT('',(0.589043736121656,-42.5000000030269,-2.91458793213453));
#1297=CARTESIAN_POINT('',(1.15545085180369,-42.5000000030269,-2.74277021202079));
#1298=CARTESIAN_POINT('',(1.67745463923521,-42.5000000030269,-2.46375337463015));
#1299=CARTESIAN_POINT('',(2.13499478560832,-42.5000000030269,-2.0882598805491));
#1300=CARTESIAN_POINT('',(2.51048827968938,-42.5000000030269,-1.63071973417598));
#1301=CARTESIAN_POINT('',(2.78950511708001,-42.5000000030269,-1.10871594674447));
#1302=CARTESIAN_POINT('',(2.96132283719376,-42.5000000030269,-0.542308831062431));
#1303=CARTESIAN_POINT('',(3.01933858140312,-42.5000000030269,0.0467349050592132));
#1304=CARTESIAN_POINT('',(2.96132283719376,-42.5000000030269,0.635778641180872));
#1305=CARTESIAN_POINT('',(2.78950511708001,-42.5000000030269,1.20218575686291));
#1306=CARTESIAN_POINT('',(2.51048827968937,-42.5000000030269,1.72418954429443));
#1307=CARTESIAN_POINT('',(2.13499478560832,-42.5000000030269,2.18172969066754));
#1308=CARTESIAN_POINT('',(1.67745463923521,-42.5000000030269,2.55722318474859));
#1309=CARTESIAN_POINT('',(1.15545085180368,-42.5000000030269,2.83624002213923));
#1310=CARTESIAN_POINT('',(0.58904373612165,-42.5000000030269,3.00805774225298));
#1311=CARTESIAN_POINT('',(1.83546037074318E-15,-42.5000000030269,3.06607348646234));
#1312=CARTESIAN_POINT('',(-0.589043736121656,-42.5000000030269,3.00805774225298));
#1313=CARTESIAN_POINT('',(-0.49071763047061,-42.5000000030269,-2.92404590119121));
#1314=CARTESIAN_POINT('',(-0.00135399427590567,-42.5000000030269,-2.97286527619911));
#1315=CARTESIAN_POINT('',(0.594006334813175,-42.5000000030269,-2.91384743865862));
#1316=CARTESIAN_POINT('',(1.06435037770478,-42.5000000030269,-2.76996405058596));
#1317=CARTESIAN_POINT('',(1.41825663593155,-42.5000000030269,-2.60238163008777));
#1318=CARTESIAN_POINT('',(1.75869673992115,-42.5000000030269,-2.39766925362735));
#1319=CARTESIAN_POINT('',(2.13529929888018,-42.5000000030269,-2.08791016859689));
#1320=CARTESIAN_POINT('',(2.51376349826341,-42.5000000030269,-1.62582746891573));
#1321=CARTESIAN_POINT('',(2.74343635694311,-42.5000000030269,-1.19492481852357));
#1322=CARTESIAN_POINT('',(2.87687811233731,-42.5000000030269,-0.820905291160193));
#1323=CARTESIAN_POINT('',(2.94759369695584,-42.5000000030269,-0.536375061402252));
#1324=CARTESIAN_POINT('',(2.99052522771697,-42.5000000030269,-0.246445753898953));
#1325=CARTESIAN_POINT('',(3.00956542903798,-42.5000000030269,0.15008414435592));
#1326=CARTESIAN_POINT('',(2.96125283941935,-42.5000000030269,0.636209482913102));
#1327=CARTESIAN_POINT('',(2.78728068871155,-42.5000000030269,1.20745941296078));
#1328=CARTESIAN_POINT('',(2.55694816604003,-42.5000000030269,1.63734981379438));
#1329=CARTESIAN_POINT('',(2.32024966641331,-42.5000000030269,1.95612309636649));
#1330=CARTESIAN_POINT('',(2.12235140809441,-42.5000000030269,2.173742972751));
#1331=CARTESIAN_POINT('',(1.90520467093722,-42.5000000030269,2.37028516186481));
#1332=CARTESIAN_POINT('',(1.66752793279184,-42.5000000030269,2.54649698048069));
#1333=CARTESIAN_POINT('',(1.41294396241309,-42.5000000030269,2.69860308907581));
#1334=CARTESIAN_POINT('',(1.14801101189843,-42.5000000030269,2.82351874063345));
#1335=CARTESIAN_POINT('',(0.871427829647716,-42.5000000030269,2.92248129177337));
#1336=CARTESIAN_POINT('',(0.485977612406461,-42.5000000030269,3.01859197258295));
#1337=CARTESIAN_POINT('',(0.000605444490428333,-42.5000000030269,3.06605289818764));
#1338=CARTESIAN_POINT('',(-0.593860420209552,-42.5000000030269,3.00709609010498));
#1339=CARTESIAN_POINT('',(-1.06077258084674,-42.5000000030269,2.86505277067381));
#1340=CARTESIAN_POINT('',(-1.41977254504847,-42.5000000030269,2.69503774725165));
#1341=CARTESIAN_POINT('',(-1.67114203139612,-42.5000000030269,2.543856916343));
#1342=CARTESIAN_POINT('',(-1.90647821371976,-42.5000000030269,2.36933921764243));
#1343=CARTESIAN_POINT('',(-2.20028282528343,-42.5000000030269,2.1026816210813));
#1344=CARTESIAN_POINT('',(-2.5102394760671,-42.5000000030269,1.72460692251935));
#1345=CARTESIAN_POINT('',(-2.79122413735137,-42.5000000030269,1.19792961900139));
#1346=CARTESIAN_POINT('',(-2.93252806213429,-42.5000000030269,0.731035616557786));
#1347=CARTESIAN_POINT('',(-2.99068741798265,-42.5000000030269,0.33847876335901));
#1348=CARTESIAN_POINT('',(-3.00476051789577,-42.5000000030269,0.0444148311170795));
#1349=CARTESIAN_POINT('',(-2.99026624181041,-42.5000000030269,-0.248105190721622));
#1350=CARTESIAN_POINT('',(-2.94698254526505,-42.5000000030269,-0.540419295367153));
#1351=CARTESIAN_POINT('',(-2.87456040829339,-42.5000000030269,-0.828355639137442));
#1352=CARTESIAN_POINT('',(-2.77561555582415,-42.5000000030269,-1.10408306208961));
#1353=CARTESIAN_POINT('',(-2.65019625157123,-42.5000000030269,-1.36950869420208));
#1354=CARTESIAN_POINT('',(-2.44571879183297,-42.5000000030269,-1.71013556915689));
#1355=CARTESIAN_POINT('',(-2.13615678918399,-42.5000000030269,-2.0870819574501));
#1356=CARTESIAN_POINT('',(-1.67418347125294,-42.5000000030269,-2.46591857802413));
#1357=CARTESIAN_POINT('',(-1.24388924346618,-42.5000000030269,-2.69570261203585));
#1358=CARTESIAN_POINT('',(-0.869712676787386,-42.5000000030269,-2.8295115281139));
#1359=CARTESIAN_POINT('',(-0.49071763047061,-42.5000000030269,-2.92404590119121));
#1360=CARTESIAN_POINT('',(-0.00135399427590567,-42.5000000030269,-2.97286527619911));
#1361=CARTESIAN_POINT('',(0.594006334813175,-42.5000000030269,-2.91384743865862));
#1362=CARTESIAN_POINT('',(4.11059014709576E-16,-42.5000000030269,-2.95326509494078));
#1363=CARTESIAN_POINT('',(-5.69337044251747,-1.50000000302691,-13.6982772328804));
#1364=CARTESIAN_POINT('',(2.96405507312573E-14,-1.50000000302691,-14.830759025971));
#1365=CARTESIAN_POINT('',(5.69337044251737,-1.50000000302691,-13.6982772328804));
#1366=CARTESIAN_POINT('',(10.5199768456931,-1.50000000302691,-10.473241940634));
#1367=CARTESIAN_POINT('',(13.7450121379396,-1.50000000302691,-5.64663553745821));
#1368=CARTESIAN_POINT('',(14.8774939310302,-1.50000000302691,0.0467349050592415));
#1369=CARTESIAN_POINT('',(13.7450121379396,-1.50000000302691,5.74010534757666));
#1370=CARTESIAN_POINT('',(10.5199768456931,-1.50000000302691,10.5667117507524));
#1371=CARTESIAN_POINT('',(5.69337044251732,-1.50000000302691,13.7917470429989));
#1372=CARTESIAN_POINT('',(-4.37550042132201E-15,-1.50000000302691,14.9242288360894));
#1373=CARTESIAN_POINT('',(-5.6933704425174,-1.50000000302691,13.7917470429989));
#1374=CARTESIAN_POINT('',(-10.5199768456931,-1.50000000302691,10.5667117507523));
#1375=CARTESIAN_POINT('',(-13.7450121379397,-1.50000000302691,5.74010534757661));
#1376=CARTESIAN_POINT('',(-14.8774939310302,-1.50000000302691,0.0467349050592482));
#1377=CARTESIAN_POINT('',(-13.7450121379397,-1.50000000302691,-5.6466355374582));
#1378=CARTESIAN_POINT('',(-10.519976845693,-1.50000000302691,-10.4732419406339));
#1379=CARTESIAN_POINT('',(-5.69337044251747,-1.50000000302691,-13.6982772328804));
#1380=CARTESIAN_POINT('',(2.96405507312573E-14,-1.50000000302691,-14.830759025971));
#1381=CARTESIAN_POINT('',(5.69337044251737,-1.50000000302691,-13.6982772328804));
#1382=CARTESIAN_POINT('',(2.21443923723495E-15,-1.50000000302691,-14.4532650949408));
#1383=CARTESIAN_POINT('',(-2.56250000000014,-19.,11.5084917404954));
#1384=CARTESIAN_POINT('',(-2.56250000000014,-20.004778634657,11.2205170816523));
#1385=CARTESIAN_POINT('',(-2.56250000000014,-21.0046238652412,10.9162985662957));
#1386=CARTESIAN_POINT('',(-2.56250000000015,-21.9999999999997,10.5973649880487));
#1387=CARTESIAN_POINT('',(-2.56250000000014,-19.,11.5084917404802));
#1388=CARTESIAN_POINT('',(-2.56250000000015,-21.9999999999997,10.5973649880487));
#1389=CARTESIAN_POINT('',(-1.49999999999985,-17.9375,11.9884297321811));
#1390=CARTESIAN_POINT('',(-1.57259351350689,-17.9374999999953,11.9793142066456));
#1391=CARTESIAN_POINT('',(-1.71414125067052,-17.9520459799872,11.9562875766782));
#1392=CARTESIAN_POINT('',(-1.98687596004141,-18.0370707229475,11.8914984907813));
#1393=CARTESIAN_POINT('',(-2.39343735590073,-18.3165334190427,11.7413947363806));
#1394=CARTESIAN_POINT('',(-2.56250000006834,-18.7189879999365,11.5890312066451));
#1395=CARTESIAN_POINT('',(-2.56250000006834,-19.,11.5084917404802));
#1396=CARTESIAN_POINT('',(-1.49999999999985,-17.9375,11.9884297321811));
#1397=CARTESIAN_POINT('',(1.49999999999985,-17.9375,11.9884297321811));
#1398=CARTESIAN_POINT('',(0.499999999999951,-17.9375,12.1139991542456));
#1399=CARTESIAN_POINT('',(-0.499999999999951,-17.9375,12.1139991542456));
#1400=CARTESIAN_POINT('',(-1.49999999999985,-17.9375,11.9884297321811));
#1401=CARTESIAN_POINT('',(1.49999999999985,-17.9374999999318,11.9884297321811));
#1402=CARTESIAN_POINT('',(2.56249999999986,-19.,11.5084917404955));
#1403=CARTESIAN_POINT('',(2.56250000000889,-18.8593538617142,11.5488016379111));
#1404=CARTESIAN_POINT('',(2.50725208413921,-18.5860642690945,11.6389505057444));
#1405=CARTESIAN_POINT('',(2.27743696002016,-18.236709798527,11.7843334442208));
#1406=CARTESIAN_POINT('',(1.92852988148814,-17.9973332556974,11.9129021135362));
#1407=CARTESIAN_POINT('',(1.64530707967319,-17.9374999999318,11.970183606183));
#1408=CARTESIAN_POINT('',(1.49999999999986,-17.9374999999318,11.9884297321995));
#1409=CARTESIAN_POINT('',(2.56249999999986,-19.,11.5084917404955));
#1410=CARTESIAN_POINT('',(2.56249999999985,-22.0000000000682,10.5973649880268));
#1411=CARTESIAN_POINT('',(2.56249999999986,-21.0046238652857,10.9162985662822));
#1412=CARTESIAN_POINT('',(2.56249999999986,-20.0047786346815,11.2205170816454));
#1413=CARTESIAN_POINT('',(2.56249999999986,-19.,11.5084917404955));
#1414=CARTESIAN_POINT('',(2.56249999999985,-22.0000000000682,10.5973649880268));
#1415=CARTESIAN_POINT('',(1.49999999999985,-23.0625000000682,10.4601714722536));
#1416=CARTESIAN_POINT('',(1.57034358717209,-23.0625000000682,10.4500429907452));
#1417=CARTESIAN_POINT('',(1.70881993734737,-23.0488203472292,10.4331137089732));
#1418=CARTESIAN_POINT('',(1.98055927401275,-22.9661620423523,10.4126136199118));
#1419=CARTESIAN_POINT('',(2.27751835585337,-22.7649487663759,10.4172859254887));
#1420=CARTESIAN_POINT('',(2.51072679110015,-22.4071831479817,10.4790709223066));
#1421=CARTESIAN_POINT('',(2.56249999999985,-22.1352895345598,10.5540161736157));
#1422=CARTESIAN_POINT('',(2.56249999999985,-22.0000000000682,10.5973649880268));
#1423=CARTESIAN_POINT('',(1.49999999999985,-23.0625,10.4601714722536));
#1424=CARTESIAN_POINT('',(-1.49999999999985,-23.0625,10.4601714722758));
#1425=CARTESIAN_POINT('',(-0.499999999999952,-23.0625,10.6041573267872));
#1426=CARTESIAN_POINT('',(0.499999999999951,-23.0625,10.6041573267872));
#1427=CARTESIAN_POINT('',(1.49999999999985,-23.0625,10.4601714722758));
#1428=CARTESIAN_POINT('',(-1.49999999999985,-23.0625000000682,10.4601714722758));
#1429=CARTESIAN_POINT('',(-2.56250000000015,-21.9999999999997,10.5973649880487));
#1430=CARTESIAN_POINT('',(-2.56250000000451,-22.0676441109701,10.5756907911227));
#1431=CARTESIAN_POINT('',(-2.549843208766,-22.2014072475649,10.5357733415967));
#1432=CARTESIAN_POINT('',(-2.47210456910368,-22.4666914592813,10.4687743585391));
#1433=CARTESIAN_POINT('',(-2.27845662205972,-22.7639709229636,10.4173915773262));
#1434=CARTESIAN_POINT('',(-1.92126096756056,-23.0062455376538,10.4117273204076));
#1435=CARTESIAN_POINT('',(-1.64073498929056,-23.0625000000682,10.4399076245609));
#1436=CARTESIAN_POINT('',(-1.49999999999985,-23.0625000000682,10.4601714722536));
#1437=CARTESIAN_POINT('',(1.71165344863917,36.747724849575,8.65179788423659));
#1438=CARTESIAN_POINT('',(1.77570119588177E-14,36.7477248495749,8.82038103445418));
#1439=CARTESIAN_POINT('',(-1.71165344863923,36.7477248495749,8.65179788423658));
#1440=CARTESIAN_POINT('',(-3.35752901515356,36.7477248495749,8.15252698950409));
#1441=CARTESIAN_POINT('',(-4.8743766245395,36.7477248495749,7.34175505074698));
#1442=CARTESIAN_POINT('',(-6.20390467382629,36.7477248495749,6.2506395788855));
#1443=CARTESIAN_POINT('',(-7.29502014568777,36.7477248495749,4.9211115295987));
#1444=CARTESIAN_POINT('',(-8.1057920844449,36.747724849575,3.40426392021274));
#1445=CARTESIAN_POINT('',(-8.60506297917735,36.747724849575,1.75838835369843));
#1446=CARTESIAN_POINT('',(-8.77364612939497,36.747724849575,0.0467349050592036));
#1447=CARTESIAN_POINT('',(-8.60506297917737,36.747724849575,-1.66491854357999));
#1448=CARTESIAN_POINT('',(-8.10579208444487,36.747724849575,-3.31079411009436));
#1449=CARTESIAN_POINT('',(-7.29502014568776,36.7477248495749,-4.82764171948029));
#1450=CARTESIAN_POINT('',(-6.20390467382626,36.747724849575,-6.1571697687671));
#1451=CARTESIAN_POINT('',(-4.87437662453949,36.747724849575,-7.24828524062856));
#1452=CARTESIAN_POINT('',(-3.35752901515356,36.7477248495749,-8.05905717938567));
#1453=CARTESIAN_POINT('',(-1.71165344863919,36.747724849575,-8.55832807411816));
#1454=CARTESIAN_POINT('',(1.12286190820544E-14,36.747724849575,-8.72691122433575));
#1455=CARTESIAN_POINT('',(1.71165344863922,36.747724849575,-8.55832807411815));
#1456=CARTESIAN_POINT('',(3.35752901515352,36.747724849575,-8.05905717938569));
#1457=CARTESIAN_POINT('',(4.87437662453952,36.747724849575,-7.24828524062854));
#1458=CARTESIAN_POINT('',(6.20390467382631,36.7477248495749,-6.15716976876705));
#1459=CARTESIAN_POINT('',(7.29502014568778,36.747724849575,-4.82764171948025));
#1460=CARTESIAN_POINT('',(8.10579208444488,36.747724849575,-3.31079411009435));
#1461=CARTESIAN_POINT('',(8.60506297917737,36.7477248495749,-1.66491854357999));
#1462=CARTESIAN_POINT('',(8.77364612939497,36.747724849575,0.0467349050592437));
#1463=CARTESIAN_POINT('',(8.60506297917735,36.7477248495749,1.75838835369847));
#1464=CARTESIAN_POINT('',(8.10579208444488,36.747724849575,3.40426392021278));
#1465=CARTESIAN_POINT('',(7.29502014568775,36.747724849575,4.92111152959873));
#1466=CARTESIAN_POINT('',(6.20390467382631,36.747724849575,6.25063957888549));
#1467=CARTESIAN_POINT('',(4.87437662453948,36.747724849575,7.341755050747));
#1468=CARTESIAN_POINT('',(3.35752901515352,36.7477248495749,8.15252698950411));
#1469=CARTESIAN_POINT('',(1.71165344863917,36.747724849575,8.65179788423659));
#1470=CARTESIAN_POINT('',(1.77570119588177E-14,36.7477248495749,8.82038103445418));
#1471=CARTESIAN_POINT('',(-1.71165344863923,36.7477248495749,8.65179788423658));
#1472=CARTESIAN_POINT('',(1.80270153994701,35.0197153235298,9.1095275493512));
#1473=CARTESIAN_POINT('',(2.27084864473342E-14,35.0197153235298,9.28707815385468));
#1474=CARTESIAN_POINT('',(-1.80270153994708,35.0197153235298,9.10952754935117));
#1475=CARTESIAN_POINT('',(-3.53612627068064,35.0197153235298,8.58369890600019));
#1476=CARTESIAN_POINT('',(-5.13365965191441,35.0197153235298,7.72979952367763));
#1477=CARTESIAN_POINT('',(-6.53390937171461,35.0197153235298,6.58064427677382));
#1478=CARTESIAN_POINT('',(-7.68306461861842,35.0197153235298,5.18039455697361));
#1479=CARTESIAN_POINT('',(-8.53696400094098,35.0197153235298,3.58286117573982));
#1480=CARTESIAN_POINT('',(-9.06279264429196,35.0197153235298,1.84943644500627));
#1481=CARTESIAN_POINT('',(-9.24034324879546,35.0197153235298,0.0467349050592004));
#1482=CARTESIAN_POINT('',(-9.06279264429196,35.0197153235298,-1.75596663488783));
#1483=CARTESIAN_POINT('',(-8.53696400094097,35.0197153235298,-3.48939136562144));
#1484=CARTESIAN_POINT('',(-7.6830646186184,35.0197153235298,-5.08692474685521));
#1485=CARTESIAN_POINT('',(-6.53390937171458,35.0197153235298,-6.48717446665542));
#1486=CARTESIAN_POINT('',(-5.13365965191441,35.0197153235298,-7.6363297135592));
#1487=CARTESIAN_POINT('',(-3.53612627068065,35.0197153235298,-8.49022909588175));
#1488=CARTESIAN_POINT('',(-1.80270153994704,35.0197153235298,-9.01605773923275));
#1489=CARTESIAN_POINT('',(1.64188999603743E-14,35.0197153235298,-9.19360834373626));
#1490=CARTESIAN_POINT('',(1.80270153994707,35.0197153235298,-9.01605773923274));
#1491=CARTESIAN_POINT('',(3.5361262706806,35.0197153235298,-8.49022909588179));
#1492=CARTESIAN_POINT('',(5.13365965191442,35.0197153235298,-7.63632971355918));
#1493=CARTESIAN_POINT('',(6.53390937171464,35.0197153235298,-6.48717446665537));
#1494=CARTESIAN_POINT('',(7.68306461861843,35.0197153235298,-5.08692474685516));
#1495=CARTESIAN_POINT('',(8.53696400094095,35.0197153235298,-3.48939136562143));
#1496=CARTESIAN_POINT('',(9.06279264429198,35.0197153235298,-1.75596663488784));
#1497=CARTESIAN_POINT('',(9.24034324879546,35.0197153235298,0.0467349050592438));
#1498=CARTESIAN_POINT('',(9.06279264429196,35.0197153235298,1.84943644500632));
#1499=CARTESIAN_POINT('',(8.53696400094099,35.0197153235298,3.58286117573985));
#1500=CARTESIAN_POINT('',(7.68306461861839,35.0197153235298,5.18039455697364));
#1501=CARTESIAN_POINT('',(6.53390937171464,35.0197153235298,6.5806442767738));
#1502=CARTESIAN_POINT('',(5.13365965191439,35.0197153235298,7.72979952367764));
#1503=CARTESIAN_POINT('',(3.5361262706806,35.0197153235298,8.58369890600022));
#1504=CARTESIAN_POINT('',(1.80270153994701,35.0197153235298,9.1095275493512));
#1505=CARTESIAN_POINT('',(2.27084864473342E-14,35.0197153235298,9.28707815385468));
#1506=CARTESIAN_POINT('',(-1.80270153994708,35.0197153235298,9.10952754935117));
#1507=CARTESIAN_POINT('',(1.9266417805831,32.3410430802057,9.73261721576454));
#1508=CARTESIAN_POINT('',(1.6322791762144E-14,32.3410430802057,9.92237486850069));
#1509=CARTESIAN_POINT('',(-1.92664178058317,32.3410430802057,9.73261721576454));
#1510=CARTESIAN_POINT('',(-3.77924379801164,32.3410430802057,9.17063653773335));
#1511=CARTESIAN_POINT('',(-5.4866115957069,32.3410430802057,8.25802943670143));
#1512=CARTESIAN_POINT('',(-6.98313198670636,32.3410430802057,7.02986689176556));
#1513=CARTESIAN_POINT('',(-8.21129453164223,32.3410430802057,5.53334650076609));
#1514=CARTESIAN_POINT('',(-9.12390163267416,32.3410430802057,3.82597870307082));
#1515=CARTESIAN_POINT('',(-9.68588231070532,32.3410430802057,1.97337668564236));
#1516=CARTESIAN_POINT('',(-9.87563996344148,32.3410430802057,0.0467349050592028));
#1517=CARTESIAN_POINT('',(-9.68588231070533,32.3410430802057,-1.87990687552392));
#1518=CARTESIAN_POINT('',(-9.12390163267411,32.3410430802057,-3.73250889295245));
#1519=CARTESIAN_POINT('',(-8.2112945316422,32.3410430802057,-5.4398766906477));
#1520=CARTESIAN_POINT('',(-6.98313198670634,32.3410430802057,-6.93639708164716));
#1521=CARTESIAN_POINT('',(-5.48661159570687,32.3410430802057,-8.16455962658302));
#1522=CARTESIAN_POINT('',(-3.77924379801167,32.3410430802057,-9.07716672761493));
#1523=CARTESIAN_POINT('',(-1.92664178058314,32.3410430802057,-9.63914740564612));
#1524=CARTESIAN_POINT('',(1.41111455272346E-14,32.3410430802057,-9.82890505838222));
#1525=CARTESIAN_POINT('',(1.92664178058316,32.3410430802057,-9.63914740564611));
#1526=CARTESIAN_POINT('',(3.7792437980116,32.3410430802057,-9.0771667276149));
#1527=CARTESIAN_POINT('',(5.48661159570692,32.3410430802057,-8.164559626583));
#1528=CARTESIAN_POINT('',(6.98313198670637,32.3410430802057,-6.93639708164712));
#1529=CARTESIAN_POINT('',(8.21129453164226,32.3410430802057,-5.43987669064764));
#1530=CARTESIAN_POINT('',(9.12390163267413,32.3410430802057,-3.73250889295244));
#1531=CARTESIAN_POINT('',(9.68588231070532,32.3410430802057,-1.87990687552393));
#1532=CARTESIAN_POINT('',(9.87563996344148,32.3410430802057,0.0467349050592562));
#1533=CARTESIAN_POINT('',(9.68588231070531,32.3410430802057,1.97337668564239));
#1534=CARTESIAN_POINT('',(9.12390163267408,32.3410430802057,3.82597870307088));
#1535=CARTESIAN_POINT('',(8.21129453164221,32.3410430802057,5.53334650076613));
#1536=CARTESIAN_POINT('',(6.98313198670636,32.3410430802057,7.02986689176555));
#1537=CARTESIAN_POINT('',(5.48661159570687,32.3410430802057,8.25802943670147));
#1538=CARTESIAN_POINT('',(3.77924379801161,32.3410430802057,9.17063653773332));
#1539=CARTESIAN_POINT('',(1.9266417805831,32.3410430802057,9.73261721576454));
#1540=CARTESIAN_POINT('',(1.6322791762144E-14,32.3410430802057,9.92237486850069));
#1541=CARTESIAN_POINT('',(-1.92664178058317,32.3410430802057,9.73261721576454));
#1542=CARTESIAN_POINT('',(2.07298862094742,28.8079005850736,10.468352465876));
#1543=CARTESIAN_POINT('',(1.58447183632527E-14,28.8079005850737,10.6725240242965));
#1544=CARTESIAN_POINT('',(-2.07298862094748,28.8079005850736,10.468352465876));
#1545=CARTESIAN_POINT('',(-4.06631345173736,28.8079005850736,9.86368398910365));
#1546=CARTESIAN_POINT('',(-5.90337213699184,28.8079005850737,8.88175566444007));
#1547=CARTESIAN_POINT('',(-7.51356754167094,28.8079005850736,7.56030244673014));
#1548=CARTESIAN_POINT('',(-8.83502075938086,28.8079005850736,5.95010704205104));
#1549=CARTESIAN_POINT('',(-9.81694908404445,28.8079005850736,4.11304835679654));
#1550=CARTESIAN_POINT('',(-10.4216175608168,28.8079005850737,2.11972352600668));
#1551=CARTESIAN_POINT('',(-10.6257891192373,28.8079005850736,0.0467349050592009));
#1552=CARTESIAN_POINT('',(-10.4216175608168,28.8079005850737,-2.02625371588824));
#1553=CARTESIAN_POINT('',(-9.81694908404442,28.8079005850736,-4.01957854667816));
#1554=CARTESIAN_POINT('',(-8.83502075938085,28.8079005850736,-5.85663723193264));
#1555=CARTESIAN_POINT('',(-7.5135675416709,28.8079005850736,-7.46683263661176));
#1556=CARTESIAN_POINT('',(-5.90337213699183,28.8079005850736,-8.78828585432164));
#1557=CARTESIAN_POINT('',(-4.06631345173737,28.8079005850736,-9.77021417898521));
#1558=CARTESIAN_POINT('',(-2.07298862094743,28.8079005850737,-10.3748826557576));
#1559=CARTESIAN_POINT('',(1.16293690057629E-14,28.8079005850736,-10.5790542141781));
#1560=CARTESIAN_POINT('',(2.07298862094748,28.8079005850736,-10.3748826557576));
#1561=CARTESIAN_POINT('',(4.06631345173733,28.8079005850736,-9.77021417898533));
#1562=CARTESIAN_POINT('',(5.90337213699185,28.8079005850736,-8.78828585432163));
#1563=CARTESIAN_POINT('',(7.51356754167096,28.8079005850736,-7.4668326366117));
#1564=CARTESIAN_POINT('',(8.83502075938088,28.8079005850736,-5.85663723193258));
#1565=CARTESIAN_POINT('',(9.81694908404442,28.8079005850736,-4.01957854667815));
#1566=CARTESIAN_POINT('',(10.4216175608168,28.8079005850736,-2.02625371588825));
#1567=CARTESIAN_POINT('',(10.6257891192373,28.8079005850736,0.0467349050592495));
#1568=CARTESIAN_POINT('',(10.4216175608168,28.8079005850736,2.11972352600675));
#1569=CARTESIAN_POINT('',(9.81694908404453,28.8079005850736,4.11304835679658));
#1570=CARTESIAN_POINT('',(8.83502075938084,28.8079005850737,5.95010704205107));
#1571=CARTESIAN_POINT('',(7.51356754167097,28.8079005850736,7.56030244673014));
#1572=CARTESIAN_POINT('',(5.90337213699179,28.8079005850737,8.88175566444009));
#1573=CARTESIAN_POINT('',(4.06631345173731,28.8079005850736,9.86368398910377));
#1574=CARTESIAN_POINT('',(2.07298862094742,28.8079005850736,10.468352465876));
#1575=CARTESIAN_POINT('',(1.58447183632527E-14,28.8079005850737,10.6725240242965));
#1576=CARTESIAN_POINT('',(-2.07298862094748,28.8079005850736,10.468352465876));
#1577=CARTESIAN_POINT('',(2.17500434996417,26.2353941616516,10.98122016918));
#1578=CARTESIAN_POINT('',(2.01132308533531E-14,26.2353941616516,11.1954393999159));
#1579=CARTESIAN_POINT('',(-2.17500434996425,26.2353941616516,10.98122016918));
#1580=CARTESIAN_POINT('',(-4.26642450251587,26.2353941616516,10.3467948018739));
#1581=CARTESIAN_POINT('',(-6.19388835407421,26.2353941616516,9.31654390907335));
#1582=CARTESIAN_POINT('',(-7.88332454975811,26.2353941616516,7.93005945481731));
#1583=CARTESIAN_POINT('',(-9.26980900401415,26.2353941616516,6.24062325913341));
#1584=CARTESIAN_POINT('',(-10.3000598968147,26.2353941616516,4.31315940757504));
#1585=CARTESIAN_POINT('',(-10.9344852641207,26.2353941616516,2.22173925502345));
#1586=CARTESIAN_POINT('',(-11.1487044948567,26.2353941616516,0.0467349050592014));
#1587=CARTESIAN_POINT('',(-10.9344852641207,26.2353941616516,-2.12826944490501));
#1588=CARTESIAN_POINT('',(-10.3000598968147,26.2353941616516,-4.21968959745668));
#1589=CARTESIAN_POINT('',(-9.26980900401411,26.2353941616516,-6.14715344901502));
#1590=CARTESIAN_POINT('',(-7.88332454975809,26.2353941616516,-7.83658964469892));
#1591=CARTESIAN_POINT('',(-6.19388835407421,26.2353941616516,-9.22307409895491));
#1592=CARTESIAN_POINT('',(-4.26642450251589,26.2353941616516,-10.2533249917554));
#1593=CARTESIAN_POINT('',(-2.17500434996422,26.2353941616516,-10.8877503590615));
#1594=CARTESIAN_POINT('',(1.74799916016058E-14,26.2353941616516,-11.1019695897975));
#1595=CARTESIAN_POINT('',(2.17500434996425,26.2353941616516,-10.8877503590615));
#1596=CARTESIAN_POINT('',(4.26642450251583,26.2353941616516,-10.2533249917555));
#1597=CARTESIAN_POINT('',(6.19388835407425,26.2353941616516,-9.22307409895491));
#1598=CARTESIAN_POINT('',(7.88332454975812,26.2353941616516,-7.83658964469887));
#1599=CARTESIAN_POINT('',(9.26980900401416,26.2353941616516,-6.14715344901497));
#1600=CARTESIAN_POINT('',(10.3000598968147,26.2353941616516,-4.21968959745666));
#1601=CARTESIAN_POINT('',(10.9344852641207,26.2353941616516,-2.12826944490501));
#1602=CARTESIAN_POINT('',(11.1487044948567,26.2353941616516,0.0467349050592573));
#1603=CARTESIAN_POINT('',(10.9344852641207,26.2353941616516,2.22173925502349));
#1604=CARTESIAN_POINT('',(10.3000598968147,26.2353941616516,4.31315940757509));
#1605=CARTESIAN_POINT('',(9.26980900401411,26.2353941616516,6.24062325913346));
#1606=CARTESIAN_POINT('',(7.88332454975813,26.2353941616516,7.93005945481729));
#1607=CARTESIAN_POINT('',(6.19388835407419,26.2353941616516,9.31654390907338));
#1608=CARTESIAN_POINT('',(4.26642450251583,26.2353941616516,10.3467948018739));
#1609=CARTESIAN_POINT('',(2.17500434996417,26.2353941616516,10.98122016918));
#1610=CARTESIAN_POINT('',(2.01132308533531E-14,26.2353941616516,11.1954393999159));
#1611=CARTESIAN_POINT('',(-2.17500434996425,26.2353941616516,10.98122016918));
#1612=CARTESIAN_POINT('',(2.26931292860642,23.7410235649466,11.4553414110344));
#1613=CARTESIAN_POINT('',(1.91912321554914E-14,23.7410235649466,11.6788492260293));
#1614=CARTESIAN_POINT('',(-2.26931292860648,23.7410235649466,11.4553414110344));
#1615=CARTESIAN_POINT('',(-4.45141743401195,23.7410235649466,10.7934072460349));
#1616=CARTESIAN_POINT('',(-6.46245646381203,23.7410235649466,9.71848448977508));
#1617=CARTESIAN_POINT('',(-8.22514691589512,23.7410235649466,8.27188182095433));
#1618=CARTESIAN_POINT('',(-9.67174958471587,23.7410235649466,6.50919136887122));
#1619=CARTESIAN_POINT('',(-10.7466723409757,23.7410235649466,4.49815233907113));
#1620=CARTESIAN_POINT('',(-11.4086065059751,23.7410235649466,2.31604783366569));
#1621=CARTESIAN_POINT('',(-11.6321143209701,23.7410235649466,0.0467349050592007));
#1622=CARTESIAN_POINT('',(-11.4086065059752,23.7410235649466,-2.22257802354723));
#1623=CARTESIAN_POINT('',(-10.7466723409757,23.7410235649466,-4.40468252895277));
#1624=CARTESIAN_POINT('',(-9.67174958471593,23.7410235649466,-6.41572155875283));
#1625=CARTESIAN_POINT('',(-8.22514691589509,23.7410235649466,-8.17841201083593));
#1626=CARTESIAN_POINT('',(-6.46245646381201,23.7410235649466,-9.62501467965675));
#1627=CARTESIAN_POINT('',(-4.45141743401198,23.7410235649466,-10.6999374359166));
#1628=CARTESIAN_POINT('',(-2.26931292860645,23.7410235649466,-11.3618716009159));
#1629=CARTESIAN_POINT('',(1.7388461014194E-14,23.7410235649466,-11.5853794159109));
#1630=CARTESIAN_POINT('',(2.26931292860648,23.7410235649466,-11.3618716009159));
#1631=CARTESIAN_POINT('',(4.45141743401193,23.7410235649466,-10.6999374359166));
#1632=CARTESIAN_POINT('',(6.46245646381203,23.7410235649466,-9.62501467965666));
#1633=CARTESIAN_POINT('',(8.22514691589516,23.7410235649466,-8.17841201083588));
#1634=CARTESIAN_POINT('',(9.67174958471596,23.7410235649466,-6.41572155875276));
#1635=CARTESIAN_POINT('',(10.7466723409757,23.7410235649466,-4.40468252895277));
#1636=CARTESIAN_POINT('',(11.4086065059751,23.7410235649466,-2.22257802354724));
#1637=CARTESIAN_POINT('',(11.6321143209701,23.7410235649466,0.0467349050592521));
#1638=CARTESIAN_POINT('',(11.4086065059751,23.7410235649466,2.31604783366574));
#1639=CARTESIAN_POINT('',(10.7466723409758,23.7410235649466,4.49815233907119));
#1640=CARTESIAN_POINT('',(9.67174958471585,23.7410235649466,6.50919136887126));
#1641=CARTESIAN_POINT('',(8.22514691589515,23.7410235649466,8.27188182095432));
#1642=CARTESIAN_POINT('',(6.46245646381199,23.7410235649466,9.71848448977511));
#1643=CARTESIAN_POINT('',(4.45141743401191,23.7410235649466,10.793407246035));
#1644=CARTESIAN_POINT('',(2.26931292860642,23.7410235649466,11.4553414110344));
#1645=CARTESIAN_POINT('',(1.91912321554914E-14,23.7410235649466,11.6788492260293));
#1646=CARTESIAN_POINT('',(-2.26931292860648,23.7410235649466,11.4553414110344));
#1647=CARTESIAN_POINT('',(2.35579908910319,21.3121340226883,11.8901367012222));
#1648=CARTESIAN_POINT('',(1.98058979540659E-14,21.3121340226883,12.1221626595355));
#1649=CARTESIAN_POINT('',(-2.35579908910328,21.3121340226883,11.8901367012222));
#1650=CARTESIAN_POINT('',(-4.62106614035965,21.3121340226883,11.2029754537385));
#1651=CARTESIAN_POINT('',(-6.70874821136578,21.3121340226883,10.087086138461));
#1652=CARTESIAN_POINT('',(-8.53861685091843,21.3121340226883,8.58535175597763));
#1653=CARTESIAN_POINT('',(-10.0403512334018,21.3121340226883,6.75548311642498));
#1654=CARTESIAN_POINT('',(-11.1562405486793,21.3121340226883,4.66780104541882));
#1655=CARTESIAN_POINT('',(-11.843401796163,21.3121340226883,2.40253399416248));
#1656=CARTESIAN_POINT('',(-12.0754277544763,21.3121340226883,0.0467349050592017));
#1657=CARTESIAN_POINT('',(-11.843401796163,21.3121340226883,-2.30906418404403));
#1658=CARTESIAN_POINT('',(-11.1562405486793,21.3121340226883,-4.57433123530046));
#1659=CARTESIAN_POINT('',(-10.0403512334018,21.3121340226883,-6.66201330630657));
#1660=CARTESIAN_POINT('',(-8.53861685091838,21.3121340226883,-8.49188194585924));
#1661=CARTESIAN_POINT('',(-6.70874821136576,21.3121340226883,-9.99361632834259));
#1662=CARTESIAN_POINT('',(-4.62106614035967,21.3121340226883,-11.1095056436201));
#1663=CARTESIAN_POINT('',(-2.35579908910324,21.3121340226883,-11.7966668911038));
#1664=CARTESIAN_POINT('',(1.66838284578452E-14,21.3121340226883,-12.0286928494171));
#1665=CARTESIAN_POINT('',(2.35579908910327,21.3121340226883,-11.7966668911038));
#1666=CARTESIAN_POINT('',(4.62106614035961,21.3121340226883,-11.1095056436201));
#1667=CARTESIAN_POINT('',(6.7087482113658,21.3121340226883,-9.99361632834256));
#1668=CARTESIAN_POINT('',(8.53861685091845,21.3121340226883,-8.49188194585918));
#1669=CARTESIAN_POINT('',(10.0403512334018,21.3121340226883,-6.66201330630651));
#1670=CARTESIAN_POINT('',(11.1562405486793,21.3121340226883,-4.57433123530045));
#1671=CARTESIAN_POINT('',(11.843401796163,21.3121340226883,-2.30906418404404));
#1672=CARTESIAN_POINT('',(12.0754277544763,21.3121340226883,0.0467349050592605));
#1673=CARTESIAN_POINT('',(11.843401796163,21.3121340226883,2.40253399416252));
#1674=CARTESIAN_POINT('',(11.1562405486793,21.3121340226883,4.66780104541888));
#1675=CARTESIAN_POINT('',(10.0403512334018,21.3121340226883,6.75548311642502));
#1676=CARTESIAN_POINT('',(8.53861685091845,21.3121340226883,8.58535175597761));
#1677=CARTESIAN_POINT('',(6.70874821136574,21.3121340226883,10.087086138461));
#1678=CARTESIAN_POINT('',(4.6210661403596,21.3121340226883,11.2029754537385));
#1679=CARTESIAN_POINT('',(2.35579908910319,21.3121340226883,11.8901367012222));
#1680=CARTESIAN_POINT('',(1.98058979540659E-14,21.3121340226883,12.1221626595355));
#1681=CARTESIAN_POINT('',(-2.35579908910328,21.3121340226883,11.8901367012222));
#1682=CARTESIAN_POINT('',(2.44313569965811,18.6762534824434,12.3292074925734));
#1683=CARTESIAN_POINT('',(2.67721103379098E-14,18.6762534824434,12.5698353562246));
#1684=CARTESIAN_POINT('',(-2.44313569965819,18.6762534824434,12.3292074925734));
#1685=CARTESIAN_POINT('',(-4.79238306450479,18.6762534824434,11.6165710954738));
#1686=CARTESIAN_POINT('',(-6.95746183578185,18.6762534824434,10.4593123820156));
#1687=CARTESIAN_POINT('',(-8.85516925049938,18.6762534824434,8.90190415555859));
#1688=CARTESIAN_POINT('',(-10.4125774769564,18.6762534824434,7.00419674084106));
#1689=CARTESIAN_POINT('',(-11.5698361904146,18.6762534824434,4.83911796956396));
#1690=CARTESIAN_POINT('',(-12.2824725875141,18.6762534824434,2.4898706047174));
#1691=CARTESIAN_POINT('',(-12.5231004511654,18.6762534824434,0.0467349050591936));
#1692=CARTESIAN_POINT('',(-12.2824725875141,18.6762534824434,-2.39640079459895));
#1693=CARTESIAN_POINT('',(-11.5698361904146,18.6762534824434,-4.7456481594456));
#1694=CARTESIAN_POINT('',(-10.4125774769564,18.6762534824434,-6.91072693072267));
#1695=CARTESIAN_POINT('',(-8.85516925049935,18.6762534824434,-8.80843434544019));
#1696=CARTESIAN_POINT('',(-6.95746183578185,18.6762534824434,-10.3658425718972));
#1697=CARTESIAN_POINT('',(-4.7923830645048,18.6762534824434,-11.5231012853554));
#1698=CARTESIAN_POINT('',(-2.44313569965815,18.6762534824434,-12.2357376824549));
#1699=CARTESIAN_POINT('',(2.00818329680464E-14,18.6762534824434,-12.4763655461062));
#1700=CARTESIAN_POINT('',(2.44313569965818,18.6762534824434,-12.2357376824549));
#1701=CARTESIAN_POINT('',(4.79238306450475,18.6762534824434,-11.5231012853554));
#1702=CARTESIAN_POINT('',(6.95746183578188,18.6762534824434,-10.3658425718972));
#1703=CARTESIAN_POINT('',(8.85516925049941,18.6762534824434,-8.80843434544014));
#1704=CARTESIAN_POINT('',(10.4125774769564,18.6762534824434,-6.91072693072259));
#1705=CARTESIAN_POINT('',(11.5698361904146,18.6762534824434,-4.74564815944559));
#1706=CARTESIAN_POINT('',(12.2824725875141,18.6762534824434,-2.39640079459896));
#1707=CARTESIAN_POINT('',(12.5231004511654,18.6762534824434,0.0467349050592615));
#1708=CARTESIAN_POINT('',(12.2824725875141,18.6762534824434,2.48987060471744));
#1709=CARTESIAN_POINT('',(11.5698361904146,18.6762534824434,4.83911796956401));
#1710=CARTESIAN_POINT('',(10.4125774769564,18.6762534824434,7.0041967408411));
#1711=CARTESIAN_POINT('',(8.8551692504994,18.6762534824434,8.90190415555857));
#1712=CARTESIAN_POINT('',(6.95746183578182,18.6762534824434,10.4593123820156));
#1713=CARTESIAN_POINT('',(4.79238306450474,18.6762534824434,11.6165710954738));
#1714=CARTESIAN_POINT('',(2.44313569965811,18.6762534824434,12.3292074925734));
#1715=CARTESIAN_POINT('',(2.67721103379098E-14,18.6762534824434,12.5698353562246));
#1716=CARTESIAN_POINT('',(-2.44313569965819,18.6762534824434,12.3292074925734));
#1717=CARTESIAN_POINT('',(2.53555654718623,15.5856406652319,12.7938384692472));
#1718=CARTESIAN_POINT('',(2.2401153548047E-14,15.5856406652319,13.043568991871));
#1719=CARTESIAN_POINT('',(-2.53555654718632,15.5856406652319,12.7938384692472));
#1720=CARTESIAN_POINT('',(-4.97367307822073,15.5856406652319,12.0542439053097));
#1721=CARTESIAN_POINT('',(-7.22065414212715,15.5856406652319,10.8532075043811));
#1722=CARTESIAN_POINT('',(-9.1901495167411,15.5856406652319,9.2368844218003));
#1723=CARTESIAN_POINT('',(-10.8064725993219,15.5856406652319,7.26738904718634));
#1724=CARTESIAN_POINT('',(-12.0075090002505,15.5856406652319,5.02040798327991));
#1725=CARTESIAN_POINT('',(-12.747103564188,15.5856406652319,2.58229145224552));
#1726=CARTESIAN_POINT('',(-12.9968340868118,15.5856406652319,0.0467349050592045));
#1727=CARTESIAN_POINT('',(-12.747103564188,15.5856406652319,-2.48882164212707));
#1728=CARTESIAN_POINT('',(-12.0075090002504,15.5856406652319,-4.92693817316154));
#1729=CARTESIAN_POINT('',(-10.8064725993219,15.5856406652319,-7.17391923706796));
#1730=CARTESIAN_POINT('',(-9.19014951674105,15.5856406652319,-9.14341461168191));
#1731=CARTESIAN_POINT('',(-7.22065414212712,15.5856406652319,-10.7597376942627));
#1732=CARTESIAN_POINT('',(-4.97367307822075,15.5856406652319,-11.9607740951912));
#1733=CARTESIAN_POINT('',(-2.53555654718628,15.5856406652319,-12.7003686591288));
#1734=CARTESIAN_POINT('',(1.5723868166367E-14,15.5856406652319,-12.9500991817525));
#1735=CARTESIAN_POINT('',(2.53555654718632,15.5856406652319,-12.7003686591288));
#1736=CARTESIAN_POINT('',(4.97367307822069,15.5856406652319,-11.9607740951913));
#1737=CARTESIAN_POINT('',(7.22065414212717,15.5856406652319,-10.7597376942627));
#1738=CARTESIAN_POINT('',(9.19014951674112,15.5856406652319,-9.14341461168185));
#1739=CARTESIAN_POINT('',(10.8064725993219,15.5856406652319,-7.17391923706789));
#1740=CARTESIAN_POINT('',(12.0075090002504,15.5856406652319,-4.92693817316152));
#1741=CARTESIAN_POINT('',(12.747103564188,15.5856406652319,-2.48882164212708));
#1742=CARTESIAN_POINT('',(12.9968340868118,15.5856406652319,0.0467349050592585));
#1743=CARTESIAN_POINT('',(12.747103564188,15.5856406652319,2.58229145224557));
#1744=CARTESIAN_POINT('',(12.0075090002504,15.5856406652319,5.02040798327996));
#1745=CARTESIAN_POINT('',(10.8064725993219,15.5856406652319,7.26738904718639));
#1746=CARTESIAN_POINT('',(9.19014951674112,15.5856406652319,9.23688442180029));
#1747=CARTESIAN_POINT('',(7.22065414212711,15.5856406652319,10.8532075043811));
#1748=CARTESIAN_POINT('',(4.97367307822069,15.5856406652319,12.0542439053097));
#1749=CARTESIAN_POINT('',(2.53555654718623,15.5856406652319,12.7938384692472));
#1750=CARTESIAN_POINT('',(2.2401153548047E-14,15.5856406652319,13.043568991871));
#1751=CARTESIAN_POINT('',(-2.53555654718632,15.5856406652319,12.7938384692472));
#1752=CARTESIAN_POINT('',(2.63094093677999,11.8062478162024,13.2733681779843));
#1753=CARTESIAN_POINT('',(2.62940369390185E-14,11.8062478162024,13.5324932429975));
#1754=CARTESIAN_POINT('',(-2.63094093678009,11.8062478162024,13.2733681779843));
#1755=CARTESIAN_POINT('',(-5.16077628880836,11.8062478162024,12.5059510138738));
#1756=CARTESIAN_POINT('',(-7.49228590225444,11.8062478162024,11.2597331619106));
#1757=CARTESIAN_POINT('',(-9.5358711701992,11.8062478162024,9.5826060752584));
#1758=CARTESIAN_POINT('',(-11.2129982568514,11.8062478162024,7.53902080731364));
#1759=CARTESIAN_POINT('',(-12.4592161088147,11.8062478162024,5.20751119386752));
#1760=CARTESIAN_POINT('',(-13.2266332729251,11.8062478162024,2.67767584183929));
#1761=CARTESIAN_POINT('',(-13.4857583379383,11.8062478162024,0.0467349050591949));
#1762=CARTESIAN_POINT('',(-13.2266332729251,11.8062478162024,-2.58420603172083));
#1763=CARTESIAN_POINT('',(-12.4592161088146,11.8062478162024,-5.11404138374918));
#1764=CARTESIAN_POINT('',(-11.2129982568514,11.8062478162024,-7.44555099719524));
#1765=CARTESIAN_POINT('',(-9.53587117019915,11.8062478162024,-9.48913626514001));
#1766=CARTESIAN_POINT('',(-7.49228590225443,11.8062478162024,-11.1662633517922));
#1767=CARTESIAN_POINT('',(-5.16077628880837,11.8062478162024,-12.4124812037554));
#1768=CARTESIAN_POINT('',(-2.63094093678004,11.8062478162024,-13.1798983678659));
#1769=CARTESIAN_POINT('',(2.21539945400044E-14,11.8062478162024,-13.4390234328791));
#1770=CARTESIAN_POINT('',(2.63094093678007,11.8062478162024,-13.1798983678659));
#1771=CARTESIAN_POINT('',(5.16077628880832,11.8062478162024,-12.4124812037554));
#1772=CARTESIAN_POINT('',(7.49228590225446,11.8062478162024,-11.1662633517921));
#1773=CARTESIAN_POINT('',(9.53587117019923,11.8062478162024,-9.48913626513999));
#1774=CARTESIAN_POINT('',(11.2129982568514,11.8062478162024,-7.44555099719517));
#1775=CARTESIAN_POINT('',(12.4592161088146,11.8062478162024,-5.11404138374917));
#1776=CARTESIAN_POINT('',(13.2266332729251,11.8062478162024,-2.58420603172084));
#1777=CARTESIAN_POINT('',(13.4857583379383,11.8062478162024,0.0467349050592632));
#1778=CARTESIAN_POINT('',(13.2266332729251,11.8062478162024,2.67767584183933));
#1779=CARTESIAN_POINT('',(12.4592161088146,11.8062478162024,5.20751119386759));
#1780=CARTESIAN_POINT('',(11.2129982568514,11.8062478162024,7.53902080731368));
#1781=CARTESIAN_POINT('',(9.53587117019922,11.8062478162024,9.58260607525838));
#1782=CARTESIAN_POINT('',(7.4922859022544,11.8062478162024,11.2597331619106));
#1783=CARTESIAN_POINT('',(5.1607762888083,11.8062478162024,12.5059510138739));
#1784=CARTESIAN_POINT('',(2.63094093677999,11.8062478162024,13.2733681779843));
#1785=CARTESIAN_POINT('',(2.62940369390185E-14,11.8062478162024,13.5324932429975));
#1786=CARTESIAN_POINT('',(-2.63094093678009,11.8062478162024,13.2733681779843));
#1787=CARTESIAN_POINT('',(2.73888099955154,6.09156758816369,13.8160195183383));
#1788=CARTESIAN_POINT('',(3.02552165298317E-14,6.09156758816369,14.0857757516124));
#1789=CARTESIAN_POINT('',(-2.73888099955165,6.09156758816368,13.8160195183383));
#1790=CARTESIAN_POINT('',(-5.37250833827265,6.0915675881637,13.0171173992796));
#1791=CARTESIAN_POINT('',(-7.79967319449126,6.09156758816368,11.7197707548424));
#1792=CARTESIAN_POINT('',(-9.92710098395267,6.0915675881637,9.97383588901186));
#1793=CARTESIAN_POINT('',(-11.6730358497832,6.09156758816368,7.84640809955045));
#1794=CARTESIAN_POINT('',(-12.9703824942204,6.09156758816368,5.41924324333183));
#1795=CARTESIAN_POINT('',(-13.7692846132791,6.09156758816368,2.78561590461085));
#1796=CARTESIAN_POINT('',(-14.0390408465531,6.09156758816369,0.0467349050591945));
#1797=CARTESIAN_POINT('',(-13.7692846132791,6.09156758816368,-2.69214609449238));
#1798=CARTESIAN_POINT('',(-12.9703824942204,6.09156758816369,-5.32577343321349));
#1799=CARTESIAN_POINT('',(-11.6730358497832,6.09156758816369,-7.75293828943206));
#1800=CARTESIAN_POINT('',(-9.9271009839526,6.09156758816369,-9.88036607889347));
#1801=CARTESIAN_POINT('',(-7.79967319449124,6.09156758816368,-11.626300944724));
#1802=CARTESIAN_POINT('',(-5.37250833827268,6.09156758816369,-12.9236475891612));
#1803=CARTESIAN_POINT('',(-2.73888099955159,6.09156758816369,-13.7225497082199));
#1804=CARTESIAN_POINT('',(1.7676509822882E-14,6.09156758816368,-13.9923059414939));
#1805=CARTESIAN_POINT('',(2.73888099955164,6.09156758816368,-13.7225497082199));
#1806=CARTESIAN_POINT('',(5.3725083382726,6.0915675881637,-12.9236475891612));
#1807=CARTESIAN_POINT('',(7.79967319449129,6.09156758816368,-11.6263009447239));
#1808=CARTESIAN_POINT('',(9.9271009839527,6.09156758816369,-9.88036607889345));
#1809=CARTESIAN_POINT('',(11.6730358497832,6.0915675881637,-7.75293828943198));
#1810=CARTESIAN_POINT('',(12.9703824942204,6.09156758816368,-5.32577343321347));
#1811=CARTESIAN_POINT('',(13.7692846132791,6.0915675881637,-2.69214609449242));
#1812=CARTESIAN_POINT('',(14.0390408465532,6.09156758816368,0.0467349050592678));
#1813=CARTESIAN_POINT('',(13.769284613279,6.09156758816368,2.78561590461089));
#1814=CARTESIAN_POINT('',(12.9703824942204,6.09156758816369,5.4192432433319));
#1815=CARTESIAN_POINT('',(11.6730358497831,6.0915675881637,7.8464080995505));
#1816=CARTESIAN_POINT('',(9.9271009839527,6.09156758816367,9.97383588901184));
#1817=CARTESIAN_POINT('',(7.79967319449122,6.09156758816369,11.7197707548424));
#1818=CARTESIAN_POINT('',(5.37250833827262,6.09156758816368,13.0171173992796));
#1819=CARTESIAN_POINT('',(2.73888099955154,6.09156758816369,13.8160195183383));
#1820=CARTESIAN_POINT('',(3.02552165298317E-14,6.09156758816369,14.0857757516124));
#1821=CARTESIAN_POINT('',(-2.73888099955165,6.09156758816368,13.8160195183383));
#1822=CARTESIAN_POINT('',(2.77341250948762,1.60387713945553,13.9896211419626));
#1823=CARTESIAN_POINT('',(2.59525559398105E-14,1.60387713945553,14.2627784321103));
#1824=CARTESIAN_POINT('',(-2.77341250948772,1.60387713945553,13.9896211419626));
#1825=CARTESIAN_POINT('',(-5.44024433158345,1.60387713945553,13.1806465529913));
#1826=CARTESIAN_POINT('',(-7.89801061494062,1.60387713945553,11.8669431049726));
#1827=CARTESIAN_POINT('',(-10.052260779621,1.60387713945552,10.0989956846802));
#1828=CARTESIAN_POINT('',(-11.8202081999134,1.60387713945553,7.94474551999981));
#1829=CARTESIAN_POINT('',(-13.1339116479321,1.60387713945553,5.48697923664262));
#1830=CARTESIAN_POINT('',(-13.9428862369034,1.60387713945553,2.8201474145469));
#1831=CARTESIAN_POINT('',(-14.2160435270511,1.60387713945553,0.0467349050591983));
#1832=CARTESIAN_POINT('',(-13.9428862369034,1.60387713945553,-2.72667760442846));
#1833=CARTESIAN_POINT('',(-13.1339116479321,1.60387713945553,-5.39350942652427));
#1834=CARTESIAN_POINT('',(-11.8202081999133,1.60387713945553,-7.85127570988143));
#1835=CARTESIAN_POINT('',(-10.0522607796209,1.60387713945553,-10.0055258745618));
#1836=CARTESIAN_POINT('',(-7.89801061494059,1.60387713945553,-11.7734732948541));
#1837=CARTESIAN_POINT('',(-5.44024433158348,1.60387713945552,-13.0871767428729));
#1838=CARTESIAN_POINT('',(-2.77341250948766,1.60387713945553,-13.8961513318442));
#1839=CARTESIAN_POINT('',(2.1611836043682E-14,1.60387713945552,-14.1693086219919));
#1840=CARTESIAN_POINT('',(2.77341250948771,1.60387713945553,-13.8961513318442));
#1841=CARTESIAN_POINT('',(5.44024433158339,1.60387713945553,-13.0871767428729));
#1842=CARTESIAN_POINT('',(7.89801061494065,1.60387713945553,-11.7734732948541));
#1843=CARTESIAN_POINT('',(10.052260779621,1.60387713945553,-10.0055258745617));
#1844=CARTESIAN_POINT('',(11.8202081999134,1.60387713945552,-7.85127570988135));
#1845=CARTESIAN_POINT('',(13.1339116479321,1.60387713945553,-5.39350942652425));
#1846=CARTESIAN_POINT('',(13.9428862369034,1.60387713945552,-2.72667760442847));
#1847=CARTESIAN_POINT('',(14.2160435270511,1.60387713945554,0.0467349050592684));
#1848=CARTESIAN_POINT('',(13.9428862369034,1.60387713945553,2.82014741454696));
#1849=CARTESIAN_POINT('',(13.1339116479321,1.60387713945553,5.48697923664269));
#1850=CARTESIAN_POINT('',(11.8202081999133,1.60387713945553,7.94474551999987));
#1851=CARTESIAN_POINT('',(10.052260779621,1.60387713945553,10.0989956846802));
#1852=CARTESIAN_POINT('',(7.89801061494058,1.60387713945553,11.8669431049726));
#1853=CARTESIAN_POINT('',(5.44024433158339,1.60387713945553,13.1806465529913));
#1854=CARTESIAN_POINT('',(2.77341250948762,1.60387713945553,13.9896211419626));
#1855=CARTESIAN_POINT('',(2.59525559398105E-14,1.60387713945553,14.2627784321103));
#1856=CARTESIAN_POINT('',(-2.77341250948772,1.60387713945553,13.9896211419626));
#1857=CARTESIAN_POINT('',(2.7734142575727,-1.50000000298583,13.9896299301798));
#1858=CARTESIAN_POINT('',(2.6908702737593E-14,-1.50000000298583,14.2627873924989));
#1859=CARTESIAN_POINT('',(-2.7734142575728,-1.50000000298583,13.9896299301798));
#1860=CARTESIAN_POINT('',(-5.4402477605757,-1.50000000298583,13.1806548313109));
#1861=CARTESIAN_POINT('',(-7.89801559306577,-1.50000000298583,11.8669505552633));
#1862=CARTESIAN_POINT('',(-10.0522671155725,-1.50000000298582,10.0990020206317));
#1863=CARTESIAN_POINT('',(-11.8202156502041,-1.50000000298583,7.94475049812497));
#1864=CARTESIAN_POINT('',(-13.1339199262517,-1.50000000298583,5.48698266563487));
#1865=CARTESIAN_POINT('',(-13.9428950251206,-1.50000000298583,2.820149162632));
#1866=CARTESIAN_POINT('',(-14.2160524874397,-1.50000000298583,0.0467349050591969));
#1867=CARTESIAN_POINT('',(-13.9428950251206,-1.50000000298583,-2.72667935251355));
#1868=CARTESIAN_POINT('',(-13.1339199262517,-1.50000000298583,-5.39351285551652));
#1869=CARTESIAN_POINT('',(-11.8202156502041,-1.50000000298583,-7.85128068800659));
#1870=CARTESIAN_POINT('',(-10.0522671155724,-1.50000000298582,-10.0055322105133));
#1871=CARTESIAN_POINT('',(-7.89801559306576,-1.50000000298583,-11.7734807451449));
#1872=CARTESIAN_POINT('',(-5.44024776057573,-1.50000000298583,-13.0871850211925));
#1873=CARTESIAN_POINT('',(-2.77341425757275,-1.50000000298583,-13.8961601200614));
#1874=CARTESIAN_POINT('',(2.09434202981113E-14,-1.50000000298583,-14.1693175823805));
#1875=CARTESIAN_POINT('',(2.77341425757279,-1.50000000298583,-13.8961601200614));
#1876=CARTESIAN_POINT('',(5.44024776057566,-1.50000000298583,-13.0871850211925));
#1877=CARTESIAN_POINT('',(7.8980155930658,-1.50000000298583,-11.7734807451449));
#1878=CARTESIAN_POINT('',(10.0522671155725,-1.50000000298583,-10.0055322105133));
#1879=CARTESIAN_POINT('',(11.8202156502041,-1.50000000298583,-7.85128068800651));
#1880=CARTESIAN_POINT('',(13.1339199262517,-1.50000000298583,-5.3935128555165));
#1881=CARTESIAN_POINT('',(13.9428950251206,-1.50000000298583,-2.72667935251356));
#1882=CARTESIAN_POINT('',(14.2160524874397,-1.50000000298583,0.046734905059266));
#1883=CARTESIAN_POINT('',(13.9428950251206,-1.50000000298583,2.82014916263206));
#1884=CARTESIAN_POINT('',(13.1339199262517,-1.50000000298583,5.48698266563494));
#1885=CARTESIAN_POINT('',(11.8202156502041,-1.50000000298583,7.94475049812502));
#1886=CARTESIAN_POINT('',(10.0522671155725,-1.50000000298583,10.0990020206317));
#1887=CARTESIAN_POINT('',(7.89801559306574,-1.50000000298583,11.8669505552634));
#1888=CARTESIAN_POINT('',(5.44024776057565,-1.50000000298583,13.1806548313109));
#1889=CARTESIAN_POINT('',(2.7734142575727,-1.50000000298583,13.9896299301798));
#1890=CARTESIAN_POINT('',(2.6908702737593E-14,-1.50000000298583,14.2627873924989));
#1891=CARTESIAN_POINT('',(-2.7734142575728,-1.50000000298583,13.9896299301798));
#1892=CARTESIAN_POINT('',(-0.867613912769547,36.4999999969731,8.80157015807237));
#1893=CARTESIAN_POINT('',(0.000384211102683998,36.4999999969731,8.84462653850685));
#1894=CARTESIAN_POINT('',(0.866077068358815,36.4999999969731,8.80154357353838));
#1895=CARTESIAN_POINT('',(1.71440720834344,36.4999999969731,8.67550362651419));
#1896=CARTESIAN_POINT('',(2.54927488737088,36.4999999969731,8.46711589743589));
#1897=CARTESIAN_POINT('',(3.64428337773979,36.4999999969731,8.07506621280189));
#1898=CARTESIAN_POINT('',(4.65016349296471,36.499999996973,7.53712836248441));
#1899=CARTESIAN_POINT('',(5.58164120893773,36.4999999969731,6.847277883321));
#1900=CARTESIAN_POINT('',(6.22223967478881,36.4999999969731,6.2661366258795));
#1901=CARTESIAN_POINT('',(6.79801811363245,36.4999999969731,5.63073331937827));
#1902=CARTESIAN_POINT('',(7.31226525930535,36.4999999969731,4.93892349784469));
#1903=CARTESIAN_POINT('',(7.76029835601029,36.4999999969731,4.1912730837702));
#1904=CARTESIAN_POINT('',(8.12702485566007,36.4999999969731,3.41506563749413));
#1905=CARTESIAN_POINT('',(8.41679911500516,36.4999999969731,2.60730749299613));
#1906=CARTESIAN_POINT('',(8.62897328884109,36.4999999969731,1.76244495453201));
#1907=CARTESIAN_POINT('',(8.75506947438326,36.4999999969731,0.908888181035292));
#1908=CARTESIAN_POINT('',(8.79753499670761,36.4999999969731,0.0524792359325582));
#1909=CARTESIAN_POINT('',(8.75599353383837,36.4999999969731,-0.810401026067078));
#1910=CARTESIAN_POINT('',(8.58555078375797,36.4999999969731,-1.95811797656996));
#1911=CARTESIAN_POINT('',(8.25517236469309,36.4999999969731,-3.04942428492129));
#1912=CARTESIAN_POINT('',(7.75881733984025,36.4999999969731,-4.10086530724003));
#1913=CARTESIAN_POINT('',(7.31580501516325,36.4999999969731,-4.83938320904773));
#1914=CARTESIAN_POINT('',(6.80541279805364,36.4999999969731,-5.52844702670807));
#1915=CARTESIAN_POINT('',(6.22452786923941,36.4999999969731,-6.17084463670682));
#1916=CARTESIAN_POINT('',(5.58103929560863,36.4999999969731,-6.75395809465855));
#1917=CARTESIAN_POINT('',(4.89230960319659,36.4999999969731,-7.26490166387571));
#1918=CARTESIAN_POINT('',(4.15525261493157,36.4999999969731,-7.70789190494737));
#1919=CARTESIAN_POINT('',(3.36691878506789,36.4999999969731,-8.08136809494501));
#1920=CARTESIAN_POINT('',(2.5572214028632,36.4999999969731,-8.37071213839835));
#1921=CARTESIAN_POINT('',(1.72562166575787,36.4999999969731,-8.58005917642879));
#1922=CARTESIAN_POINT('',(0.866650296689886,36.4999999969731,-8.70826923419838));
#1923=CARTESIAN_POINT('',(0.00173472218365929,36.4999999969731,-8.75088013520202));
#1924=CARTESIAN_POINT('',(-0.854733331172083,36.4999999969732,-8.70900786540506));
#1925=CARTESIAN_POINT('',(-1.7068561500716,36.4999999969731,-8.58398062046168));
#1926=CARTESIAN_POINT('',(-2.55281292716694,36.4999999969731,-8.3724643098766));
#1927=CARTESIAN_POINT('',(-3.36147470751055,36.4999999969731,-8.08313305341696));
#1928=CARTESIAN_POINT('',(-4.13746415119902,36.4999999969731,-7.71728390301997));
#1929=CARTESIAN_POINT('',(-4.88456091639763,36.4999999969731,-7.27064127075756));
#1930=CARTESIAN_POINT('',(-5.57827281000446,36.4999999969731,-6.7560529915433));
#1931=CARTESIAN_POINT('',(-6.21408142557094,36.4999999969731,-6.18073123590029));
#1932=CARTESIAN_POINT('',(-6.79455634121687,36.4999999969731,-5.54218905697303));
#1933=CARTESIAN_POINT('',(-7.48664299248857,36.4999999969731,-4.6096894669877));
#1934=CARTESIAN_POINT('',(-8.02492627313491,36.4999999969731,-3.60480933785687));
#1935=CARTESIAN_POINT('',(-8.41781555702443,36.4999999969731,-2.51106661266984));
#1936=CARTESIAN_POINT('',(-8.6273582572474,36.4999999969731,-1.67497076663661));
#1937=CARTESIAN_POINT('',(-8.75399951073115,36.4999999969731,-0.826885601643116));
#1938=CARTESIAN_POINT('',(-8.79789253387019,36.4999999969731,0.0369867414570739));
#1939=CARTESIAN_POINT('',(-8.75561305143356,36.4999999969731,0.905348032601591));
#1940=CARTESIAN_POINT('',(-8.63020207836235,36.4999999969731,1.7538059960628));
#1941=CARTESIAN_POINT('',(-8.42276777009913,36.4999999969731,2.58780966197893));
#1942=CARTESIAN_POINT('',(-8.12987120162406,36.4999999969731,3.40943906191982));
#1943=CARTESIAN_POINT('',(-7.76200151403507,36.4999999969731,4.18723562886136));
#1944=CARTESIAN_POINT('',(-7.17591130346413,36.4999999969731,5.16900285257571));
#1945=CARTESIAN_POINT('',(-6.43657084618879,36.4999999969731,6.07183138812886));
#1946=CARTESIAN_POINT('',(-5.58969006909976,36.4999999969731,6.83995340102938));
#1947=CARTESIAN_POINT('',(-4.89956550471835,36.4999999969731,7.35405426109421));
#1948=CARTESIAN_POINT('',(-4.15182847118291,36.4999999969731,7.80317047674611));
#1949=CARTESIAN_POINT('',(-3.37522908034359,36.4999999969731,8.17091876933632));
#1950=CARTESIAN_POINT('',(-2.56796766304782,36.499999996973,8.46121597027329));
#1951=CARTESIAN_POINT('',(-1.72533810658768,36.4999999969731,8.67378411995398));
#1952=CARTESIAN_POINT('',(-0.867613912769547,36.4999999969731,8.80157015807237));
#1953=CARTESIAN_POINT('',(0.000384211102683998,36.4999999969731,8.84462653850685));
#1954=CARTESIAN_POINT('',(0.866077068358815,36.4999999969731,8.80154357353838));
#1955=CARTESIAN_POINT('',(-2.40357834055743E-14,36.4999999969731,8.83026998093968));
#1956=CARTESIAN_POINT('',(9.36704502341751,30.5624999969731,4.04673490511042));
#1957=CARTESIAN_POINT('',(9.28351518330887,30.5624999969731,4.24232524105511));
#1958=CARTESIAN_POINT('',(9.15631991503935,30.534647546661,4.52983741214855));
#1959=CARTESIAN_POINT('',(8.98402142370306,30.4454875284122,4.90158465422841));
#1960=CARTESIAN_POINT('',(8.85314274402034,30.3515037789453,5.17632958319894));
#1961=CARTESIAN_POINT('',(8.7244864283509,30.2320791392696,5.44047458507383));
#1962=CARTESIAN_POINT('',(8.6005535414899,30.0888302025551,5.69130744653028));
#1963=CARTESIAN_POINT('',(8.48235765878509,29.9214093161743,5.92952416475448));
#1964=CARTESIAN_POINT('',(8.33370493379294,29.6613012881281,6.23246322823586));
#1965=CARTESIAN_POINT('',(8.21059179176793,29.3577859701979,6.49666868546249));
#1966=CARTESIAN_POINT('',(8.12388869334608,29.004794893074,6.72024433315949));
#1967=CARTESIAN_POINT('',(8.08302231300494,28.723722941746,6.85988099229646));
#1968=CARTESIAN_POINT('',(8.06821837283053,28.4308550853044,6.97008570234494));
#1969=CARTESIAN_POINT('',(8.08640046464518,28.017720898592,7.07826594348506));
#1970=CARTESIAN_POINT('',(8.14326582509188,27.70632526598,7.10923490511043));
#1971=CARTESIAN_POINT('',(8.19824544904487,27.4999999969731,7.10923490511043));
#1972=CARTESIAN_POINT('',(9.36704502341751,30.5624999969731,4.04673490511042));
#1973=CARTESIAN_POINT('',(8.19824544904488,27.4999999969731,7.10923490511042));
#1974=CARTESIAN_POINT('',(8.19824544908893,27.4999999969731,7.10923490505928));
#1975=CARTESIAN_POINT('',(8.72257503265923,25.5323175247995,7.10923490505928));
#1976=CARTESIAN_POINT('',(9.68170059448713,21.5823514625795,7.1092349050593));
#1977=CARTESIAN_POINT('',(10.8448391241739,15.612465774926,7.10923490505926));
#1978=CARTESIAN_POINT('',(11.689762374005,9.59068561933633,7.10923490505929));
#1979=CARTESIAN_POINT('',(12.0129566835993,5.53701204818201,7.10923490505928));
#1980=CARTESIAN_POINT('',(12.1121594227799,3.4999999969731,7.10923490505928));
#1981=CARTESIAN_POINT('',(12.1121594227799,3.4999999969731,7.10923490505928));
#1982=CARTESIAN_POINT('',(12.1121594227799,3.4999999969731,7.10923490505928));
#1983=CARTESIAN_POINT('',(12.122464534178,3.28839660492241,7.10923490506281));
#1984=CARTESIAN_POINT('',(12.1663337881112,2.87586701578598,7.06644014102827));
#1985=CARTESIAN_POINT('',(12.2969130711305,2.28066230332104,6.87827217411081));
#1986=CARTESIAN_POINT('',(12.4438154323533,1.84111640315101,6.63460974335662));
#1987=CARTESIAN_POINT('',(12.5783214553122,1.52226364918481,6.39134233626229));
#1988=CARTESIAN_POINT('',(12.6835844954218,1.30633598647269,6.1904141544835));
#1989=CARTESIAN_POINT('',(12.7928757962027,1.1107789998888,5.9702537204723));
#1990=CARTESIAN_POINT('',(12.9429757982385,0.877811596357138,5.65002988733513));
#1991=CARTESIAN_POINT('',(13.1276066475461,0.650760717729374,5.22000976625133));
#1992=CARTESIAN_POINT('',(13.3428864014026,0.476997938944668,4.64656695482652));
#1993=CARTESIAN_POINT('',(13.470708950294,0.43749999692195,4.2495422387441));
#1994=CARTESIAN_POINT('',(13.5306664118799,0.43749999692195,4.04673490505928));
#1995=CARTESIAN_POINT('',(13.5306664118791,0.437499996921952,4.04673490505928));
#1996=CARTESIAN_POINT('',(13.5306664118791,0.4374999969731,4.04673490505928));
#1997=CARTESIAN_POINT('',(13.7237515115275,0.437499996973099,3.39362062706629));
#1998=CARTESIAN_POINT('',(14.0110288179578,0.4374999969731,2.07511820006001));
#1999=CARTESIAN_POINT('',(14.1337000991585,0.437499996973093,0.401144744149708));
#2000=CARTESIAN_POINT('',(14.085886641228,0.437499996973092,-0.960419417737376));
#2001=CARTESIAN_POINT('',(13.9403571222645,0.437499996973089,-2.30823092983394));
#2002=CARTESIAN_POINT('',(13.7237548050135,0.437499996973093,-3.30013967667353));
#2003=CARTESIAN_POINT('',(13.530666411864,0.437499996973092,-3.9532650949919));
#2004=CARTESIAN_POINT('',(13.530666411864,0.437499996973091,-3.9532650949919));
#2005=CARTESIAN_POINT('',(13.530666411864,0.437499996973085,-3.9532650949919));
#2006=CARTESIAN_POINT('',(13.4706311110617,0.437499996973085,-4.15633572140706));
#2007=CARTESIAN_POINT('',(13.3747623009365,0.46751720176948,-4.45375873682105));
#2008=CARTESIAN_POINT('',(13.2366363740448,0.562521608793135,-4.8363295737047));
#2009=CARTESIAN_POINT('',(13.0910225756871,0.695802320751974,-5.2116952609788));
#2010=CARTESIAN_POINT('',(12.9059914139537,0.923126484438955,-5.64279454935914));
#2011=CARTESIAN_POINT('',(12.681111306094,1.29683214107582,-6.10763125640754));
#2012=CARTESIAN_POINT('',(12.4754926893439,1.7471756941234,-6.48834075752372));
#2013=CARTESIAN_POINT('',(12.2963609780347,2.28315216053879,-6.78566923575766));
#2014=CARTESIAN_POINT('',(12.1681571996557,2.86496349090282,-6.97057337799622));
#2015=CARTESIAN_POINT('',(12.1224814007692,3.28805026866026,-7.01576509499191));
#2016=CARTESIAN_POINT('',(12.1121594227501,3.49999999697308,-7.01576509499191));
#2017=CARTESIAN_POINT('',(12.1121594227799,3.49999999697308,-7.0157650949919));
#2018=CARTESIAN_POINT('',(12.1121594227799,3.49999999697308,-7.01576509494075));
#2019=CARTESIAN_POINT('',(12.0129566835994,5.53701204818199,-7.01576509494075));
#2020=CARTESIAN_POINT('',(11.6897623740051,9.59068561933632,-7.01576509494076));
#2021=CARTESIAN_POINT('',(10.844839124174,15.612465774926,-7.01576509494075));
#2022=CARTESIAN_POINT('',(9.68170059448723,21.5823514625795,-7.01576509494074));
#2023=CARTESIAN_POINT('',(8.7225750326593,25.5323175247995,-7.01576509494076));
#2024=CARTESIAN_POINT('',(8.19824544908901,27.4999999969731,-7.01576509494076));
#2025=CARTESIAN_POINT('',(8.19824544904496,27.4999999969731,-7.01576509494075));
#2026=CARTESIAN_POINT('',(8.19824544904496,27.4999999969731,-7.01576509499189));
#2027=CARTESIAN_POINT('',(8.14346995801075,27.7055592043675,-7.01576509499189));
#2028=CARTESIAN_POINT('',(8.08704037768877,28.0132609177856,-6.98544184626282));
#2029=CARTESIAN_POINT('',(8.06819903394883,28.4263303820271,-6.87805946264308));
#2030=CARTESIAN_POINT('',(8.08737531100454,28.8185946055803,-6.73126682078888));
#2031=CARTESIAN_POINT('',(8.16018472907229,29.1862766072201,-6.52404538736592));
#2032=CARTESIAN_POINT('',(8.27074906635469,29.5056191894808,-6.27426519079114));
#2033=CARTESIAN_POINT('',(8.40328433664724,29.7980634955364,-5.99487427561341));
#2034=CARTESIAN_POINT('',(8.59575369517017,30.0987852661392,-5.60816622379144));
#2035=CARTESIAN_POINT('',(8.8520868337523,30.36396897218,-5.08804312100029));
#2036=CARTESIAN_POINT('',(9.11197825456531,30.5248054269805,-4.53659984344449));
#2037=CARTESIAN_POINT('',(9.28369907634258,30.5624999969731,-4.14842483391656));
#2038=CARTESIAN_POINT('',(9.36704502341754,30.5624999969731,-3.95326509499189));
#2039=CARTESIAN_POINT('',(9.36704502341754,30.5624999969731,-3.95326509499189));
#2040=CARTESIAN_POINT('',(9.36704502341754,30.5624999969731,-3.95326509499189));
#2041=CARTESIAN_POINT('',(9.50269655848998,30.5624999969731,-3.6356285559811));
#2042=CARTESIAN_POINT('',(9.7393378299962,30.5624999969731,-2.99203908768553));
#2043=CARTESIAN_POINT('',(9.99440443249527,30.5624999969731,-2.00286581639241));
#2044=CARTESIAN_POINT('',(10.1500639030137,30.5624999969731,-0.989476890363279));
#2045=CARTESIAN_POINT('',(10.2200252964069,30.5624999969731,0.39254584876758));
#2046=CARTESIAN_POINT('',(10.0838906876111,30.5624999969732,1.7435784120104));
#2047=CARTESIAN_POINT('',(9.74100937770446,30.562499996973,3.08189244871296));
#2048=CARTESIAN_POINT('',(9.50269510715589,30.5624999969731,3.72910176448896));
#2049=CARTESIAN_POINT('',(9.36704502341751,30.5624999969731,4.04673490511042));
#2050=CARTESIAN_POINT('',(0.,50.4999999969731,0.0467349050592163));
#2051=CARTESIAN_POINT('',(0.,50.4999999969731,0.0467349050592163));
#2052=CARTESIAN_POINT('',(0.,50.4999999969731,0.0467349050592163));
#2053=CARTESIAN_POINT('',(0.,50.4999999969731,0.0467349050592163));
#2054=CARTESIAN_POINT('',(0.,50.4999999969731,0.0467349050592163));
#2055=CARTESIAN_POINT('',(0.,50.4999999969731,0.0467349050592163));
#2056=CARTESIAN_POINT('',(0.,50.4999999969731,0.0467349050592163));
#2057=CARTESIAN_POINT('',(0.,50.4999999969731,0.0467349050592163));
#2058=CARTESIAN_POINT('',(0.,50.4999999969731,0.0467349050592163));
#2059=CARTESIAN_POINT('',(0.,50.4999999969731,0.0467349050592163));
#2060=CARTESIAN_POINT('',(0.,50.4999999969731,0.0467349050592163));
#2061=CARTESIAN_POINT('',(0.,50.4999999969731,0.0467349050592163));
#2062=CARTESIAN_POINT('',(0.,50.4999999969731,0.0467349050592163));
#2063=CARTESIAN_POINT('',(0.,50.4999999969731,0.0467349050592163));
#2064=CARTESIAN_POINT('',(0.,50.4999999969731,0.0467349050592163));
#2065=CARTESIAN_POINT('',(0.,50.4999999969731,0.0467349050592163));
#2066=CARTESIAN_POINT('',(0.,50.4999999969731,0.0467349050592163));
#2067=CARTESIAN_POINT('',(0.,50.4999999969731,0.0467349050592163));
#2068=CARTESIAN_POINT('',(0.,50.4999999969731,0.0467349050592163));
#2069=CARTESIAN_POINT('',(0.,50.4999999969731,0.0467349050592163));
#2070=CARTESIAN_POINT('',(0.,50.4999999969731,0.0467349050592163));
#2071=CARTESIAN_POINT('',(0.,50.4999999969731,0.0467349050592163));
#2072=CARTESIAN_POINT('',(0.,50.4999999969731,0.0467349050592163));
#2073=CARTESIAN_POINT('',(0.,50.4999999969731,0.0467349050592163));
#2074=CARTESIAN_POINT('',(0.,50.4999999969731,0.0467349050592163));
#2075=CARTESIAN_POINT('',(0.,50.4999999969731,0.0467349050592163));
#2076=CARTESIAN_POINT('',(0.,50.4999999969731,0.0467349050592163));
#2077=CARTESIAN_POINT('',(0.,50.4999999969731,0.0467349050592163));
#2078=CARTESIAN_POINT('',(0.,50.4999999969731,0.0467349050592163));
#2079=CARTESIAN_POINT('',(0.,50.4999999969731,0.0467349050592163));
#2080=CARTESIAN_POINT('',(0.,50.4999999969731,0.0467349050592163));
#2081=CARTESIAN_POINT('',(0.,50.4999999969731,0.0467349050592163));
#2082=CARTESIAN_POINT('',(0.,50.4999999969731,0.0467349050592163));
#2083=CARTESIAN_POINT('',(0.,50.4999999969731,0.0467349050592163));
#2084=CARTESIAN_POINT('',(0.,50.4999999969731,0.0467349050592163));
#2085=CARTESIAN_POINT('',(0.465667176132036,50.5000000030269,2.38780188981455));
#2086=CARTESIAN_POINT('',(1.35738697185193E-15,50.5000000030269,2.43366610348916));
#2087=CARTESIAN_POINT('',(-0.46566717613204,50.5000000030269,2.38780188981455));
#2088=CARTESIAN_POINT('',(-0.913439023834487,50.5000000030269,2.25197178480128));
#2089=CARTESIAN_POINT('',(-1.32610792211348,50.5000000030269,2.03139566321061));
#2090=CARTESIAN_POINT('',(-1.68781523663554,50.5000000030269,1.73455014169476));
#2091=CARTESIAN_POINT('',(-1.98466075815139,50.5000000030269,1.3728428271727));
#2092=CARTESIAN_POINT('',(-2.20523687974206,50.5000000030269,0.960173928893702));
#2093=CARTESIAN_POINT('',(-2.34106698475532,50.5000000030269,0.512402081191256));
#2094=CARTESIAN_POINT('',(-2.38693119842994,50.5000000030269,0.0467349050592172));
#2095=CARTESIAN_POINT('',(-2.34106698475533,50.5000000030269,-0.418932271072824));
#2096=CARTESIAN_POINT('',(-2.20523687974206,50.5000000030269,-0.866704118775268));
#2097=CARTESIAN_POINT('',(-1.98466075815139,50.5000000030269,-1.27937301705426));
#2098=CARTESIAN_POINT('',(-1.68781523663554,50.5000000030269,-1.64108033157632));
#2099=CARTESIAN_POINT('',(-1.32610792211348,50.5000000030269,-1.93792585309217));
#2100=CARTESIAN_POINT('',(-0.913439023834487,50.5000000030269,-2.15850197468284));
#2101=CARTESIAN_POINT('',(-0.465667176132037,50.5000000030269,-2.29433207969611));
#2102=CARTESIAN_POINT('',(-1.30789609363478E-15,50.5000000030269,-2.34019629337072));
#2103=CARTESIAN_POINT('',(0.46566717613204,50.5000000030269,-2.29433207969611));
#2104=CARTESIAN_POINT('',(0.913439023834484,50.5000000030269,-2.15850197468284));
#2105=CARTESIAN_POINT('',(1.32610792211348,50.5000000030269,-1.93792585309217));
#2106=CARTESIAN_POINT('',(1.68781523663554,50.5000000030269,-1.64108033157633));
#2107=CARTESIAN_POINT('',(1.98466075815139,50.5000000030269,-1.27937301705425));
#2108=CARTESIAN_POINT('',(2.20523687974206,50.5000000030269,-0.866704118775274));
#2109=CARTESIAN_POINT('',(2.34106698475533,50.5000000030269,-0.418932271072816));
#2110=CARTESIAN_POINT('',(2.38693119842994,50.5000000030269,0.0467349050592134));
#2111=CARTESIAN_POINT('',(2.34106698475532,50.5000000030269,0.512402081191257));
#2112=CARTESIAN_POINT('',(2.20523687974206,50.5000000030269,0.960173928893701));
#2113=CARTESIAN_POINT('',(1.98466075815139,50.5000000030269,1.3728428271727));
#2114=CARTESIAN_POINT('',(1.68781523663554,50.5000000030269,1.73455014169476));
#2115=CARTESIAN_POINT('',(1.32610792211348,50.5000000030269,2.03139566321061));
#2116=CARTESIAN_POINT('',(0.913439023834482,50.5000000030269,2.25197178480128));
#2117=CARTESIAN_POINT('',(0.465667176132036,50.5000000030269,2.38780188981455));
#2118=CARTESIAN_POINT('',(1.35738697185193E-15,50.5000000030269,2.43366610348916));
#2119=CARTESIAN_POINT('',(-0.46566717613204,50.5000000030269,2.38780188981455));
#2120=CARTESIAN_POINT('',(0.961259558611971,48.0132172334701,4.87931304625268));
#2121=CARTESIAN_POINT('',(2.97289340486993E-15,48.0132172334701,4.97398884917086));
#2122=CARTESIAN_POINT('',(-0.96125955861198,48.0132172334701,4.87931304625268));
#2123=CARTESIAN_POINT('',(-1.88557845146707,48.0132172334701,4.59892397550948));
#2124=CARTESIAN_POINT('',(-2.73743562187686,48.0132172334701,4.14359683168592));
#2125=CARTESIAN_POINT('',(-3.48409467650951,48.0132172334701,3.53082958156873));
#2126=CARTESIAN_POINT('',(-4.0968619266267,48.0132172334701,2.78417052693608));
#2127=CARTESIAN_POINT('',(-4.55218907045026,48.0132172334701,1.93231335652629));
#2128=CARTESIAN_POINT('',(-4.83257814119346,48.0132172334701,1.0079944636712));
#2129=CARTESIAN_POINT('',(-4.92725394411165,48.0132172334701,0.046734905059218));
#2130=CARTESIAN_POINT('',(-4.83257814119346,48.0132172334701,-0.914524653552762));
#2131=CARTESIAN_POINT('',(-4.55218907045026,48.0132172334701,-1.83884354640784));
#2132=CARTESIAN_POINT('',(-4.0968619266267,48.0132172334701,-2.69070071681764));
#2133=CARTESIAN_POINT('',(-3.48409467650951,48.0132172334701,-3.43735977145029));
#2134=CARTESIAN_POINT('',(-2.73743562187686,48.0132172334701,-4.05012702156747));
#2135=CARTESIAN_POINT('',(-1.88557845146707,48.0132172334701,-4.50545416539104));
#2136=CARTESIAN_POINT('',(-0.961259558611973,48.0132172334701,-4.78584323613425));
#2137=CARTESIAN_POINT('',(-3.01789736447391E-15,48.0132172334701,-4.88051903905243));
#2138=CARTESIAN_POINT('',(0.961259558611981,48.0132172334701,-4.78584323613425));
#2139=CARTESIAN_POINT('',(1.88557845146707,48.0132172334701,-4.50545416539104));
#2140=CARTESIAN_POINT('',(2.73743562187687,48.0132172334701,-4.05012702156748));
#2141=CARTESIAN_POINT('',(3.4840946765095,48.0132172334701,-3.43735977145029));
#2142=CARTESIAN_POINT('',(4.0968619266267,48.0132172334701,-2.69070071681763));
#2143=CARTESIAN_POINT('',(4.55218907045026,48.0132172334701,-1.83884354640786));
#2144=CARTESIAN_POINT('',(4.83257814119348,48.0132172334701,-0.914524653552747));
#2145=CARTESIAN_POINT('',(4.92725394411165,48.0132172334701,0.0467349050592085));
#2146=CARTESIAN_POINT('',(4.83257814119346,48.0132172334701,1.0079944636712));
#2147=CARTESIAN_POINT('',(4.55218907045026,48.0132172334701,1.93231335652629));
#2148=CARTESIAN_POINT('',(4.09686192662669,48.0132172334701,2.78417052693609));
#2149=CARTESIAN_POINT('',(3.4840946765095,48.0132172334701,3.53082958156873));
#2150=CARTESIAN_POINT('',(2.73743562187686,48.0132172334701,4.14359683168592));
#2151=CARTESIAN_POINT('',(1.88557845146706,48.0132172334701,4.59892397550949));
#2152=CARTESIAN_POINT('',(0.961259558611971,48.0132172334701,4.87931304625268));
#2153=CARTESIAN_POINT('',(2.97289340486993E-15,48.0132172334701,4.97398884917086));
#2154=CARTESIAN_POINT('',(-0.96125955861198,48.0132172334701,4.87931304625268));
#2155=CARTESIAN_POINT('',(1.41527134464266,42.834200922977,7.16178442805537));
#2156=CARTESIAN_POINT('',(4.37095678986282E-15,42.834200922977,7.3011764889204));
#2157=CARTESIAN_POINT('',(-1.41527134464267,42.834200922977,7.16178442805537));
#2158=CARTESIAN_POINT('',(-2.77615460520403,42.834200922977,6.74896500418733));
#2159=CARTESIAN_POINT('',(-4.03035180117285,42.834200922977,6.07858263626374));
#2160=CARTESIAN_POINT('',(-5.12966483766992,42.834200922977,5.17639974272914));
#2161=CARTESIAN_POINT('',(-6.03184773120452,42.834200922977,4.07708670623207));
#2162=CARTESIAN_POINT('',(-6.70223009912811,42.834200922977,2.82288951026326));
#2163=CARTESIAN_POINT('',(-7.11504952299615,42.834200922977,1.46200624970189));
#2164=CARTESIAN_POINT('',(-7.25444158386119,42.834200922977,0.0467349050592183));
#2165=CARTESIAN_POINT('',(-7.11504952299615,42.834200922977,-1.36853643958345));
#2166=CARTESIAN_POINT('',(-6.70223009912811,42.834200922977,-2.72941970014482));
#2167=CARTESIAN_POINT('',(-6.03184773120452,42.834200922977,-3.98361689611363));
#2168=CARTESIAN_POINT('',(-5.12966483766992,42.834200922977,-5.0829299326107));
#2169=CARTESIAN_POINT('',(-4.03035180117285,42.834200922977,-5.9851128261453));
#2170=CARTESIAN_POINT('',(-2.77615460520404,42.834200922977,-6.65549519406889));
#2171=CARTESIAN_POINT('',(-1.41527134464266,42.834200922977,-7.06831461793693));
#2172=CARTESIAN_POINT('',(-3.70780141431858E-15,42.834200922977,-7.20770667880197));
#2173=CARTESIAN_POINT('',(1.41527134464267,42.834200922977,-7.06831461793692));
#2174=CARTESIAN_POINT('',(2.77615460520403,42.834200922977,-6.6554951940689));
#2175=CARTESIAN_POINT('',(4.03035180117286,42.834200922977,-5.98511282614529));
#2176=CARTESIAN_POINT('',(5.12966483766992,42.834200922977,-5.08292993261071));
#2177=CARTESIAN_POINT('',(6.03184773120453,42.834200922977,-3.98361689611362));
#2178=CARTESIAN_POINT('',(6.7022300991281,42.834200922977,-2.72941970014483));
#2179=CARTESIAN_POINT('',(7.11504952299615,42.834200922977,-1.36853643958343));
#2180=CARTESIAN_POINT('',(7.25444158386119,42.834200922977,0.0467349050592101));
#2181=CARTESIAN_POINT('',(7.11504952299615,42.834200922977,1.46200624970189));
#2182=CARTESIAN_POINT('',(6.70223009912811,42.834200922977,2.82288951026325));
#2183=CARTESIAN_POINT('',(6.03184773120452,42.834200922977,4.07708670623207));
#2184=CARTESIAN_POINT('',(5.12966483766992,42.834200922977,5.17639974272915));
#2185=CARTESIAN_POINT('',(4.03035180117285,42.834200922977,6.07858263626374));
#2186=CARTESIAN_POINT('',(2.77615460520403,42.834200922977,6.74896500418733));
#2187=CARTESIAN_POINT('',(1.41527134464266,42.834200922977,7.16178442805537));
#2188=CARTESIAN_POINT('',(4.37095678986282E-15,42.834200922977,7.3011764889204));
#2189=CARTESIAN_POINT('',(-1.41527134464267,42.834200922977,7.16178442805537));
#2190=CARTESIAN_POINT('',(1.62027795673579,39.7847721035888,8.19242226517811));
#2191=CARTESIAN_POINT('',(4.71243778907085E-15,39.7847721035888,8.35200571496569));
#2192=CARTESIAN_POINT('',(-1.6202779567358,39.7847721035888,8.1924222651781));
#2193=CARTESIAN_POINT('',(-3.1782895402566,39.7847721035888,7.71980461829524));
#2194=CARTESIAN_POINT('',(-4.61416123915064,39.7847721035888,6.9523152054398));
#2195=CARTESIAN_POINT('',(-5.87271330927556,39.7847721035888,5.91944821433477));
#2196=CARTESIAN_POINT('',(-6.90558030038058,39.7847721035888,4.66089614420986));
#2197=CARTESIAN_POINT('',(-7.67306971323603,39.7847721035888,3.22502444531582));
#2198=CARTESIAN_POINT('',(-8.14568736011888,39.7847721035888,1.66701286179502));
#2199=CARTESIAN_POINT('',(-8.30527080990647,39.7847721035888,0.0467349050592187));
#2200=CARTESIAN_POINT('',(-8.14568736011888,39.7847721035888,-1.57354305167659));
#2201=CARTESIAN_POINT('',(-7.67306971323602,39.7847721035888,-3.13155463519737));
#2202=CARTESIAN_POINT('',(-6.90558030038058,39.7847721035888,-4.56742633409142));
#2203=CARTESIAN_POINT('',(-5.87271330927556,39.7847721035888,-5.82597840421633));
#2204=CARTESIAN_POINT('',(-4.61416123915064,39.7847721035888,-6.85884539532136));
#2205=CARTESIAN_POINT('',(-3.1782895402566,39.7847721035888,-7.6263348081768));
#2206=CARTESIAN_POINT('',(-1.62027795673579,39.7847721035888,-8.09895245505967));
#2207=CARTESIAN_POINT('',(-4.76905674607521E-15,39.7847721035888,-8.25853590484725));
#2208=CARTESIAN_POINT('',(1.62027795673581,39.7847721035888,-8.09895245505967));
#2209=CARTESIAN_POINT('',(3.17828954025659,39.7847721035888,-7.6263348081768));
#2210=CARTESIAN_POINT('',(4.61416123915065,39.7847721035888,-6.85884539532135));
#2211=CARTESIAN_POINT('',(5.87271330927555,39.7847721035888,-5.82597840421634));
#2212=CARTESIAN_POINT('',(6.90558030038059,39.7847721035888,-4.5674263340914));
#2213=CARTESIAN_POINT('',(7.67306971323602,39.7847721035888,-3.13155463519739));
#2214=CARTESIAN_POINT('',(8.1456873601189,39.7847721035888,-1.57354305167656));
#2215=CARTESIAN_POINT('',(8.30527080990647,39.7847721035888,0.0467349050592065));
#2216=CARTESIAN_POINT('',(8.14568736011888,39.7847721035888,1.66701286179503));
#2217=CARTESIAN_POINT('',(7.67306971323603,39.7847721035888,3.22502444531581));
#2218=CARTESIAN_POINT('',(6.90558030038057,39.7847721035888,4.66089614420987));
#2219=CARTESIAN_POINT('',(5.87271330927555,39.7847721035888,5.91944821433478));
#2220=CARTESIAN_POINT('',(4.61416123915064,39.7847721035888,6.9523152054398));
#2221=CARTESIAN_POINT('',(3.17828954025658,39.7847721035888,7.71980461829525));
#2222=CARTESIAN_POINT('',(1.62027795673579,39.7847721035888,8.19242226517811));
#2223=CARTESIAN_POINT('',(4.71243778907085E-15,39.7847721035888,8.35200571496569));
#2224=CARTESIAN_POINT('',(-1.6202779567358,39.7847721035888,8.1924222651781));
#2225=CARTESIAN_POINT('',(1.76721855453056,37.1816133815241,8.93114253546833));
#2226=CARTESIAN_POINT('',(5.63443648693254E-15,37.1816133815241,9.10519837094286));
#2227=CARTESIAN_POINT('',(-1.76721855453057,37.1816133815241,8.93114253546832));
#2228=CARTESIAN_POINT('',(-3.46652389107812,37.1816133815241,8.41566389719037));
#2229=CARTESIAN_POINT('',(-5.03261265854053,37.1816133815241,7.57857201109426));
#2230=CARTESIAN_POINT('',(-6.40530094385692,37.1816133815241,6.45203584891614));
#2231=CARTESIAN_POINT('',(-7.53183710603504,37.1816133815241,5.07934756359975));
#2232=CARTESIAN_POINT('',(-8.36892899213115,37.1816133815241,3.51325879613734));
#2233=CARTESIAN_POINT('',(-8.8844076304091,37.1816133815241,1.81395345958979));
#2234=CARTESIAN_POINT('',(-9.05846346588364,37.1816133815241,0.0467349050592176));
#2235=CARTESIAN_POINT('',(-8.8844076304091,37.1816133815241,-1.72048364947135));
#2236=CARTESIAN_POINT('',(-8.36892899213115,37.1816133815241,-3.4197889860189));
#2237=CARTESIAN_POINT('',(-7.53183710603504,37.1816133815241,-4.9858777534813));
#2238=CARTESIAN_POINT('',(-6.40530094385692,37.1816133815241,-6.3585660387977));
#2239=CARTESIAN_POINT('',(-5.03261265854053,37.1816133815241,-7.48510220097583));
#2240=CARTESIAN_POINT('',(-3.46652389107812,37.1816133815241,-8.32219408707193));
#2241=CARTESIAN_POINT('',(-1.76721855453056,37.1816133815241,-8.83767272534989));
#2242=CARTESIAN_POINT('',(-4.82453040490078E-15,37.1816133815241,-9.01172856082442));
#2243=CARTESIAN_POINT('',(1.76721855453057,37.1816133815241,-8.83767272534989));
#2244=CARTESIAN_POINT('',(3.46652389107811,37.1816133815241,-8.32219408707194));
#2245=CARTESIAN_POINT('',(5.03261265854054,37.1816133815241,-7.48510220097582));
#2246=CARTESIAN_POINT('',(6.40530094385691,37.1816133815241,-6.3585660387977));
#2247=CARTESIAN_POINT('',(7.53183710603505,37.1816133815241,-4.9858777534813));
#2248=CARTESIAN_POINT('',(8.36892899213115,37.1816133815241,-3.41978898601891));
#2249=CARTESIAN_POINT('',(8.88440763040911,37.1816133815241,-1.72048364947133));
#2250=CARTESIAN_POINT('',(9.05846346588364,37.1816133815241,0.0467349050592066));
#2251=CARTESIAN_POINT('',(8.8844076304091,37.1816133815241,1.8139534595898));
#2252=CARTESIAN_POINT('',(8.36892899213115,37.1816133815241,3.51325879613734));
#2253=CARTESIAN_POINT('',(7.53183710603504,37.1816133815241,5.07934756359976));
#2254=CARTESIAN_POINT('',(6.40530094385691,37.1816133815241,6.45203584891615));
#2255=CARTESIAN_POINT('',(5.03261265854053,37.1816133815241,7.57857201109426));
#2256=CARTESIAN_POINT('',(3.46652389107811,37.1816133815241,8.41566389719037));
#2257=CARTESIAN_POINT('',(1.76721855453056,37.1816133815241,8.93114253546833));
#2258=CARTESIAN_POINT('',(5.63443648693254E-15,37.1816133815241,9.10519837094286));
#2259=CARTESIAN_POINT('',(-1.76721855453057,37.1816133815241,8.93114253546832));
#2260=CARTESIAN_POINT('',(1.8798837025558,34.9472301415995,9.49754848352184));
#2261=CARTESIAN_POINT('',(5.66858458685335E-15,34.9472301415995,9.68270086753481));
#2262=CARTESIAN_POINT('',(-1.87988370255582,34.9472301415995,9.49754848352183));
#2263=CARTESIAN_POINT('',(-3.68752452867334,34.9472301415995,8.94920663376584));
#2264=CARTESIAN_POINT('',(-5.35345585514152,34.9472301415995,8.05874778803933));
#2265=CARTESIAN_POINT('',(-6.81365687534925,34.9472301415995,6.86039178040847));
#2266=CARTESIAN_POINT('',(-8.01201288298011,34.9472301415995,5.40019076020074));
#2267=CARTESIAN_POINT('',(-8.90247172870662,34.9472301415995,3.73425943373256));
#2268=CARTESIAN_POINT('',(-9.45081357846261,34.9472301415995,1.92661860761503));
#2269=CARTESIAN_POINT('',(-9.63596596247559,34.9472301415995,0.0467349050592177));
#2270=CARTESIAN_POINT('',(-9.45081357846261,34.9472301415995,-1.8331487974966));
#2271=CARTESIAN_POINT('',(-8.90247172870662,34.9472301415995,-3.64078962361411));
#2272=CARTESIAN_POINT('',(-8.01201288298011,34.9472301415995,-5.3067209500823));
#2273=CARTESIAN_POINT('',(-6.81365687534925,34.9472301415995,-6.76692197029003));
#2274=CARTESIAN_POINT('',(-5.35345585514152,34.9472301415995,-7.96527797792089));
#2275=CARTESIAN_POINT('',(-3.68752452867334,34.9472301415995,-8.8557368236474));
#2276=CARTESIAN_POINT('',(-1.8798837025558,34.9472301415995,-9.40407867340339));
#2277=CARTESIAN_POINT('',(-5.11002217008505E-15,34.9472301415995,-9.58923105741637));
#2278=CARTESIAN_POINT('',(1.87988370255582,34.9472301415995,-9.40407867340339));
#2279=CARTESIAN_POINT('',(3.68752452867333,34.9472301415995,-8.85573682364741));
#2280=CARTESIAN_POINT('',(5.35345585514153,34.9472301415995,-7.96527797792087));
#2281=CARTESIAN_POINT('',(6.81365687534925,34.9472301415995,-6.76692197029004));
#2282=CARTESIAN_POINT('',(8.01201288298011,34.9472301415995,-5.30672095008228));
#2283=CARTESIAN_POINT('',(8.90247172870661,34.9472301415995,-3.64078962361413));
#2284=CARTESIAN_POINT('',(9.45081357846262,34.9472301415995,-1.83314879749657));
#2285=CARTESIAN_POINT('',(9.63596596247559,34.9472301415995,0.0467349050592057));
#2286=CARTESIAN_POINT('',(9.45081357846261,34.9472301415995,1.92661860761504));
#2287=CARTESIAN_POINT('',(8.90247172870663,34.9472301415995,3.73425943373255));
#2288=CARTESIAN_POINT('',(8.0120128829801,34.9472301415995,5.40019076020075));
#2289=CARTESIAN_POINT('',(6.81365687534925,34.9472301415995,6.86039178040847));
#2290=CARTESIAN_POINT('',(5.35345585514152,34.9472301415995,8.05874778803933));
#2291=CARTESIAN_POINT('',(3.68752452867332,34.9472301415995,8.94920663376585));
#2292=CARTESIAN_POINT('',(1.8798837025558,34.9472301415995,9.49754848352184));
#2293=CARTESIAN_POINT('',(5.66858458685335E-15,34.9472301415995,9.68270086753481));
#2294=CARTESIAN_POINT('',(-1.87988370255582,34.9472301415995,9.49754848352183));
#2295=CARTESIAN_POINT('',(1.97447010076708,32.9097311140344,9.97306641866735));
#2296=CARTESIAN_POINT('',(6.35154658526941E-15,32.9097311140344,10.1675347497786));
#2297=CARTESIAN_POINT('',(-1.9744701007671,32.9097311140344,9.97306641866735));
#2298=CARTESIAN_POINT('',(-3.8730624228573,32.9097311140344,9.39713473423891));
#2299=CARTESIAN_POINT('',(-5.62281512807553,32.9097311140344,8.46187242813975));
#2300=CARTESIAN_POINT('',(-7.15648620123287,32.9097311140344,7.20322110629209));
#2301=CARTESIAN_POINT('',(-8.41513752308053,32.9097311140344,5.66955003313475));
#2302=CARTESIAN_POINT('',(-9.35039982917969,32.9097311140344,3.91979732791652));
#2303=CARTESIAN_POINT('',(-9.92633151360813,32.9097311140344,2.02120500582631));
#2304=CARTESIAN_POINT('',(-10.1207998447194,32.9097311140344,0.0467349050592219));
#2305=CARTESIAN_POINT('',(-9.92633151360813,32.9097311140344,-1.92773519570788));
#2306=CARTESIAN_POINT('',(-9.35039982917969,32.9097311140344,-3.82632751779807));
#2307=CARTESIAN_POINT('',(-8.41513752308053,32.9097311140344,-5.57608022301631));
#2308=CARTESIAN_POINT('',(-7.15648620123287,32.9097311140344,-7.10975129617365));
#2309=CARTESIAN_POINT('',(-5.62281512807553,32.9097311140344,-8.36840261802131));
#2310=CARTESIAN_POINT('',(-3.87306242285731,32.9097311140344,-9.30366492412048));
#2311=CARTESIAN_POINT('',(-1.97447010076708,32.9097311140344,-9.87959660854891));
#2312=CARTESIAN_POINT('',(-5.71042759949115E-15,32.9097311140344,-10.0740649396602));
#2313=CARTESIAN_POINT('',(1.9744701007671,32.9097311140344,-9.87959660854891));
#2314=CARTESIAN_POINT('',(3.87306242285729,32.9097311140344,-9.30366492412048));
#2315=CARTESIAN_POINT('',(5.62281512807554,32.9097311140344,-8.3684026180213));
#2316=CARTESIAN_POINT('',(7.15648620123286,32.9097311140344,-7.10975129617366));
#2317=CARTESIAN_POINT('',(8.41513752308054,32.9097311140344,-5.5760802230163));
#2318=CARTESIAN_POINT('',(9.35039982917969,32.9097311140344,-3.82632751779809));
#2319=CARTESIAN_POINT('',(9.92633151360813,32.9097311140344,-1.92773519570785));
#2320=CARTESIAN_POINT('',(10.1207998447194,32.9097311140344,0.0467349050592049));
#2321=CARTESIAN_POINT('',(9.92633151360813,32.9097311140344,2.02120500582632));
#2322=CARTESIAN_POINT('',(9.35039982917969,32.9097311140344,3.91979732791652));
#2323=CARTESIAN_POINT('',(8.41513752308053,32.9097311140344,5.66955003313476));
#2324=CARTESIAN_POINT('',(7.15648620123286,32.9097311140344,7.20322110629209));
#2325=CARTESIAN_POINT('',(5.62281512807553,32.9097311140344,8.46187242813975));
#2326=CARTESIAN_POINT('',(3.87306242285729,32.9097311140344,9.39713473423892));
#2327=CARTESIAN_POINT('',(1.97447010076708,32.9097311140344,9.97306641866735));
#2328=CARTESIAN_POINT('',(6.35154658526941E-15,32.9097311140344,10.1675347497786));
#2329=CARTESIAN_POINT('',(-1.9744701007671,32.9097311140344,9.97306641866735));
#2330=CARTESIAN_POINT('',(2.06298628962161,30.8695336966408,10.4180673505882));
#2331=CARTESIAN_POINT('',(6.14665798574459E-15,30.8695336966408,10.6212537653596));
#2332=CARTESIAN_POINT('',(-2.06298628962163,30.8695336966408,10.4180673505882));
#2333=CARTESIAN_POINT('',(-4.04669317306914,30.8695336966408,9.81631644624536));
#2334=CARTESIAN_POINT('',(-5.87488790728728,30.8695336966408,8.83912600211915));
#2335=CARTESIAN_POINT('',(-7.47731399390347,30.8695336966408,7.52404889896269));
#2336=CARTESIAN_POINT('',(-8.79239109705993,30.8695336966408,5.9216228123465));
#2337=CARTESIAN_POINT('',(-9.76958154118614,30.8695336966408,4.09342807812836));
#2338=CARTESIAN_POINT('',(-10.371332445529,30.8695336966408,2.10972119468085));
#2339=CARTESIAN_POINT('',(-10.5745188603004,30.8695336966408,0.0467349050592188));
#2340=CARTESIAN_POINT('',(-10.371332445529,30.8695336966408,-2.01625138456241));
#2341=CARTESIAN_POINT('',(-9.76958154118613,30.8695336966408,-3.99995826800992));
#2342=CARTESIAN_POINT('',(-8.79239109705994,30.8695336966408,-5.82815300222806));
#2343=CARTESIAN_POINT('',(-7.47731399390347,30.8695336966408,-7.43057908884424));
#2344=CARTESIAN_POINT('',(-5.87488790728728,30.8695336966408,-8.74565619200072));
#2345=CARTESIAN_POINT('',(-4.04669317306915,30.8695336966408,-9.72284663612692));
#2346=CARTESIAN_POINT('',(-2.06298628962162,30.8695336966408,-10.3245975404698));
#2347=CARTESIAN_POINT('',(-5.63347426676974E-15,30.8695336966408,-10.5277839552412));
#2348=CARTESIAN_POINT('',(2.06298628962163,30.8695336966408,-10.3245975404698));
#2349=CARTESIAN_POINT('',(4.04669317306913,30.8695336966408,-9.72284663612691));
#2350=CARTESIAN_POINT('',(5.8748879072873,30.8695336966408,-8.74565619200071));
#2351=CARTESIAN_POINT('',(7.47731399390346,30.8695336966408,-7.43057908884426));
#2352=CARTESIAN_POINT('',(8.79239109705995,30.8695336966408,-5.82815300222804));
#2353=CARTESIAN_POINT('',(9.76958154118613,30.8695336966408,-3.99995826800994));
#2354=CARTESIAN_POINT('',(10.371332445529,30.8695336966408,-2.01625138456238));
#2355=CARTESIAN_POINT('',(10.5745188603004,30.8695336966408,0.0467349050592045));
#2356=CARTESIAN_POINT('',(10.371332445529,30.8695336966408,2.10972119468085));
#2357=CARTESIAN_POINT('',(9.76958154118613,30.8695336966408,4.09342807812836));
#2358=CARTESIAN_POINT('',(8.79239109705993,30.8695336966408,5.92162281234651));
#2359=CARTESIAN_POINT('',(7.47731399390346,30.8695336966408,7.52404889896269));
#2360=CARTESIAN_POINT('',(5.87488790728728,30.8695336966408,8.83912600211916));
#2361=CARTESIAN_POINT('',(4.04669317306912,30.8695336966408,9.81631644624536));
#2362=CARTESIAN_POINT('',(2.06298628962161,30.8695336966408,10.4180673505882));
#2363=CARTESIAN_POINT('',(6.14665798574459E-15,30.8695336966408,10.6212537653596));
#2364=CARTESIAN_POINT('',(-2.06298628962163,30.8695336966408,10.4180673505882));
#2365=CARTESIAN_POINT('',(2.14615307064659,28.8497230192885,10.8361749932681));
#2366=CARTESIAN_POINT('',(6.41984278511102E-15,28.8497230192885,11.0475526210153));
#2367=CARTESIAN_POINT('',(-2.14615307064661,28.8497230192885,10.8361749932681));
#2368=CARTESIAN_POINT('',(-4.20983068236479,28.8497230192885,10.2101652337186));
#2369=CARTESIAN_POINT('',(-6.11172686185993,28.8497230192885,9.19358054635626));
#2370=CARTESIAN_POINT('',(-7.7787528055497,28.8497230192885,7.82548771060892));
#2371=CARTESIAN_POINT('',(-9.14684564129704,28.8497230192885,6.15846176691915));
#2372=CARTESIAN_POINT('',(-10.1634303286594,28.8497230192885,4.25656558742401));
#2373=CARTESIAN_POINT('',(-10.7894400882089,28.8497230192885,2.19288797570583));
#2374=CARTESIAN_POINT('',(-11.0008177159561,28.8497230192885,0.0467349050592203));
#2375=CARTESIAN_POINT('',(-10.7894400882089,28.8497230192885,-2.0994181655874));
#2376=CARTESIAN_POINT('',(-10.1634303286594,28.8497230192885,-4.16309577730556));
#2377=CARTESIAN_POINT('',(-9.14684564129704,28.8497230192885,-6.0649919568007));
#2378=CARTESIAN_POINT('',(-7.7787528055497,28.8497230192885,-7.73201790049049));
#2379=CARTESIAN_POINT('',(-6.11172686185993,28.8497230192885,-9.10011073623781));
#2380=CARTESIAN_POINT('',(-4.20983068236479,28.8497230192885,-10.1166954236002));
#2381=CARTESIAN_POINT('',(-2.1461530706466,28.8497230192885,-10.7427051831497));
#2382=CARTESIAN_POINT('',(-6.24877697488889E-15,28.8497230192885,-10.954082810897));
#2383=CARTESIAN_POINT('',(2.14615307064662,28.8497230192885,-10.7427051831497));
#2384=CARTESIAN_POINT('',(4.20983068236478,28.8497230192885,-10.1166954236003));
#2385=CARTESIAN_POINT('',(6.11172686185994,28.8497230192885,-9.1001107362378));
#2386=CARTESIAN_POINT('',(7.7787528055497,28.8497230192885,-7.73201790049049));
#2387=CARTESIAN_POINT('',(9.14684564129704,28.8497230192885,-6.06499195680069));
#2388=CARTESIAN_POINT('',(10.1634303286594,28.8497230192885,-4.16309577730558));
#2389=CARTESIAN_POINT('',(10.7894400882089,28.8497230192885,-2.09941816558736));
#2390=CARTESIAN_POINT('',(11.0008177159561,28.8497230192885,0.046734905059204));
#2391=CARTESIAN_POINT('',(10.7894400882089,28.8497230192885,2.19288797570584));
#2392=CARTESIAN_POINT('',(10.1634303286595,28.8497230192885,4.256565587424));
#2393=CARTESIAN_POINT('',(9.14684564129703,28.8497230192885,6.15846176691916));
#2394=CARTESIAN_POINT('',(7.7787528055497,28.8497230192885,7.82548771060893));
#2395=CARTESIAN_POINT('',(6.11172686185992,28.8497230192885,9.19358054635625));
#2396=CARTESIAN_POINT('',(4.20983068236477,28.8497230192885,10.2101652337187));
#2397=CARTESIAN_POINT('',(2.14615307064659,28.8497230192885,10.8361749932681));
#2398=CARTESIAN_POINT('',(6.41984278511102E-15,28.8497230192885,11.0475526210153));
#2399=CARTESIAN_POINT('',(-2.14615307064661,28.8497230192885,10.8361749932681));
#2400=CARTESIAN_POINT('',(2.22477062839818,26.876266399673,11.2314121461271));
#2401=CARTESIAN_POINT('',(7.00036048376467E-15,26.876266399673,11.4505329274659));
#2402=CARTESIAN_POINT('',(-2.22477062839821,26.876266399673,11.2314121461271));
#2403=CARTESIAN_POINT('',(-4.36404456921281,26.876266399673,10.5824704908534));
#2404=CARTESIAN_POINT('',(-6.33561072461695,26.876266399673,9.52864642552622));
#2405=CARTESIAN_POINT('',(-8.0637029129255,26.876266399673,8.11043781798472));
#2406=CARTESIAN_POINT('',(-9.48191152046701,26.876266399673,6.38234562967617));
#2407=CARTESIAN_POINT('',(-10.5357355857942,26.876266399673,4.41077947427203));
#2408=CARTESIAN_POINT('',(-11.1846772410679,26.876266399673,2.27150553345742));
#2409=CARTESIAN_POINT('',(-11.4037980224067,26.876266399673,0.0467349050592193));
#2410=CARTESIAN_POINT('',(-11.1846772410679,26.876266399673,-2.17803572333898));
#2411=CARTESIAN_POINT('',(-10.5357355857942,26.876266399673,-4.31730966415359));
#2412=CARTESIAN_POINT('',(-9.48191152046701,26.876266399673,-6.28887581955773));
#2413=CARTESIAN_POINT('',(-8.06370291292551,26.876266399673,-8.01696800786628));
#2414=CARTESIAN_POINT('',(-6.33561072461696,26.876266399673,-9.4351766154078));
#2415=CARTESIAN_POINT('',(-4.36404456921282,26.876266399673,-10.489000680735));
#2416=CARTESIAN_POINT('',(-2.22477062839819,26.876266399673,-11.1379423360087));
#2417=CARTESIAN_POINT('',(-6.24947126849843E-15,26.876266399673,-11.3570631173475));
#2418=CARTESIAN_POINT('',(2.22477062839821,26.876266399673,-11.1379423360087));
#2419=CARTESIAN_POINT('',(4.3640445692128,26.876266399673,-10.489000680735));
#2420=CARTESIAN_POINT('',(6.33561072461697,26.876266399673,-9.43517661540778));
#2421=CARTESIAN_POINT('',(8.06370291292549,26.876266399673,-8.01696800786629));
#2422=CARTESIAN_POINT('',(9.48191152046702,26.876266399673,-6.28887581955772));
#2423=CARTESIAN_POINT('',(10.5357355857942,26.876266399673,-4.3173096641536));
#2424=CARTESIAN_POINT('',(11.1846772410679,26.876266399673,-2.17803572333895));
#2425=CARTESIAN_POINT('',(11.4037980224067,26.876266399673,0.0467349050592036));
#2426=CARTESIAN_POINT('',(11.1846772410679,26.876266399673,2.27150553345743));
#2427=CARTESIAN_POINT('',(10.5357355857942,26.876266399673,4.41077947427202));
#2428=CARTESIAN_POINT('',(9.481911520467,26.876266399673,6.38234562967619));
#2429=CARTESIAN_POINT('',(8.06370291292549,26.876266399673,8.11043781798472));
#2430=CARTESIAN_POINT('',(6.33561072461695,26.876266399673,9.52864642552623));
#2431=CARTESIAN_POINT('',(4.36404456921279,26.876266399673,10.5824704908534));
#2432=CARTESIAN_POINT('',(2.22477062839818,26.876266399673,11.2314121461271));
#2433=CARTESIAN_POINT('',(7.00036048376467E-15,26.876266399673,11.4505329274659));
#2434=CARTESIAN_POINT('',(-2.22477062839821,26.876266399673,11.2314121461271));
#2435=CARTESIAN_POINT('',(2.2989159050246,24.9488721365195,11.6041656234657));
#2436=CARTESIAN_POINT('',(7.3076933830519E-15,24.9488721365195,11.8305890771517));
#2437=CARTESIAN_POINT('',(-2.29891590502462,24.9488721365195,11.6041656234657));
#2438=CARTESIAN_POINT('',(-4.50948576106603,24.9488721365195,10.9335965887532));
#2439=CARTESIAN_POINT('',(-6.54675860825843,24.9488721365195,9.84465156495868));
#2440=CARTESIAN_POINT('',(-8.33244319359999,24.9488721365195,8.3791780986592));
#2441=CARTESIAN_POINT('',(-9.79791665989947,24.9488721365195,6.59349351331766));
#2442=CARTESIAN_POINT('',(-10.886861683694,24.9488721365195,4.55622066612525));
#2443=CARTESIAN_POINT('',(-11.5574307184065,24.9488721365195,2.34565081008384));
#2444=CARTESIAN_POINT('',(-11.7838541720925,24.9488721365195,0.0467349050592192));
#2445=CARTESIAN_POINT('',(-11.5574307184065,24.9488721365195,-2.2521809999654));
#2446=CARTESIAN_POINT('',(-10.886861683694,24.9488721365195,-4.46275085600681));
#2447=CARTESIAN_POINT('',(-9.79791665989947,24.9488721365195,-6.50002370319921));
#2448=CARTESIAN_POINT('',(-8.33244319359998,24.9488721365195,-8.28570828854076));
#2449=CARTESIAN_POINT('',(-6.54675860825843,24.9488721365195,-9.75118175484024));
#2450=CARTESIAN_POINT('',(-4.50948576106604,24.9488721365195,-10.8401267786348));
#2451=CARTESIAN_POINT('',(-2.2989159050246,24.9488721365195,-11.5106958133473));
#2452=CARTESIAN_POINT('',(-6.28516829712764E-15,24.9488721365195,-11.7371192670333));
#2453=CARTESIAN_POINT('',(2.29891590502462,24.9488721365195,-11.5106958133473));
#2454=CARTESIAN_POINT('',(4.50948576106603,24.9488721365195,-10.8401267786348));
#2455=CARTESIAN_POINT('',(6.54675860825845,24.9488721365195,-9.75118175484024));
#2456=CARTESIAN_POINT('',(8.33244319359998,24.9488721365195,-8.28570828854078));
#2457=CARTESIAN_POINT('',(9.79791665989948,24.9488721365195,-6.50002370319919));
#2458=CARTESIAN_POINT('',(10.886861683694,24.9488721365195,-4.46275085600683));
#2459=CARTESIAN_POINT('',(11.5574307184065,24.9488721365195,-2.25218099996537));
#2460=CARTESIAN_POINT('',(11.7838541720925,24.9488721365195,0.0467349050592042));
#2461=CARTESIAN_POINT('',(11.5574307184065,24.9488721365195,2.34565081008384));
#2462=CARTESIAN_POINT('',(10.886861683694,24.9488721365195,4.55622066612525));
#2463=CARTESIAN_POINT('',(9.79791665989946,24.9488721365195,6.59349351331766));
#2464=CARTESIAN_POINT('',(8.33244319359998,24.9488721365195,8.37917809865921));
#2465=CARTESIAN_POINT('',(6.54675860825843,24.9488721365195,9.84465156495868));
#2466=CARTESIAN_POINT('',(4.50948576106602,24.9488721365195,10.9335965887532));
#2467=CARTESIAN_POINT('',(2.2989159050246,24.9488721365195,11.6041656234657));
#2468=CARTESIAN_POINT('',(7.3076933830519E-15,24.9488721365195,11.8305890771517));
#2469=CARTESIAN_POINT('',(-2.29891590502462,24.9488721365195,11.6041656234657));
#2470=CARTESIAN_POINT('',(2.36852523164049,23.0621433138183,11.9541153401821));
#2471=CARTESIAN_POINT('',(7.64917438225994E-15,23.0621433138183,12.1873947141332));
#2472=CARTESIAN_POINT('',(-2.36852523164051,23.0621433138183,11.9541153401821));
#2473=CARTESIAN_POINT('',(-4.64602936691333,23.0621433138183,11.263242013845));
#2474=CARTESIAN_POINT('',(-6.74498919913896,23.0621433138183,10.141324609607));
#2475=CARTESIAN_POINT('',(-8.58474287907519,23.0621433138183,8.63147778413442));
#2476=CARTESIAN_POINT('',(-10.0945897045478,23.0621433138183,6.79172410419818));
#2477=CARTESIAN_POINT('',(-11.2165071087858,23.0621433138183,4.69276427197255));
#2478=CARTESIAN_POINT('',(-11.9073804351229,23.0621433138183,2.41526013669973));
#2479=CARTESIAN_POINT('',(-12.140659809074,23.0621433138183,0.04673490505922));
#2480=CARTESIAN_POINT('',(-11.9073804351229,23.0621433138183,-2.32179032658129));
#2481=CARTESIAN_POINT('',(-11.2165071087858,23.0621433138183,-4.59929446185411));
#2482=CARTESIAN_POINT('',(-10.0945897045479,23.0621433138183,-6.69825429407973));
#2483=CARTESIAN_POINT('',(-8.58474287907519,23.0621433138183,-8.53800797401598));
#2484=CARTESIAN_POINT('',(-6.74498919913896,23.0621433138183,-10.0478547994887));
#2485=CARTESIAN_POINT('',(-4.64602936691334,23.0621433138183,-11.1697722037267));
#2486=CARTESIAN_POINT('',(-2.3685252316405,23.0621433138183,-11.8606455300637));
#2487=CARTESIAN_POINT('',(-6.47894922931368E-15,23.0621433138183,-12.0939249040148));
#2488=CARTESIAN_POINT('',(2.36852523164051,23.0621433138183,-11.8606455300637));
#2489=CARTESIAN_POINT('',(4.64602936691333,23.0621433138183,-11.1697722037267));
#2490=CARTESIAN_POINT('',(6.74498919913897,23.0621433138183,-10.0478547994886));
#2491=CARTESIAN_POINT('',(8.58474287907519,23.0621433138183,-8.53800797401599));
#2492=CARTESIAN_POINT('',(10.0945897045479,23.0621433138183,-6.69825429407972));
#2493=CARTESIAN_POINT('',(11.2165071087858,23.0621433138183,-4.59929446185413));
#2494=CARTESIAN_POINT('',(11.9073804351229,23.0621433138183,-2.32179032658126));
#2495=CARTESIAN_POINT('',(12.140659809074,23.0621433138183,0.0467349050592032));
#2496=CARTESIAN_POINT('',(11.9073804351229,23.0621433138183,2.41526013669974));
#2497=CARTESIAN_POINT('',(11.2165071087859,23.0621433138183,4.69276427197255));
#2498=CARTESIAN_POINT('',(10.0945897045478,23.0621433138183,6.79172410419819));
#2499=CARTESIAN_POINT('',(8.58474287907519,23.0621433138183,8.63147778413443));
#2500=CARTESIAN_POINT('',(6.74498919913896,23.0621433138183,10.141324609607));
#2501=CARTESIAN_POINT('',(4.64602936691331,23.0621433138183,11.2632420138451));
#2502=CARTESIAN_POINT('',(2.36852523164049,23.0621433138183,11.9541153401821));
#2503=CARTESIAN_POINT('',(7.64917438225994E-15,23.0621433138183,12.1873947141332));
#2504=CARTESIAN_POINT('',(-2.36852523164051,23.0621433138183,11.9541153401821));
#2505=CARTESIAN_POINT('',(2.44079868775092,21.0064337475744,12.3174585403185));
#2506=CARTESIAN_POINT('',(7.58087818241833E-15,21.0064337475744,12.5578562283874));
#2507=CARTESIAN_POINT('',(-2.44079868775095,21.0064337475744,12.3174585403185));
#2508=CARTESIAN_POINT('',(-4.7877988507473,21.0064337475744,11.6055038244476));
#2509=CARTESIAN_POINT('',(-6.95080658893796,21.0064337475744,10.449352101237));
#2510=CARTESIAN_POINT('',(-8.84669872797298,21.0064337475744,8.8934336330322));
#2511=CARTESIAN_POINT('',(-10.4026171961778,21.0064337475744,6.99754149399718));
#2512=CARTESIAN_POINT('',(-11.5587689193884,21.0064337475744,4.83453375580652));
#2513=CARTESIAN_POINT('',(-12.2707236352593,21.0064337475744,2.48753359281017));
#2514=CARTESIAN_POINT('',(-12.5111213233282,21.0064337475744,0.046734905059219));
#2515=CARTESIAN_POINT('',(-12.2707236352593,21.0064337475744,-2.39406378269173));
#2516=CARTESIAN_POINT('',(-11.5587689193884,21.0064337475744,-4.74106394568807));
#2517=CARTESIAN_POINT('',(-10.4026171961778,21.0064337475744,-6.90407168387873));
#2518=CARTESIAN_POINT('',(-8.84669872797298,21.0064337475744,-8.79996382291375));
#2519=CARTESIAN_POINT('',(-6.95080658893796,21.0064337475744,-10.3558822911186));
#2520=CARTESIAN_POINT('',(-4.7877988507473,21.0064337475744,-11.5120340143292));
#2521=CARTESIAN_POINT('',(-2.44079868775093,21.0064337475744,-12.2239887302001));
#2522=CARTESIAN_POINT('',(-7.28992639886497E-15,21.0064337475744,-12.464386418269));
#2523=CARTESIAN_POINT('',(2.44079868775095,21.0064337475744,-12.2239887302001));
#2524=CARTESIAN_POINT('',(4.78779885074729,21.0064337475744,-11.5120340143292));
#2525=CARTESIAN_POINT('',(6.95080658893798,21.0064337475744,-10.3558822911186));
#2526=CARTESIAN_POINT('',(8.84669872797297,21.0064337475744,-8.79996382291377));
#2527=CARTESIAN_POINT('',(10.4026171961778,21.0064337475744,-6.90407168387871));
#2528=CARTESIAN_POINT('',(11.5587689193884,21.0064337475744,-4.74106394568809));
#2529=CARTESIAN_POINT('',(12.2707236352593,21.0064337475744,-2.39406378269169));
#2530=CARTESIAN_POINT('',(12.5111213233282,21.0064337475744,0.0467349050592026));
#2531=CARTESIAN_POINT('',(12.2707236352593,21.0064337475744,2.48753359281017));
#2532=CARTESIAN_POINT('',(11.5587689193884,21.0064337475744,4.83453375580651));
#2533=CARTESIAN_POINT('',(10.4026171961778,21.0064337475744,6.99754149399719));
#2534=CARTESIAN_POINT('',(8.84669872797297,21.0064337475744,8.8934336330322));
#2535=CARTESIAN_POINT('',(6.95080658893796,21.0064337475744,10.449352101237));
#2536=CARTESIAN_POINT('',(4.78779885074728,21.0064337475744,11.6055038244476));
#2537=CARTESIAN_POINT('',(2.44079868775092,21.0064337475744,12.3174585403185));
#2538=CARTESIAN_POINT('',(7.58087818241833E-15,21.0064337475744,12.5578562283874));
#2539=CARTESIAN_POINT('',(-2.44079868775095,21.0064337475744,12.3174585403185));
#2540=CARTESIAN_POINT('',(2.52037124540482,18.5896223497584,12.7174968019014));
#2541=CARTESIAN_POINT('',(7.99065538146797E-15,18.5896223497584,12.9657317028423));
#2542=CARTESIAN_POINT('',(-2.52037124540484,18.5896223497584,12.7174968019014));
#2543=CARTESIAN_POINT('',(-4.94388603728925,18.5896223497584,11.9823316271099));
#2544=CARTESIAN_POINT('',(-7.17741006132386,18.5896223497584,10.7884881638498));
#2545=CARTESIAN_POINT('',(-9.13511024183974,18.5896223497584,9.18184514689896));
#2546=CARTESIAN_POINT('',(-10.7417532587906,18.5896223497584,7.22414496638309));
#2547=CARTESIAN_POINT('',(-11.9355967220507,18.5896223497584,4.99062094234847));
#2548=CARTESIAN_POINT('',(-12.6707618968422,18.5896223497584,2.56710615046406));
#2549=CARTESIAN_POINT('',(-12.9189967977831,18.5896223497584,0.0467349050592192));
#2550=CARTESIAN_POINT('',(-12.6707618968422,18.5896223497584,-2.47363634034562));
#2551=CARTESIAN_POINT('',(-11.9355967220507,18.5896223497584,-4.89715113223003));
#2552=CARTESIAN_POINT('',(-10.7417532587906,18.5896223497584,-7.13067515626464));
#2553=CARTESIAN_POINT('',(-9.13511024183974,18.5896223497584,-9.08837533678052));
#2554=CARTESIAN_POINT('',(-7.17741006132387,18.5896223497584,-10.6950183537314));
#2555=CARTESIAN_POINT('',(-4.94388603728926,18.5896223497584,-11.8888618169915));
#2556=CARTESIAN_POINT('',(-2.52037124540482,18.5896223497584,-12.624026991783));
#2557=CARTESIAN_POINT('',(-7.19262498948433E-15,18.5896223497584,-12.8722618927239));
#2558=CARTESIAN_POINT('',(2.52037124540484,18.5896223497584,-12.624026991783));
#2559=CARTESIAN_POINT('',(4.94388603728924,18.5896223497584,-11.8888618169915));
#2560=CARTESIAN_POINT('',(7.17741006132388,18.5896223497584,-10.6950183537314));
#2561=CARTESIAN_POINT('',(9.13511024183973,18.5896223497584,-9.08837533678053));
#2562=CARTESIAN_POINT('',(10.7417532587906,18.5896223497584,-7.13067515626462));
#2563=CARTESIAN_POINT('',(11.9355967220507,18.5896223497584,-4.89715113223005));
#2564=CARTESIAN_POINT('',(12.6707618968422,18.5896223497584,-2.47363634034559));
#2565=CARTESIAN_POINT('',(12.9189967977831,18.5896223497584,0.0467349050592038));
#2566=CARTESIAN_POINT('',(12.6707618968422,18.5896223497584,2.56710615046406));
#2567=CARTESIAN_POINT('',(11.9355967220507,18.5896223497584,4.99062094234846));
#2568=CARTESIAN_POINT('',(10.7417532587906,18.5896223497584,7.22414496638309));
#2569=CARTESIAN_POINT('',(9.13511024183973,18.5896223497584,9.18184514689897));
#2570=CARTESIAN_POINT('',(7.17741006132387,18.5896223497584,10.7884881638498));
#2571=CARTESIAN_POINT('',(4.94388603728923,18.5896223497584,11.9823316271099));
#2572=CARTESIAN_POINT('',(2.52037124540482,18.5896223497584,12.7174968019014));
#2573=CARTESIAN_POINT('',(7.99065538146797E-15,18.5896223497584,12.9657317028423));
#2574=CARTESIAN_POINT('',(-2.52037124540484,18.5896223497584,12.7174968019014));
#2575=CARTESIAN_POINT('',(2.60822147269148,15.634555027184,13.1591497189319));
#2576=CARTESIAN_POINT('',(8.332136380676E-15,15.634555027184,13.4160371120435));
#2577=CARTESIAN_POINT('',(-2.60822147269151,15.634555027184,13.1591497189319));
#2578=CARTESIAN_POINT('',(-5.11621045689493,15.634555027184,12.39835957805));
#2579=CARTESIAN_POINT('',(-7.42758634244377,15.634555027184,11.162903427856));
#2580=CARTESIAN_POINT('',(-9.4535242502909,15.634555027184,9.50025915535012));
#2581=CARTESIAN_POINT('',(-11.1161685227968,15.634555027184,7.47432124750299));
#2582=CARTESIAN_POINT('',(-12.3516246729908,15.634555027184,5.16294536195416));
#2583=CARTESIAN_POINT('',(-13.1124148138727,15.634555027184,2.65495637775073));
#2584=CARTESIAN_POINT('',(-13.3693022069843,15.634555027184,0.0467349050592202));
#2585=CARTESIAN_POINT('',(-13.1124148138727,15.634555027184,-2.56148656763229));
#2586=CARTESIAN_POINT('',(-12.3516246729908,15.634555027184,-5.06947555183571));
#2587=CARTESIAN_POINT('',(-11.1161685227968,15.634555027184,-7.38085143738455));
#2588=CARTESIAN_POINT('',(-9.4535242502909,15.634555027184,-9.40678934523168));
#2589=CARTESIAN_POINT('',(-7.42758634244377,15.634555027184,-11.0694336177376));
#2590=CARTESIAN_POINT('',(-5.11621045689494,15.634555027184,-12.3048897679316));
#2591=CARTESIAN_POINT('',(-2.60822147269149,15.634555027184,-13.0656799088135));
#2592=CARTESIAN_POINT('',(-7.63834863207737E-15,15.634555027184,-13.3225673019251));
#2593=CARTESIAN_POINT('',(2.60822147269151,15.634555027184,-13.0656799088135));
#2594=CARTESIAN_POINT('',(5.11621045689493,15.634555027184,-12.3048897679316));
#2595=CARTESIAN_POINT('',(7.42758634244378,15.634555027184,-11.0694336177376));
#2596=CARTESIAN_POINT('',(9.45352425029089,15.634555027184,-9.40678934523169));
#2597=CARTESIAN_POINT('',(11.1161685227968,15.634555027184,-7.38085143738453));
#2598=CARTESIAN_POINT('',(12.3516246729908,15.634555027184,-5.06947555183573));
#2599=CARTESIAN_POINT('',(13.1124148138727,15.634555027184,-2.56148656763225));
#2600=CARTESIAN_POINT('',(13.3693022069843,15.634555027184,0.0467349050592025));
#2601=CARTESIAN_POINT('',(13.1124148138727,15.634555027184,2.65495637775073));
#2602=CARTESIAN_POINT('',(12.3516246729908,15.634555027184,5.16294536195415));
#2603=CARTESIAN_POINT('',(11.1161685227968,15.634555027184,7.474321247503));
#2604=CARTESIAN_POINT('',(9.45352425029089,15.634555027184,9.50025915535013));
#2605=CARTESIAN_POINT('',(7.42758634244376,15.634555027184,11.162903427856));
#2606=CARTESIAN_POINT('',(5.11621045689492,15.634555027184,12.39835957805));
#2607=CARTESIAN_POINT('',(2.60822147269148,15.634555027184,13.1591497189319));
#2608=CARTESIAN_POINT('',(8.332136380676E-15,15.634555027184,13.4160371120435));
#2609=CARTESIAN_POINT('',(-2.60822147269151,15.634555027184,13.1591497189319));
#2610=CARTESIAN_POINT('',(2.77966441064037,8.87572803211754,14.0210515715284));
#2611=CARTESIAN_POINT('',(9.03518549669254E-15,8.87572803211754,14.2948246201943));
#2612=CARTESIAN_POINT('',(-2.7796644106404,8.87572803211754,14.0210515715284));
#2613=CARTESIAN_POINT('',(-5.45250787683363,8.87572803211755,13.2102533702571));
#2614=CARTESIAN_POINT('',(-7.91581452312181,8.87572803211754,11.8935885365545));
#2615=CARTESIAN_POINT('',(-10.0749208565263,8.87572803211755,10.1216557615855));
#2616=CARTESIAN_POINT('',(-11.8468536314953,8.87572803211754,7.96254942818103));
#2617=CARTESIAN_POINT('',(-13.1635184651979,8.87572803211754,5.49924278189285));
#2618=CARTESIAN_POINT('',(-13.9743166664692,8.87572803211754,2.82639931569962));
#2619=CARTESIAN_POINT('',(-14.2480897151351,8.87572803211754,0.0467349050592167));
#2620=CARTESIAN_POINT('',(-13.9743166664692,8.87572803211754,-2.73292950558117));
#2621=CARTESIAN_POINT('',(-13.1635184651979,8.87572803211754,-5.40577297177442));
#2622=CARTESIAN_POINT('',(-11.8468536314953,8.87572803211755,-7.86907961806257));
#2623=CARTESIAN_POINT('',(-10.0749208565263,8.87572803211754,-10.0281859514671));
#2624=CARTESIAN_POINT('',(-7.91581452312181,8.87572803211754,-11.8001187264361));
#2625=CARTESIAN_POINT('',(-5.45250787683364,8.87572803211754,-13.1167835601387));
#2626=CARTESIAN_POINT('',(-2.77966441064037,8.87572803211754,-13.92758176141));
#2627=CARTESIAN_POINT('',(-8.38553192205465E-15,8.87572803211754,-14.2013548100759));
#2628=CARTESIAN_POINT('',(2.7796644106404,8.87572803211754,-13.92758176141));
#2629=CARTESIAN_POINT('',(5.45250787683363,8.87572803211755,-13.1167835601387));
#2630=CARTESIAN_POINT('',(7.91581452312182,8.87572803211754,-11.800118726436));
#2631=CARTESIAN_POINT('',(10.0749208565263,8.87572803211754,-10.0281859514672));
#2632=CARTESIAN_POINT('',(11.8468536314953,8.87572803211755,-7.86907961806255));
#2633=CARTESIAN_POINT('',(13.1635184651979,8.87572803211754,-5.40577297177445));
#2634=CARTESIAN_POINT('',(13.9743166664692,8.87572803211755,-2.73292950558114));
#2635=CARTESIAN_POINT('',(14.2480897151351,8.87572803211754,0.0467349050592018));
#2636=CARTESIAN_POINT('',(13.9743166664692,8.87572803211754,2.82639931569962));
#2637=CARTESIAN_POINT('',(13.1635184651979,8.87572803211754,5.49924278189285));
#2638=CARTESIAN_POINT('',(11.8468536314953,8.87572803211755,7.96254942818104));
#2639=CARTESIAN_POINT('',(10.0749208565263,8.87572803211754,10.1216557615855));
#2640=CARTESIAN_POINT('',(7.91581452312181,8.87572803211754,11.8935885365545));
#2641=CARTESIAN_POINT('',(5.45250787683361,8.87572803211754,13.2102533702571));
#2642=CARTESIAN_POINT('',(2.77966441064037,8.87572803211754,14.0210515715284));
#2643=CARTESIAN_POINT('',(9.03518549669254E-15,8.87572803211754,14.2948246201943));
#2644=CARTESIAN_POINT('',(-2.7796644106404,8.87572803211754,14.0210515715284));
#2645=CARTESIAN_POINT('',(2.84704472469027,3.2560586437258,14.3597952853433));
#2646=CARTESIAN_POINT('',(9.42487557814171E-15,3.25605864372581,14.6402047156986));
#2647=CARTESIAN_POINT('',(-2.8470447246903,3.2560586437258,14.3597952853433));
#2648=CARTESIAN_POINT('',(-5.58467911725181,3.25605864372581,13.5293429714303));
#2649=CARTESIAN_POINT('',(-8.10769742326148,3.2560586437258,12.1807615906605));
#2650=CARTESIAN_POINT('',(-10.3191414641443,3.2560586437258,10.3658763692035));
#2651=CARTESIAN_POINT('',(-12.1340266856013,3.2560586437258,8.15443232832069));
#2652=CARTESIAN_POINT('',(-13.4826080663711,3.2560586437258,5.63141402231104));
#2653=CARTESIAN_POINT('',(-14.3130603802841,3.2560586437258,2.89377962974951));
#2654=CARTESIAN_POINT('',(-14.5934698106394,3.25605864372581,0.0467349050592195));
#2655=CARTESIAN_POINT('',(-14.3130603802841,3.2560586437258,-2.80030981963107));
#2656=CARTESIAN_POINT('',(-13.4826080663711,3.2560586437258,-5.5379442121926));
#2657=CARTESIAN_POINT('',(-12.1340266856013,3.2560586437258,-8.06096251820226));
#2658=CARTESIAN_POINT('',(-10.3191414641443,3.25605864372581,-10.2724065590851));
#2659=CARTESIAN_POINT('',(-8.10769742326148,3.2560586437258,-12.0872917805421));
#2660=CARTESIAN_POINT('',(-5.58467911725182,3.2560586437258,-13.4358731613119));
#2661=CARTESIAN_POINT('',(-2.84704472469028,3.2560586437258,-14.2663254752249));
#2662=CARTESIAN_POINT('',(-7.9919461779611E-15,3.2560586437258,-14.5467349055802));
#2663=CARTESIAN_POINT('',(2.8470447246903,3.2560586437258,-14.2663254752249));
#2664=CARTESIAN_POINT('',(5.5846791172518,3.25605864372581,-13.4358731613119));
#2665=CARTESIAN_POINT('',(8.1076974232615,3.2560586437258,-12.087291780542));
#2666=CARTESIAN_POINT('',(10.3191414641443,3.25605864372581,-10.2724065590851));
#2667=CARTESIAN_POINT('',(12.1340266856013,3.2560586437258,-8.06096251820224));
#2668=CARTESIAN_POINT('',(13.4826080663711,3.2560586437258,-5.53794421219261));
#2669=CARTESIAN_POINT('',(14.3130603802841,3.2560586437258,-2.80030981963105));
#2670=CARTESIAN_POINT('',(14.5934698106394,3.25605864372581,0.0467349050592066));
#2671=CARTESIAN_POINT('',(14.3130603802841,3.2560586437258,2.89377962974951));
#2672=CARTESIAN_POINT('',(13.4826080663711,3.25605864372581,5.63141402231103));
#2673=CARTESIAN_POINT('',(12.1340266856013,3.25605864372581,8.15443232832072));
#2674=CARTESIAN_POINT('',(10.3191414641443,3.2560586437258,10.3658763692035));
#2675=CARTESIAN_POINT('',(8.10769742326148,3.2560586437258,12.1807615906605));
#2676=CARTESIAN_POINT('',(5.58467911725179,3.2560586437258,13.5293429714303));
#2677=CARTESIAN_POINT('',(2.84704472469027,3.2560586437258,14.3597952853433));
#2678=CARTESIAN_POINT('',(9.42487557814171E-15,3.25605864372581,14.6402047156986));
#2679=CARTESIAN_POINT('',(-2.8470447246903,3.2560586437258,14.3597952853433));
#2680=CARTESIAN_POINT('',(2.84704472458797,-1.50000000302691,14.359795284829));
#2681=CARTESIAN_POINT('',(9.15169077877528E-15,-1.50000000302691,14.6402047151743));
#2682=CARTESIAN_POINT('',(-2.847044724588,-1.50000000302691,14.359795284829));
#2683=CARTESIAN_POINT('',(-5.58467911705116,-1.50000000302691,13.5293429709459));
#2684=CARTESIAN_POINT('',(-8.10769742297017,-1.50000000302691,12.1807615902245));
#2685=CARTESIAN_POINT('',(-10.3191414637735,-1.50000000302691,10.3658763688327));
#2686=CARTESIAN_POINT('',(-12.1340266851653,-1.50000000302691,8.1544323280294));
#2687=CARTESIAN_POINT('',(-13.4826080658867,-1.50000000302691,5.63141402211038));
#2688=CARTESIAN_POINT('',(-14.3130603797698,-1.50000000302691,2.89377962964722));
#2689=CARTESIAN_POINT('',(-14.5934698101151,-1.50000000302691,0.0467349050592195));
#2690=CARTESIAN_POINT('',(-14.3130603797698,-1.50000000302691,-2.80030981952878));
#2691=CARTESIAN_POINT('',(-13.4826080658867,-1.50000000302691,-5.53794421199194));
#2692=CARTESIAN_POINT('',(-12.1340266851653,-1.50000000302691,-8.06096251791095));
#2693=CARTESIAN_POINT('',(-10.3191414637735,-1.50000000302691,-10.2724065587143));
#2694=CARTESIAN_POINT('',(-8.10769742297018,-1.50000000302691,-12.0872917801061));
#2695=CARTESIAN_POINT('',(-5.58467911705117,-1.50000000302691,-13.4358731608275));
#2696=CARTESIAN_POINT('',(-2.84704472458798,-1.50000000302691,-14.2663254747106));
#2697=CARTESIAN_POINT('',(-7.99191991462046E-15,-1.50000000302691,-14.5467349050559));
#2698=CARTESIAN_POINT('',(2.847044724588,-1.50000000302691,-14.2663254747106));
#2699=CARTESIAN_POINT('',(5.58467911705115,-1.50000000302691,-13.4358731608275));
#2700=CARTESIAN_POINT('',(8.10769742297019,-1.50000000302691,-12.0872917801061));
#2701=CARTESIAN_POINT('',(10.3191414637735,-1.50000000302691,-10.2724065587144));
#2702=CARTESIAN_POINT('',(12.1340266851653,-1.50000000302691,-8.06096251791093));
#2703=CARTESIAN_POINT('',(13.4826080658867,-1.50000000302691,-5.53794421199196));
#2704=CARTESIAN_POINT('',(14.3130603797698,-1.50000000302691,-2.80030981952874));
#2705=CARTESIAN_POINT('',(14.5934698101151,-1.50000000302691,0.0467349050592016));
#2706=CARTESIAN_POINT('',(14.3130603797698,-1.50000000302691,2.89377962964723));
#2707=CARTESIAN_POINT('',(13.4826080658867,-1.50000000302691,5.63141402211038));
#2708=CARTESIAN_POINT('',(12.1340266851653,-1.50000000302691,8.15443232802941));
#2709=CARTESIAN_POINT('',(10.3191414637735,-1.50000000302691,10.3658763688328));
#2710=CARTESIAN_POINT('',(8.10769742297017,-1.50000000302691,12.1807615902245));
#2711=CARTESIAN_POINT('',(5.58467911705114,-1.50000000302691,13.5293429709459));
#2712=CARTESIAN_POINT('',(2.84704472458797,-1.50000000302691,14.359795284829));
#2713=CARTESIAN_POINT('',(9.15169077877528E-15,-1.50000000302691,14.6402047151743));
#2714=CARTESIAN_POINT('',(-2.847044724588,-1.50000000302691,14.359795284829));
#2715=CARTESIAN_POINT('',(-0.905930146249706,36.4999999968839,9.18820897348849));
#2716=CARTESIAN_POINT('',(0.000401180683452121,36.4999999973058,9.2331624175657));
#2717=CARTESIAN_POINT('',(0.904325423515914,36.499999996884,9.18818118643374));
#2718=CARTESIAN_POINT('',(1.79011920375326,36.4999999969969,9.05657076566558));
#2719=CARTESIAN_POINT('',(2.6618574518907,36.4999999969668,8.83898414858558));
#2720=CARTESIAN_POINT('',(3.80522342921562,36.4999999969767,8.42961675302799));
#2721=CARTESIAN_POINT('',(4.8555260927966,36.4999999969725,7.86792210715223));
#2722=CARTESIAN_POINT('',(5.82814369646216,36.4999999969732,7.1476082075813));
#2723=CARTESIAN_POINT('',(6.49702927656365,36.4999999969731,6.54079966555047));
#2724=CARTESIAN_POINT('',(7.09823880005087,36.4999999969731,5.87733809401478));
#2725=CARTESIAN_POINT('',(7.63519303299332,36.4999999969731,5.15497318502839));
#2726=CARTESIAN_POINT('',(8.10301596135023,36.4999999969731,4.37430701243216));
#2727=CARTESIAN_POINT('',(8.48593368592608,36.4999999969731,3.56381901861047));
#2728=CARTESIAN_POINT('',(8.78850901911056,36.4999999969731,2.72039046013305));
#2729=CARTESIAN_POINT('',(9.01004907543632,36.4999999969731,1.83821615903997));
#2730=CARTESIAN_POINT('',(9.14171858181455,36.4999999969731,0.946963804124677));
#2731=CARTESIAN_POINT('',(9.18605522083773,36.4999999969731,0.0527329445379581));
#2732=CARTESIAN_POINT('',(9.14268314657135,36.4999999969731,-0.848255089538112));
#2733=CARTESIAN_POINT('',(8.96470919130949,36.4999999969731,-2.04665773603307));
#2734=CARTESIAN_POINT('',(8.61974022520507,36.4999999969731,-3.18615931834213));
#2735=CARTESIAN_POINT('',(8.10146785914134,36.4999999969731,-4.28403699204336));
#2736=CARTESIAN_POINT('',(7.63888782191669,36.4999999969731,-5.05516682307292));
#2737=CARTESIAN_POINT('',(7.10595896700282,36.4999999969731,-5.77466372519314));
#2738=CARTESIAN_POINT('',(6.49941761330771,36.4999999969731,-6.44542803563978));
#2739=CARTESIAN_POINT('',(5.82751373995298,36.4999999969731,-7.05429662831662));
#2740=CARTESIAN_POINT('',(5.10836555481017,36.4999999969731,-7.58780102713556));
#2741=CARTESIAN_POINT('',(4.33876092006824,36.4999999969731,-8.0503584077267));
#2742=CARTESIAN_POINT('',(3.5156103931765,36.4999999969731,-8.44032434461404));
#2743=CARTESIAN_POINT('',(2.67015533694144,36.4999999969731,-8.74245103314915));
#2744=CARTESIAN_POINT('',(1.80182820162076,36.4999999969731,-8.9610392215227));
#2745=CARTESIAN_POINT('',(0.904922056346232,36.4999999969731,-9.09491569599941));
#2746=CARTESIAN_POINT('',(0.00181002498413586,36.4999999969731,-9.13940377995549));
#2747=CARTESIAN_POINT('',(-0.892482234967405,36.4999999969732,-9.09568662385262));
#2748=CARTESIAN_POINT('',(-1.78223680715072,36.4999999969731,-8.9651332510208));
#2749=CARTESIAN_POINT('',(-2.66555403177672,36.4999999969731,-8.74427997130869));
#2750=CARTESIAN_POINT('',(-3.50992610317987,36.4999999969731,-8.4421671138998));
#2751=CARTESIAN_POINT('',(-4.32018639866349,36.4999999969731,-8.06016541077707));
#2752=CARTESIAN_POINT('',(-5.10027407260602,36.4999999969731,-7.59379453963013));
#2753=CARTESIAN_POINT('',(-5.82462545684232,36.4999999969731,-7.05648373899109));
#2754=CARTESIAN_POINT('',(-6.48851038356318,36.4999999969731,-6.4557508215512));
#2755=CARTESIAN_POINT('',(-7.09462378370584,36.4999999969731,-5.78901134597736));
#2756=CARTESIAN_POINT('',(-7.81727167842769,36.4999999969731,-4.81532750691403));
#2757=CARTESIAN_POINT('',(-8.37932703663173,36.4999999969731,-3.76606885750118));
#2758=CARTESIAN_POINT('',(-8.78957107037305,36.4999999969731,-2.62402388501438));
#2759=CARTESIAN_POINT('',(-9.00836337072466,36.4999999969731,-1.75100369672328));
#2760=CARTESIAN_POINT('',(-9.14060152165308,36.4999999969731,-0.865465749352891));
#2761=CARTESIAN_POINT('',(-9.18642845770631,36.4999999969731,0.0365575068239312));
#2762=CARTESIAN_POINT('',(-9.14228607621696,36.4999999969731,0.943268040392144));
#2763=CARTESIAN_POINT('',(-9.01133223571808,36.4999999969731,1.82919501503113));
#2764=CARTESIAN_POINT('',(-8.79474146907848,36.4999999969731,2.70003086341842));
#2765=CARTESIAN_POINT('',(-8.48890584189197,36.4999999969731,3.55794400755918));
#2766=CARTESIAN_POINT('',(-8.1047933807032,36.4999999969731,4.37009252372439));
#2767=CARTESIAN_POINT('',(-7.4928156237604,36.4999999969731,5.39521622286633));
#2768=CARTESIAN_POINT('',(-6.7208242235992,36.4999999969731,6.33791523801776));
#2769=CARTESIAN_POINT('',(-5.83654527382316,36.4999999969731,7.13996252594647));
#2770=CARTESIAN_POINT('',(-5.11594006698007,36.4999999969732,7.67676432327598));
#2771=CARTESIAN_POINT('',(-4.33518320855858,36.4999999969726,8.14571808326414));
#2772=CARTESIAN_POINT('',(-3.5242860147802,36.4999999969748,8.52970259467623));
#2773=CARTESIAN_POINT('',(-2.68137600521073,36.4999999969667,8.83282387572645));
#2774=CARTESIAN_POINT('',(-1.80153328971332,36.499999996997,9.05477515988492));
#2775=CARTESIAN_POINT('',(-0.905930146249706,36.4999999968839,9.18820897348849));
#2776=CARTESIAN_POINT('',(0.000401180683452121,36.4999999973058,9.2331624175657));
#2777=CARTESIAN_POINT('',(0.904325423515914,36.499999996884,9.18818118643374));
#2778=CARTESIAN_POINT('',(-2.16801264360067E-11,36.4999999969731,9.21817330513224));
#2779=CARTESIAN_POINT('',(8.69693194960283,27.4999999969731,7.10923490505928));
#2780=CARTESIAN_POINT('',(9.20847311606036,25.530604710849,7.10923490505928));
#2781=CARTESIAN_POINT('',(10.149058971949,21.578587946624,7.10923490505927));
#2782=CARTESIAN_POINT('',(11.2942394484623,15.6079648985678,7.1092349050593));
#2783=CARTESIAN_POINT('',(12.1276837823861,9.58736296393844,7.10923490505926));
#2784=CARTESIAN_POINT('',(12.4467478768163,5.5357011429656,7.10923490505929));
#2785=CARTESIAN_POINT('',(12.5447157445531,3.4999999969731,7.10923490505929));
#2786=CARTESIAN_POINT('',(8.6969319495613,27.4999999969731,7.10923490505928));
#2787=CARTESIAN_POINT('',(12.5447157445531,3.4999999969731,7.10923490505928));
#2788=CARTESIAN_POINT('',(9.7826602778778,30.5624999969731,4.04673490511042));
#2789=CARTESIAN_POINT('',(9.70259446056708,30.5624999969731,4.24255675046023));
#2790=CARTESIAN_POINT('',(9.5809123987725,30.5345674422691,4.53064958549399));
#2791=CARTESIAN_POINT('',(9.41666213026186,30.4449903701063,4.90344941184657));
#2792=CARTESIAN_POINT('',(9.25058925002544,30.3187476435953,5.27135531317559));
#2793=CARTESIAN_POINT('',(9.09036958389181,30.1422137206674,5.61614379803073));
#2794=CARTESIAN_POINT('',(8.94241305252163,29.917579947775,5.93450468394907));
#2795=CARTESIAN_POINT('',(8.80362394479442,29.6557086480226,6.23807517304551));
#2796=CARTESIAN_POINT('',(8.69050936996053,29.3514913911887,6.50141356803776));
#2797=CARTESIAN_POINT('',(8.6125859444455,28.9981721728708,6.723931457469));
#2798=CARTESIAN_POINT('',(8.5772509587607,28.7179874212989,6.86231740836729));
#2799=CARTESIAN_POINT('',(8.56640247163466,28.4261121863301,6.97153736593734));
#2800=CARTESIAN_POINT('',(8.58752307842761,28.0152137155018,7.07853406017455));
#2801=CARTESIAN_POINT('',(8.64355257271741,27.7055066111526,7.10923490511042));
#2802=CARTESIAN_POINT('',(8.6969319495613,27.4999999969731,7.10923490511042));
#2803=CARTESIAN_POINT('',(9.7826602778778,30.5624999969731,4.04673490511042));
#2804=CARTESIAN_POINT('',(9.78266027787782,30.5624999969731,-3.95326509499189));
#2805=CARTESIAN_POINT('',(9.91313151754065,30.5624999969731,-3.6341636385401));
#2806=CARTESIAN_POINT('',(10.1407041437524,30.5624999969731,-2.988550191503));
#2807=CARTESIAN_POINT('',(10.3857413677668,30.5624999969731,-1.99844665577802));
#2808=CARTESIAN_POINT('',(10.5348503134978,30.5624999969731,-0.987637559526604));
#2809=CARTESIAN_POINT('',(10.5856403581086,30.5624999969731,0.0476738469276436));
#2810=CARTESIAN_POINT('',(10.5356475046633,30.5624999969731,1.06787719407067));
#2811=CARTESIAN_POINT('',(10.3401320442121,30.5624999969731,2.41293059467904));
#2812=CARTESIAN_POINT('',(10.0435986875573,30.5624999969731,3.40854194558841));
#2813=CARTESIAN_POINT('',(9.7826602778778,30.5624999969731,4.04673490511042));
#2814=CARTESIAN_POINT('',(9.78266027787782,30.5624999969731,-3.95326509499189));
#2815=CARTESIAN_POINT('',(8.69693194956138,27.4999999969731,-7.01576509499189));
#2816=CARTESIAN_POINT('',(8.6437307249953,27.7048207381884,-7.01576509499189));
#2817=CARTESIAN_POINT('',(8.58817182105164,28.0109390021239,-6.98563910332937));
#2818=CARTESIAN_POINT('',(8.56640117873558,28.4215462359794,-6.87955602536193));
#2819=CARTESIAN_POINT('',(8.57698876506147,28.7150878273085,-6.77013746777368));
#2820=CARTESIAN_POINT('',(8.61210790058786,28.9952538492489,-6.6320568638202));
#2821=CARTESIAN_POINT('',(8.67015678879309,29.2599551216287,-6.46583980800827));
#2822=CARTESIAN_POINT('',(8.74581508777396,29.4997366784183,-6.27935237118098));
#2823=CARTESIAN_POINT('',(8.86829402379475,29.7931953424814,-6.00039513311153));
#2824=CARTESIAN_POINT('',(9.04851409891464,30.0960831389298,-5.61279945985506));
#2825=CARTESIAN_POINT('',(9.29129534424002,30.3632212263893,-5.09022152744329));
#2826=CARTESIAN_POINT('',(9.53825590030359,30.5245777942549,-4.53815476547531));
#2827=CARTESIAN_POINT('',(9.7027553118415,30.5624999969731,-4.1486935365842));
#2828=CARTESIAN_POINT('',(9.78266027787783,30.5624999969731,-3.95326509499189));
#2829=CARTESIAN_POINT('',(8.69693194956138,27.4999999969731,-7.01576509494075));
#2830=CARTESIAN_POINT('',(12.5447157445532,3.49999999697308,-7.01576509494075));
#2831=CARTESIAN_POINT('',(12.4467478768164,5.53570114296558,-7.01576509494075));
#2832=CARTESIAN_POINT('',(12.1276837823861,9.58736296393841,-7.01576509494074));
#2833=CARTESIAN_POINT('',(11.2942394484623,15.6079648985678,-7.01576509494074));
#2834=CARTESIAN_POINT('',(10.149058971949,21.578587946624,-7.01576509494076));
#2835=CARTESIAN_POINT('',(9.20847311606044,25.530604710849,-7.01576509494075));
#2836=CARTESIAN_POINT('',(8.69693194960291,27.4999999969731,-7.01576509494075));
#2837=CARTESIAN_POINT('',(12.5447157445532,3.49999999697308,-7.0157650949919));
#2838=CARTESIAN_POINT('',(13.9213199634714,0.437499996973084,-3.9532650949919));
#2839=CARTESIAN_POINT('',(13.8629879982576,0.437499996973084,-4.15626169277975));
#2840=CARTESIAN_POINT('',(13.7698283347834,0.467495910175983,-4.45369369825239));
#2841=CARTESIAN_POINT('',(13.6355899265225,0.562563442672306,-4.83649469927387));
#2842=CARTESIAN_POINT('',(13.494086606319,0.695995707607815,-5.21217595570925));
#2843=CARTESIAN_POINT('',(13.3143659785866,0.92364982246879,-5.64367144130418));
#2844=CARTESIAN_POINT('',(13.0960567328655,1.29802335920988,-6.10891719533063));
#2845=CARTESIAN_POINT('',(12.8966825382258,1.74905881536334,-6.48965503935464));
#2846=CARTESIAN_POINT('',(12.723296700016,2.2851197698412,-6.78649310278189));
#2847=CARTESIAN_POINT('',(12.5992304641177,2.8665740104093,-6.97084295359572));
#2848=CARTESIAN_POINT('',(12.5548880144741,3.28862761465661,-7.0157650949919));
#2849=CARTESIAN_POINT('',(12.5447157445244,3.49999999697308,-7.0157650949919));
#2850=CARTESIAN_POINT('',(13.9213199634714,0.437499996973091,-3.9532650949919));
#2851=CARTESIAN_POINT('',(13.9213199634861,0.437499996973099,4.04673490505928));
#2852=CARTESIAN_POINT('',(14.1092478962665,0.437499996973098,3.3927413211913));
#2853=CARTESIAN_POINT('',(14.3888054752528,0.437499996973102,2.07354298976291));
#2854=CARTESIAN_POINT('',(14.5079944342389,0.43749999697309,0.401181079368526));
#2855=CARTESIAN_POINT('',(14.4617429089967,0.437499996973092,-0.95740015218028));
#2856=CARTESIAN_POINT('',(14.3201344251755,0.43749999697309,-2.3066860654348));
#2857=CARTESIAN_POINT('',(14.1092505331582,0.437499996973091,-3.29926233463711));
#2858=CARTESIAN_POINT('',(13.9213199634714,0.437499996973091,-3.9532650949919));
#2859=CARTESIAN_POINT('',(13.9213199634861,0.437499996921952,4.04673490505928));
#2860=CARTESIAN_POINT('',(12.5447157445531,3.4999999969731,7.10923490505928));
#2861=CARTESIAN_POINT('',(12.5548727938466,3.28894388879911,7.1092349050628));
#2862=CARTESIAN_POINT('',(12.5974824921482,2.87735787041814,7.0666756968796));
#2863=CARTESIAN_POINT('',(12.7238093015102,2.28275704967111,6.87912785177812));
#2864=CARTESIAN_POINT('',(12.8659277215569,1.84326938941349,6.63600463407325));
#2865=CARTESIAN_POINT('',(12.9963422671532,1.52389393763723,6.3927331642588));
#2866=CARTESIAN_POINT('',(13.0984445964167,1.30762141520165,6.19173667844038));
#2867=CARTESIAN_POINT('',(13.2044427685351,1.11183236302365,5.97157533166123));
#2868=CARTESIAN_POINT('',(13.3502128230097,0.878367922527463,5.65100874905519));
#2869=CARTESIAN_POINT('',(13.5296089232481,0.650902681134158,5.22044142468269));
#2870=CARTESIAN_POINT('',(13.7387868856308,0.477003748870561,4.64670374161805));
#2871=CARTESIAN_POINT('',(13.8630601448228,0.437499996921955,4.24948043117647));
#2872=CARTESIAN_POINT('',(13.9213199634869,0.437499996921955,4.04673490505928));
#2873=CARTESIAN_POINT('',(0.,-42.1250000030269,1.54673490505922));
#2874=CARTESIAN_POINT('',(4.59999999999947,36.4999999969731,0.0467349050592163));
#2875=CARTESIAN_POINT('',(0.,-42.5000000030269,1.54673490505922));
#2876=CARTESIAN_POINT('',(23.,27.4999999969731,7.10923490505928));
#2877=CARTESIAN_POINT('',(23.,27.4999999969731,7.10923490505928));
#2878=CARTESIAN_POINT('',(23.,3.4999999969731,7.10923490505928));
#2879=CARTESIAN_POINT('',(23.,3.49999999692195,4.04673490505928));
#2880=CARTESIAN_POINT('',(23.,0.437499996921952,4.04673490505928));
#2881=CARTESIAN_POINT('',(23.,0.437499996973099,4.04673490505928));
#2882=CARTESIAN_POINT('',(23.,0.437499996973091,-3.9532650949919));
#2883=CARTESIAN_POINT('',(23.,3.49999999697308,-3.9532650949919));
#2884=CARTESIAN_POINT('',(23.,3.49999999697308,-7.0157650949919));
#2885=CARTESIAN_POINT('',(23.,3.49999999697308,-7.01576509494075));
#2886=CARTESIAN_POINT('',(23.,27.4999999969731,-7.01576509494075));
#2887=CARTESIAN_POINT('',(23.,27.4999999969731,-3.95326509499189));
#2888=CARTESIAN_POINT('',(23.,30.5624999969731,-3.95326509499189));
#2889=CARTESIAN_POINT('',(23.,30.5624999969731,-3.9532650949919));
#2890=CARTESIAN_POINT('',(23.,30.5624999969731,4.04673490511042));
#2891=CARTESIAN_POINT('',(23.,27.4999999969731,4.04673490511042));
#2892=CARTESIAN_POINT('',(-2.56250000000014,-19.,22.));
#2893=CARTESIAN_POINT('',(-2.56250000000014,-19.,22.));
#2894=CARTESIAN_POINT('',(-2.56250000000015,-21.9999999999997,22.));
#2895=CARTESIAN_POINT('',(-1.50000000000015,-22.0000000000682,22.));
#2896=CARTESIAN_POINT('',(-1.49999999999985,-23.0625000000682,22.));
#2897=CARTESIAN_POINT('',(-1.49999999999985,-23.0625,22.));
#2898=CARTESIAN_POINT('',(1.49999999999985,-23.0625,22.));
#2899=CARTESIAN_POINT('',(1.49999999999985,-22.0000000000682,22.));
#2900=CARTESIAN_POINT('',(2.56249999999985,-22.0000000000682,22.));
#2901=CARTESIAN_POINT('',(2.56249999999985,-21.9999999999997,22.));
#2902=CARTESIAN_POINT('',(2.56249999999986,-19.,22.));
#2903=CARTESIAN_POINT('',(1.49999999999986,-18.9999999999318,22.));
#2904=CARTESIAN_POINT('',(1.49999999999985,-17.9374999999318,22.));
#2905=CARTESIAN_POINT('',(1.49999999999985,-17.9375,22.));
#2906=CARTESIAN_POINT('',(-1.49999999999985,-17.9375,22.));
#2907=CARTESIAN_POINT('',(-1.50000000006834,-19.,22.));
#2908=CARTESIAN_POINT('',(0.147021099925041,-3.,126.910125732422));
#2909=CARTESIAN_POINT('',(0.,0.,0.));
#2910=CARTESIAN_POINT('',(-31.642248124776,-31.642248124776,126.910125732422));
#2911=CARTESIAN_POINT('',(0.147021099925041,-46.7375869750977,0.));
#2912=CARTESIAN_POINT('',(0.,0.,0.));
#2913=CARTESIAN_POINT('',(-11.6529891943959,-11.6529891943959,46.7375869750977));
#2914=CARTESIAN_POINT('',(78.2953567504883,-3.,0.));
#2915=CARTESIAN_POINT('',(0.,0.,0.));
#2916=CARTESIAN_POINT('',(-19.521224890599,-19.521224890599,78.2953567504883));
#2917=CARTESIAN_POINT('',(0.147021099925041,46.7375869750977,0.));
#2918=CARTESIAN_POINT('',(0.,0.,0.));
#2919=CARTESIAN_POINT('',(-11.6529891943959,-11.6529891943959,46.7375869750977));
#2920=CARTESIAN_POINT('',(0.147021099925041,-3.,-126.910125732422));
#2921=CARTESIAN_POINT('',(0.,0.,0.));
#2922=CARTESIAN_POINT('',(-31.642248124776,-31.642248124776,126.910125732422));
#2923=CARTESIAN_POINT('',(-78.2953567504883,-3.,0.));
#2924=CARTESIAN_POINT('',(0.,0.,0.));
#2925=CARTESIAN_POINT('',(-19.521224890599,-19.521224890599,78.2953567504883));
#2926=CARTESIAN_POINT('',(62.2062116066615,-65.0591904918353,62.0591904918353));
#2927=CARTESIAN_POINT('',(0.,0.,0.));
#2928=CARTESIAN_POINT('',(-27.2531973495021,-27.2531973495021,109.306604530657));
#2929=CARTESIAN_POINT('',(61.4830159276165,-52.9177666767011,32.0316790731895));
#2930=CARTESIAN_POINT('',(0.,0.,0.));
#2931=CARTESIAN_POINT('',(-21.737228072635,-21.737228072635,87.1832600798168));
#2932=MECHANICAL_DESIGN_GEOMETRIC_PRESENTATION_REPRESENTATION('',(#460),
#2933);
#2933=(
GEOMETRIC_REPRESENTATION_CONTEXT(3)
GLOBAL_UNCERTAINTY_ASSIGNED_CONTEXT((#2934))
GLOBAL_UNIT_ASSIGNED_CONTEXT((#2937,#2936,#2935))
REPRESENTATION_CONTEXT('Hull Body Shell','TOP_LEVEL_ASSEMBLY_PART')
);
#2934=UNCERTAINTY_MEASURE_WITH_UNIT(LENGTH_MEASURE(0.000196850393700787),
#2937,'DISTANCE_ACCURACY_VALUE','Maximum Tolerance applied to model');
#2935=(
NAMED_UNIT(*)
SI_UNIT($,.STERADIAN.)
SOLID_ANGLE_UNIT()
);
#2936=(
NAMED_UNIT(*)
PLANE_ANGLE_UNIT()
SI_UNIT($,.RADIAN.)
);
#2937=(
CONVERSION_BASED_UNIT('INCH',#2939)
LENGTH_UNIT()
NAMED_UNIT(#2938)
);
#2938=DIMENSIONAL_EXPONENTS(1.,0.,0.,0.,0.,0.,0.);
#2939=LENGTH_MEASURE_WITH_UNIT(LENGTH_MEASURE(25.4),#2940);
#2940=(
LENGTH_UNIT()
NAMED_UNIT(*)
SI_UNIT(.MILLI.,.METRE.)
);
#2941=PRODUCT_DEFINITION_SHAPE('','',#2942);
#2942=PRODUCT_DEFINITION('','',#2944,#2943);
#2943=PRODUCT_DEFINITION_CONTEXT('',#2950,'design');
#2944=PRODUCT_DEFINITION_FORMATION_WITH_SPECIFIED_SOURCE('','',#2946,
 .NOT_KNOWN.);
#2945=PRODUCT_RELATED_PRODUCT_CATEGORY('','',(#2946));
#2946=PRODUCT('Hull Body Shell','Hull Body Shell','Hull Body Shell',(#2948));
#2947=PRODUCT_CATEGORY('','');
#2948=PRODUCT_CONTEXT('',#2950,'mechanical');
#2949=APPLICATION_PROTOCOL_DEFINITION('international standard',
'ap242_managed_model_based_3d_engineering',2020,#2950);
#2950=APPLICATION_CONTEXT('managed model based 3d engineering');
ENDSEC;
END-ISO-10303-21;
